template_name,question_id,image_id,question,ground_truth,prediction,vqa_score,prompt,retrieved_questions,retrieved_answers,candidate_answers,best_question_matched_answer,best_question_match_score,prompt_chars
current_prompt,2529010,2529,Is there snow on the ground?,no|no|no,no,1.0,"Q: Is there a blue car? A: no
Q: Are the street lights turned on? A: no
Q: What color is the building with the clock on it? A: white
Q: Is there snow on the ground? A:",Is there a blue car? || Are the street lights turned on? || What color is the building with the clock on it?,no || no || white,"no, white",no,0.0,167
current_prompt,2532000,2532,Is the skier going downhill?,no|no|yes,yes,1.0,"Q: What weather conditions appear in this scene? A: cloudy
Q: What color is the backpack? A: red
Q: Does the shadow fall to the skiers left or to the right? A: left
Q: Is the skier going downhill? A:",What weather conditions appear in this scene? || What color is the backpack? || Does the shadow fall to the skiers left or to the right?,cloudy || red || left,"cloudy, red, left",cloudy,0.0,199
current_prompt,2532001,2532,How do you know this skier is not alone on the mountain?,someone had to take photo|tracks|other ski tracks and footprints,not alone,0.0,"Q: What weather conditions appear in this scene? A: cloudy
Q: What color is the backpack? A: red
Q: Does the shadow fall to the skiers left or to the right? A: left
Q: How do you know this skier is not alone on the mountain? A:",What weather conditions appear in this scene? || What color is the backpack? || Does the shadow fall to the skiers left or to the right?,cloudy || red || left,"cloudy, red, left",cloudy,0.0,227
current_prompt,2532002,2532,How cold is it?,cold|15 degrees|freezing,cold,1.0,"Q: What weather conditions appear in this scene? A: cloudy
Q: What color is the backpack? A: red
Q: Does the shadow fall to the skiers left or to the right? A: left
Q: How cold is it? A:",What weather conditions appear in this scene? || What color is the backpack? || Does the shadow fall to the skiers left or to the right?,cloudy || red || left,"cloudy, red, left",cloudy,0.0,186
current_prompt,2532003,2532,Is it a sunny or cloudy day?,sunny|cloudy|cloudy,sunny,1.0,"Q: What weather conditions appear in this scene? A: cloudy
Q: What color is the backpack? A: red
Q: Does the shadow fall to the skiers left or to the right? A: left
Q: Is it a sunny or cloudy day? A:",What weather conditions appear in this scene? || What color is the backpack? || Does the shadow fall to the skiers left or to the right?,cloudy || red || left,"cloudy, red, left",left,0.1111,199
current_prompt,2532004,2532,What color is the sky?,blue|blue|blue,blue,1.0,"Q: What weather conditions appear in this scene? A: cloudy
Q: What color is the backpack? A: red
Q: Does the shadow fall to the skiers left or to the right? A: left
Q: What color is the sky? A:",What weather conditions appear in this scene? || What color is the backpack? || Does the shadow fall to the skiers left or to the right?,cloudy || red || left,"cloudy, red, left",red,0.3333,193
current_prompt,395749000,395749,What filter is being used in this image?,black and white|black & white|black and white,black and white,1.0,"Q: How many people are on the bench? A: 4
Q: Is the man alone on the bench? A: yes
Q: Are they on the beach? A: no
Q: What filter is being used in this image? A:",How many people are on the bench? || Is the man alone on the bench? || Are they on the beach?,4 || yes || no,"4, yes, no",4,0.0,161
current_prompt,395749001,395749,Are all the people elderly?,no|yes|no,no,1.0,"Q: How many people are on the bench? A: 4
Q: Is the man alone on the bench? A: yes
Q: Are they on the beach? A: no
Q: Are all the people elderly? A:",How many people are on the bench? || Is the man alone on the bench? || Are they on the beach?,4 || yes || no,"4, yes, no",4,0.2,148
current_prompt,395749002,395749,How many people can be seen?,4|4|4,3,0.0,"Q: How many people are on the bench? A: 4
Q: Is the man alone on the bench? A: yes
Q: Are they on the beach? A: no
Q: How many people can be seen? A:",How many people are on the bench? || Is the man alone on the bench? || Are they on the beach?,4 || yes || no,"4, yes, no",4,0.5,149
current_prompt,395749003,395749,What ocean might this be?,atlantic|antarctic|atlantic,ocean,0.0,"Q: How many people are on the bench? A: 4
Q: Is the man alone on the bench? A: yes
Q: Are they on the beach? A: no
Q: What ocean might this be? A:",How many people are on the bench? || Is the man alone on the bench? || Are they on the beach?,4 || yes || no,"4, yes, no",4,0.0,146
current_prompt,395749004,395749,How many people are in the photo?,4|4|4,3,0.0,"Q: How many people are on the bench? A: 4
Q: Is the man alone on the bench? A: yes
Q: Are they on the beach? A: no
Q: How many people are in the photo? A:",How many people are on the bench? || Is the man alone on the bench? || Are they on the beach?,4 || yes || no,"4, yes, no",4,0.5,154
current_prompt,395752000,395752,What color are the mums in the front of the photo?,"pink|red|pink, red, yellow",red,0.6667,"Q: Which route is the red bus running? A: special
Q: How many levels is the bus? A: 1
Q: Does the train carry passengers? A: yes
Q: What color are the mums in the front of the photo? A:",Which route is the red bus running? || How many levels is the bus? || Does the train carry passengers?,special || 1 || yes,"special, 1, yes",special,0.0,185
current_prompt,395752001,395752,Can a mail truck fit behind the bus to pick up the mail?,yes|yes|yes,yes,1.0,"Q: Which route is the red bus running? A: special
Q: How many levels is the bus? A: 1
Q: Does the train carry passengers? A: yes
Q: Can a mail truck fit behind the bus to pick up the mail? A:",Which route is the red bus running? || How many levels is the bus? || Does the train carry passengers?,special || 1 || yes,"special, 1, yes",1,0.1111,191
current_prompt,395752002,395752,"What  ""Over the Rainbow"" singer sang about this vehicle?",judy garland|judy garland|train,Judy Garland,1.0,"Q: Which route is the red bus running? A: special
Q: How many levels is the bus? A: 1
Q: Does the train carry passengers? A: yes
Q: What  ""Over the Rainbow"" singer sang about this vehicle? A:",Which route is the red bus running? || How many levels is the bus? || Does the train carry passengers?,special || 1 || yes,"special, 1, yes",special,0.0,191
current_prompt,395752003,395752,What color are the hubcaps?,red|red|red,red,1.0,"Q: Which route is the red bus running? A: special
Q: How many levels is the bus? A: 1
Q: Does the train carry passengers? A: yes
Q: What color are the hubcaps? A:",Which route is the red bus running? || How many levels is the bus? || Does the train carry passengers?,special || 1 || yes,"special, 1, yes",special,0.0,162
current_prompt,395752004,395752,Is someone getting on this street car?,yes|yes|yes,yes,1.0,"Q: Which route is the red bus running? A: special
Q: How many levels is the bus? A: 1
Q: Does the train carry passengers? A: yes
Q: Is someone getting on this street car? A:",Which route is the red bus running? || How many levels is the bus? || Does the train carry passengers?,special || 1 || yes,"special, 1, yes",special,0.0,173
current_prompt,264683000,264683,Is this airplane inside?,yes|yes|yes,yes,1.0,"Q: What is hanging? A: planes
Q: What is the ID number of the plane? A: 0230
Q: What number is on the side? A: 23
Q: Is this airplane inside? A:",What is hanging? || What is the ID number of the plane? || What number is on the side?,planes || 0230 || 23,"planes, 0230, 23",planes,0.0,144
current_prompt,264683001,264683,What airline does the plane fly for?,air france|air france|air france,Air France,1.0,"Q: What is hanging? A: planes
Q: What is the ID number of the plane? A: 0230
Q: What number is on the side? A: 23
Q: What airline does the plane fly for? A:",What is hanging? || What is the ID number of the plane? || What number is on the side?,planes || 0230 || 23,"planes, 0230, 23",0230,0.2,156
current_prompt,264683002,264683,Are there planes hanging?,yes|yes|yes,yes,1.0,"Q: What is hanging? A: planes
Q: What is the ID number of the plane? A: 0230
Q: What number is on the side? A: 23
Q: Are there planes hanging? A:",What is hanging? || What is the ID number of the plane? || What number is on the side?,planes || 0230 || 23,"planes, 0230, 23",planes,0.5,145
current_prompt,264686000,264686,How many side tables are there?,2|2|2,2,1.0,"Q: What light source is here? A: sun
Q: Is there a Turkish style rug on the floor? A: no
Q: Is the room messy? A: no
Q: How many side tables are there? A:",What light source is here? || Is there a Turkish style rug on the floor? || Is the room messy?,sun || no || no,"sun, no",sun,0.0,154
current_prompt,264686001,264686,How many windows are on the wall?,3|3|3,3,1.0,"Q: What light source is here? A: sun
Q: Is there a Turkish style rug on the floor? A: no
Q: Is the room messy? A: no
Q: How many windows are on the wall? A:",What light source is here? || Is there a Turkish style rug on the floor? || Is the room messy?,sun || no || no,"sun, no",sun,0.0,156
current_prompt,264686002,264686,Is the TV a tube or flat screen?,tube|tube|tube,flat screen,0.0,"Q: What light source is here? A: sun
Q: Is there a Turkish style rug on the floor? A: no
Q: Is the room messy? A: no
Q: Is the TV a tube or flat screen? A:",What light source is here? || Is there a Turkish style rug on the floor? || Is the room messy?,sun || no || no,"sun, no",sun,0.0,155
current_prompt,133619000,133619,What type of truck is it?,fire engine|fire truck|service truck,fire truck,1.0,"Q: Do you see a firefighter in the picture? A: no
Q: Is this a fire truck? A: yes
Q: How many headlights are on the truck? A: 8
Q: What type of truck is it? A:",Do you see a firefighter in the picture? || Is this a fire truck? || How many headlights are on the truck?,no || yes || 8,"no, yes, 8",yes,0.3333,159
current_prompt,133619001,133619,What time of day is it?,night|night|night,night,1.0,"Q: Do you see a firefighter in the picture? A: no
Q: Is this a fire truck? A: yes
Q: How many headlights are on the truck? A: 8
Q: What time of day is it? A:",Do you see a firefighter in the picture? || Is this a fire truck? || How many headlights are on the truck?,no || yes || 8,"no, yes, 8",no,0.0,157
current_prompt,133619002,133619,What color is the light above the hood of the truck?,yellow|blue|blue,red,0.0,"Q: Do you see a firefighter in the picture? A: no
Q: Is this a fire truck? A: yes
Q: How many headlights are on the truck? A: 8
Q: What color is the light above the hood of the truck? A:",Do you see a firefighter in the picture? || Is this a fire truck? || How many headlights are on the truck?,no || yes || 8,"no, yes, 8",yes,0.1667,186
current_prompt,133620000,133620,Why does the woman have her hair up?,uniform|on duty|uniform,to keep it out of her face,0.0,"Q: What color is the boys sweatshirt? A: blue
Q: Does she have a wrist watch? A: yes
Q: What is the woman reading? A: book
Q: Why does the woman have her hair up? A:",What color is the boys sweatshirt? || Does she have a wrist watch? || What is the woman reading?,blue || yes || book,"blue, yes, book",book,0.2,165
current_prompt,133620001,133620,Is she wearing glasses?,yes|yes|yes,yes,1.0,"Q: What color is the boys sweatshirt? A: blue
Q: Does she have a wrist watch? A: yes
Q: What is the woman reading? A: book
Q: Is she wearing glasses? A:",What color is the boys sweatshirt? || Does she have a wrist watch? || What is the woman reading?,blue || yes || book,"blue, yes, book",yes,0.2,152
current_prompt,133620002,133620,What is she wearing on her head?,hat|helmet|hat,hat,1.0,"Q: What color is the boys sweatshirt? A: blue
Q: Does she have a wrist watch? A: yes
Q: What is the woman reading? A: book
Q: What is she wearing on her head? A:",What color is the boys sweatshirt? || Does she have a wrist watch? || What is the woman reading?,blue || yes || book,"blue, yes, book",yes,0.1667,161
current_prompt,133620003,133620,Is the woman happy?,yes|yes|yes,yes,1.0,"Q: What color is the boys sweatshirt? A: blue
Q: Does she have a wrist watch? A: yes
Q: What is the woman reading? A: book
Q: Is the woman happy? A:",What color is the boys sweatshirt? || Does she have a wrist watch? || What is the woman reading?,blue || yes || book,"blue, yes, book",book,0.3333,148
current_prompt,526837000,526837,Is this man dressed for the weather?,yes|yes|yes,yes,1.0,"Q: What are the long sticks under the person's feet? A: skis
Q: Is this a winter landscape? A: yes
Q: Is it cold? A: yes
Q: Is this man dressed for the weather? A:",What are the long sticks under the person's feet? || Is this a winter landscape? || Is it cold?,skis || yes || yes,"skis, yes",skis,0.0,163
current_prompt,526837001,526837,What is this man holding?,ski pole|ski poles|poles,skis,0.3333,"Q: What are the long sticks under the person's feet? A: skis
Q: Is this a winter landscape? A: yes
Q: Is it cold? A: yes
Q: What is this man holding? A:",What are the long sticks under the person's feet? || Is this a winter landscape? || Is it cold?,skis || yes || yes,"skis, yes",skis,0.0,152
current_prompt,526837002,526837,What is covering the ground?,snow|snow|snow,snow,1.0,"Q: What are the long sticks under the person's feet? A: skis
Q: Is this a winter landscape? A: yes
Q: Is it cold? A: yes
Q: What is covering the ground? A:",What are the long sticks under the person's feet? || Is this a winter landscape? || Is it cold?,skis || yes || yes,"skis, yes",skis,0.0,155
current_prompt,133622000,133622,Are these vegetables or fruits?,vegetables|vegetables|vegetables,vegetables,1.0,"Q: What kind of fish is in the image? A: cod
Q: What color is the plate? A: white
Q: Is this a balanced meal? A: yes
Q: Are these vegetables or fruits? A:",What kind of fish is in the image? || What color is the plate? || Is this a balanced meal?,cod || white || yes,"cod, white, yes",cod,0.0,154
current_prompt,133622001,133622,What is the yellow topping?,cheese|glaze|cheese,cheese,1.0,"Q: What kind of fish is in the image? A: cod
Q: What color is the plate? A: white
Q: Is this a balanced meal? A: yes
Q: What is the yellow topping? A:",What kind of fish is in the image? || What color is the plate? || Is this a balanced meal?,cod || white || yes,"cod, white, yes",cod,0.0,150
current_prompt,133622002,133622,Is this a high class dish?,yes|yes|no,no,1.0,"Q: What kind of fish is in the image? A: cod
Q: What color is the plate? A: white
Q: Is this a balanced meal? A: yes
Q: Is this a high class dish? A:",What kind of fish is in the image? || What color is the plate? || Is this a balanced meal?,cod || white || yes,"cod, white, yes",cod,0.0,149
current_prompt,133622003,133622,What is the long thin food with seeds?,broccoli|cake|cheese,broccoli,1.0,"Q: What kind of fish is in the image? A: cod
Q: What color is the plate? A: white
Q: Is this a balanced meal? A: yes
Q: What is the long thin food with seeds? A:",What kind of fish is in the image? || What color is the plate? || Is this a balanced meal?,cod || white || yes,"cod, white, yes",cod,0.0,161
current_prompt,133622004,133622,What is the green topping?,broccoli|broccoli|broccoli,broccoli,1.0,"Q: What kind of fish is in the image? A: cod
Q: What color is the plate? A: white
Q: Is this a balanced meal? A: yes
Q: What is the green topping? A:",What kind of fish is in the image? || What color is the plate? || Is this a balanced meal?,cod || white || yes,"cod, white, yes",cod,0.0,149
current_prompt,133622005,133622,What is the yellow item pictured?,cheese|cake|cheese,broccoli,0.0,"Q: What kind of fish is in the image? A: cod
Q: What color is the plate? A: white
Q: Is this a balanced meal? A: yes
Q: What is the yellow item pictured? A:",What kind of fish is in the image? || What color is the plate? || Is this a balanced meal?,cod || white || yes,"cod, white, yes",cod,0.0,156
current_prompt,133622006,133622,How are the eggs cooked?,scrambled|scramble|omelet,poached,0.0,"Q: What kind of fish is in the image? A: cod
Q: What color is the plate? A: white
Q: Is this a balanced meal? A: yes
Q: How are the eggs cooked? A:",What kind of fish is in the image? || What color is the plate? || Is this a balanced meal?,cod || white || yes,"cod, white, yes",cod,0.0,147
current_prompt,133622007,133622,What vegetable is this?,broccoli|broccoli|broccoli,broccoli,1.0,"Q: What kind of fish is in the image? A: cod
Q: What color is the plate? A: white
Q: Is this a balanced meal? A: yes
Q: What vegetable is this? A:",What kind of fish is in the image? || What color is the plate? || Is this a balanced meal?,cod || white || yes,"cod, white, yes",cod,0.0,146
current_prompt,133622008,133622,What kinds of food are on the plate?,"breakfast|spinach|eggs, spinach",broccoli and cheese,0.0,"Q: What kind of fish is in the image? A: cod
Q: What color is the plate? A: white
Q: Is this a balanced meal? A: yes
Q: What kinds of food are on the plate? A:",What kind of fish is in the image? || What color is the plate? || Is this a balanced meal?,cod || white || yes,"cod, white, yes",white,0.25,159
current_prompt,22271000,22271,Is this a bright and sunny day?,no|no|no,yes,0.0,"Q: What color is the fence? A: orange
Q: Where is the hydrant? A: sidewalk
Q: Why was the train running behind? A: unknown
Q: Is this a bright and sunny day? A:",What color is the fence? || Where is the hydrant? || Why was the train running behind?,orange || sidewalk || unknown,"orange, sidewalk, unknown",orange,0.0,160
current_prompt,22271001,22271,Are there people in the picture?,yes|yes|yes,yes,1.0,"Q: What color is the fence? A: orange
Q: Where is the hydrant? A: sidewalk
Q: Why was the train running behind? A: unknown
Q: Are there people in the picture? A:",What color is the fence? || Where is the hydrant? || Why was the train running behind?,orange || sidewalk || unknown,"orange, sidewalk, unknown",orange,0.0,161
current_prompt,22271002,22271,What is the name of the street sign on the ground?,western ave|western ave|western ave,western,1.0,"Q: What color is the fence? A: orange
Q: Where is the hydrant? A: sidewalk
Q: Why was the train running behind? A: unknown
Q: What is the name of the street sign on the ground? A:",What color is the fence? || Where is the hydrant? || Why was the train running behind?,orange || sidewalk || unknown,"orange, sidewalk, unknown",orange,0.0,179
current_prompt,133629000,133629,Is this a public place?,no|no|no,no,1.0,"Q: What color is the chair? A: purple
Q: What type of computer is on the desk? A: apple
Q: Is there an iPhone on the table? A: yes
Q: Is this a public place? A:",What color is the chair? || What type of computer is on the desk? || Is there an iPhone on the table?,purple || apple || yes,"purple, apple, yes",purple,0.0,160
current_prompt,133629001,133629,What color is the desk?,brown|brown|brown,brown,1.0,"Q: What color is the chair? A: purple
Q: What type of computer is on the desk? A: apple
Q: Is there an iPhone on the table? A: yes
Q: What color is the desk? A:",What color is the chair? || What type of computer is on the desk? || Is there an iPhone on the table?,purple || apple || yes,"purple, apple, yes",purple,0.3333,160
current_prompt,133629002,133629,How many chairs have wheels?,1|1|1,3,0.0,"Q: What color is the chair? A: purple
Q: What type of computer is on the desk? A: apple
Q: Is there an iPhone on the table? A: yes
Q: How many chairs have wheels? A:",What color is the chair? || What type of computer is on the desk? || Is there an iPhone on the table?,purple || apple || yes,"purple, apple, yes",purple,0.0,165
current_prompt,133629003,133629,Is this chair in the way of people who might walk through?,no|no|no,no,1.0,"Q: What color is the chair? A: purple
Q: What type of computer is on the desk? A: apple
Q: Is there an iPhone on the table? A: yes
Q: Is this chair in the way of people who might walk through? A:",What color is the chair? || What type of computer is on the desk? || Is there an iPhone on the table?,purple || apple || yes,"purple, apple, yes",purple,0.1429,195
current_prompt,133629004,133629,Can these items be used to make food?,no|no|no,yes,0.0,"Q: What color is the chair? A: purple
Q: What type of computer is on the desk? A: apple
Q: Is there an iPhone on the table? A: yes
Q: Can these items be used to make food? A:",What color is the chair? || What type of computer is on the desk? || Is there an iPhone on the table?,purple || apple || yes,"purple, apple, yes",purple,0.0,174
current_prompt,133629005,133629,What do people do here?,work|work|office work,work,1.0,"Q: What color is the chair? A: purple
Q: What type of computer is on the desk? A: apple
Q: Is there an iPhone on the table? A: yes
Q: What do people do here? A:",What color is the chair? || What type of computer is on the desk? || Is there an iPhone on the table?,purple || apple || yes,"purple, apple, yes",purple,0.0,160
current_prompt,133629006,133629,What color is the lampshade?,off white|white|white,purple,0.0,"Q: What color is the chair? A: purple
Q: What type of computer is on the desk? A: apple
Q: Is there an iPhone on the table? A: yes
Q: What color is the lampshade? A:",What color is the chair? || What type of computer is on the desk? || Is there an iPhone on the table?,purple || apple || yes,"purple, apple, yes",purple,0.3333,165
current_prompt,133629007,133629,What type of computer is on the desk?,mac|laptop|laptop,apple,0.6667,"Q: What color is the chair? A: purple
Q: What type of computer is on the desk? A: apple
Q: Is there an iPhone on the table? A: yes
Q: What type of computer is on the desk? A:",What color is the chair? || What type of computer is on the desk? || Is there an iPhone on the table?,purple || apple || yes,"purple, apple, yes",apple,1.0,174
current_prompt,133631000,133631,"Which is longer, the Elephant's tusks or the Elephant's trunk?",trunk|trunk|trunk,trunk,1.0,"Q: How many elephants are there? A: 1
Q: Are the elephants drinking water? A: no
Q: Has the elephant relieved itself recently? A: yes
Q: Which is longer, the Elephant's tusks or the Elephant's trunk? A:",How many elephants are there? || Are the elephants drinking water? || Has the elephant relieved itself recently?,1 || no || yes,"1, no, yes",yes,0.1,202
current_prompt,133631001,133631,Is it sunny out?,yes|yes|yes,yes,1.0,"Q: How many elephants are there? A: 1
Q: Are the elephants drinking water? A: no
Q: Has the elephant relieved itself recently? A: yes
Q: Is it sunny out? A:",How many elephants are there? || Are the elephants drinking water? || Has the elephant relieved itself recently?,1 || no || yes,"1, no, yes",1,0.0,156
current_prompt,133631002,133631,Does the elephant need water?,yes|yes|yes,yes,1.0,"Q: How many elephants are there? A: 1
Q: Are the elephants drinking water? A: no
Q: Has the elephant relieved itself recently? A: yes
Q: Does the elephant need water? A:",How many elephants are there? || Are the elephants drinking water? || Has the elephant relieved itself recently?,1 || no || yes,"1, no, yes",no,0.2,169
current_prompt,2562000,2562,What is the color scheme of the photo?,"white|white and blue|white, blue",blue,0.6667,"Q: What color is the woman's outfit? A: black
Q: What sport is the man most likely playing? A: tennis
Q: How many feet can be seen in this photo? A: 2
Q: What is the color scheme of the photo? A:",What color is the woman's outfit? || What sport is the man most likely playing? || How many feet can be seen in this photo?,black || tennis || 2,"black, tennis, 2",black,0.1667,195
current_prompt,2562001,2562,Are all the men tennis players?,yes|no|no,yes,1.0,"Q: What color is the woman's outfit? A: black
Q: What sport is the man most likely playing? A: tennis
Q: How many feet can be seen in this photo? A: 2
Q: Are all the men tennis players? A:",What color is the woman's outfit? || What sport is the man most likely playing? || How many feet can be seen in this photo?,black || tennis || 2,"black, tennis, 2",black,0.0,188
current_prompt,2562002,2562,Is the man wearing a wristband?,yes|yes|yes,yes,1.0,"Q: What color is the woman's outfit? A: black
Q: What sport is the man most likely playing? A: tennis
Q: How many feet can be seen in this photo? A: 2
Q: Is the man wearing a wristband? A:",What color is the woman's outfit? || What sport is the man most likely playing? || How many feet can be seen in this photo?,black || tennis || 2,"black, tennis, 2",tennis,0.1429,188
current_prompt,2562003,2562,What two brands are shown advertised behind the tennis player?,olympus and wta|olympus and wta|wta and olympus,Nike and Wilson,0.0,"Q: What color is the woman's outfit? A: black
Q: What sport is the man most likely playing? A: tennis
Q: How many feet can be seen in this photo? A: 2
Q: What two brands are shown advertised behind the tennis player? A:",What color is the woman's outfit? || What sport is the man most likely playing? || How many feet can be seen in this photo?,black || tennis || 2,"black, tennis, 2",black,0.0,219
current_prompt,2562004,2562,What sport is being played?,tennis|tennis|tennis,tennis,1.0,"Q: What color is the woman's outfit? A: black
Q: What sport is the man most likely playing? A: tennis
Q: How many feet can be seen in this photo? A: 2
Q: What sport is being played? A:",What color is the woman's outfit? || What sport is the man most likely playing? || How many feet can be seen in this photo?,black || tennis || 2,"black, tennis, 2",tennis,0.1429,184
current_prompt,133636000,133636,What is the number on the left parking meter?,12|12|19,1-2-3,0.0,"Q: What is this a picture of? A: parking meter
Q: When is the meter enforced? A: 9-6 m-f
Q: Does the meter work? A: yes
Q: What is the number on the left parking meter? A:",What is this a picture of? || When is the meter enforced? || Does the meter work?,parking meter || 9-6 m-f || yes,"parking meter, 9-6 m-f, yes",9-6 m-f,0.2,171
current_prompt,133636001,133636,How much time is left?,0 time|expired|0,30 minutes,0.0,"Q: What is this a picture of? A: parking meter
Q: When is the meter enforced? A: 9-6 m-f
Q: Does the meter work? A: yes
Q: How much time is left? A:",What is this a picture of? || When is the meter enforced? || Does the meter work?,parking meter || 9-6 m-f || yes,"parking meter, 9-6 m-f, yes",parking meter,0.0,148
current_prompt,133636002,133636,What number is the parking meter on the right?,13|13|13,2,0.0,"Q: What is this a picture of? A: parking meter
Q: When is the meter enforced? A: 9-6 m-f
Q: Does the meter work? A: yes
Q: What number is the parking meter on the right? A:",What is this a picture of? || When is the meter enforced? || Does the meter work?,parking meter || 9-6 m-f || yes,"parking meter, 9-6 m-f, yes",9-6 m-f,0.2,172
current_prompt,133636003,133636,Is there any cars on the street?,no|no|0,yes,0.0,"Q: What is this a picture of? A: parking meter
Q: When is the meter enforced? A: 9-6 m-f
Q: Does the meter work? A: yes
Q: Is there any cars on the street? A:",What is this a picture of? || When is the meter enforced? || Does the meter work?,parking meter || 9-6 m-f || yes,"parking meter, 9-6 m-f, yes",parking meter,0.0,158
current_prompt,133636004,133636,Are the meters rusted?,no|no|no,no,1.0,"Q: What is this a picture of? A: parking meter
Q: When is the meter enforced? A: 9-6 m-f
Q: Does the meter work? A: yes
Q: Are the meters rusted? A:",What is this a picture of? || When is the meter enforced? || Does the meter work?,parking meter || 9-6 m-f || yes,"parking meter, 9-6 m-f, yes",parking meter,0.0,148
current_prompt,133636005,133636,Is there time remaining on the meter?,yes|yes|no,yes,0.6667,"Q: What is this a picture of? A: parking meter
Q: When is the meter enforced? A: 9-6 m-f
Q: Does the meter work? A: yes
Q: Is there time remaining on the meter? A:",What is this a picture of? || When is the meter enforced? || Does the meter work?,parking meter || 9-6 m-f || yes,"parking meter, 9-6 m-f, yes",9-6 m-f,0.25,163
current_prompt,133636006,133636,How many meters are there?,2|2|2,2,1.0,"Q: What is this a picture of? A: parking meter
Q: When is the meter enforced? A: 9-6 m-f
Q: Does the meter work? A: yes
Q: How many meters are there? A:",What is this a picture of? || When is the meter enforced? || Does the meter work?,parking meter || 9-6 m-f || yes,"parking meter, 9-6 m-f, yes",parking meter,0.0,152
current_prompt,133645000,133645,Is there someone on the bench?,no|no|no,no,1.0,"Q: What color is the two-story house? A: blue
Q: What number of boats are in this harbor? A: 25
Q: Where is word empty? A: boat
Q: Is there someone on the bench? A:",What color is the two-story house? || What number of boats are in this harbor? || Where is word empty?,blue || 25 || boat,"blue, 25, boat",blue,0.0,164
current_prompt,133645001,133645,Are the street lights turned on?,yes|yes|yes,yes,1.0,"Q: What color is the two-story house? A: blue
Q: What number of boats are in this harbor? A: 25
Q: Where is word empty? A: boat
Q: Are the street lights turned on? A:",What color is the two-story house? || What number of boats are in this harbor? || Where is word empty?,blue || 25 || boat,"blue, 25, boat",blue,0.0,166
current_prompt,133645002,133645,Is the water clear?,no|yes|yes,yes,1.0,"Q: What color is the two-story house? A: blue
Q: What number of boats are in this harbor? A: 25
Q: Where is word empty? A: boat
Q: Is the water clear? A:",What color is the two-story house? || What number of boats are in this harbor? || Where is word empty?,blue || 25 || boat,"blue, 25, boat",blue,0.0,153
current_prompt,133645003,133645,What type of boat is in the water?,private|sailboat|pontoon,boat,0.0,"Q: What color is the two-story house? A: blue
Q: What number of boats are in this harbor? A: 25
Q: Where is word empty? A: boat
Q: What type of boat is in the water? A:",What color is the two-story house? || What number of boats are in this harbor? || Where is word empty?,blue || 25 || boat,"blue, 25, boat",blue,0.0,168
current_prompt,264718000,264718,How long is the parking on the street?,12 hours|2 hours|7 spots,2 hours,0.6667,"Q: What color is the curb below the stop sign? A: red
Q: Is there a stop light? A: yes
Q: What is on the picnic table? A: nothing
Q: How long is the parking on the street? A:",What color is the curb below the stop sign? || Is there a stop light? || What is on the picnic table?,red || yes || nothing,"red, yes, nothing",red,0.0,174
current_prompt,264718001,264718,Do you have to pay to park here?,yes|yes|yes,yes,1.0,"Q: What color is the curb below the stop sign? A: red
Q: Is there a stop light? A: yes
Q: What is on the picnic table? A: nothing
Q: Do you have to pay to park here? A:",What color is the curb below the stop sign? || Is there a stop light? || What is on the picnic table?,red || yes || nothing,"red, yes, nothing",red,0.0,168
current_prompt,264718002,264718,Which side of the sign is the road on?,right|left|right,both sides,0.0,"Q: What color is the curb below the stop sign? A: red
Q: Is there a stop light? A: yes
Q: What is on the picnic table? A: nothing
Q: Which side of the sign is the road on? A:",What color is the curb below the stop sign? || Is there a stop light? || What is on the picnic table?,red || yes || nothing,"red, yes, nothing",red,0.125,174
current_prompt,264718003,264718,What does the sign read?,2 hour parking 8am to 8pm|parking|2 hour parking 8am-8pm,no parking,0.0,"Q: What color is the curb below the stop sign? A: red
Q: Is there a stop light? A: yes
Q: What is on the picnic table? A: nothing
Q: What does the sign read? A:",What color is the curb below the stop sign? || Is there a stop light? || What is on the picnic table?,red || yes || nothing,"red, yes, nothing",red,0.1667,160
current_prompt,264718004,264718,What does the sign say?,parking|2 hour parking|2 hour parking,no parking,0.0,"Q: What color is the curb below the stop sign? A: red
Q: Is there a stop light? A: yes
Q: What is on the picnic table? A: nothing
Q: What does the sign say? A:",What color is the curb below the stop sign? || Is there a stop light? || What is on the picnic table?,red || yes || nothing,"red, yes, nothing",red,0.1667,159
current_prompt,264718005,264718,What phone number is on the sign?,0|n/a|0,555-1234,0.0,"Q: What color is the curb below the stop sign? A: red
Q: Is there a stop light? A: yes
Q: What is on the picnic table? A: nothing
Q: What phone number is on the sign? A:",What color is the curb below the stop sign? || Is there a stop light? || What is on the picnic table?,red || yes || nothing,"red, yes, nothing",red,0.1429,169
current_prompt,264718006,264718,What modes of transportation are in the picture?,cars|car|car,cars,1.0,"Q: What color is the curb below the stop sign? A: red
Q: Is there a stop light? A: yes
Q: What is on the picnic table? A: nothing
Q: What modes of transportation are in the picture? A:",What color is the curb below the stop sign? || Is there a stop light? || What is on the picnic table?,red || yes || nothing,"red, yes, nothing",red,0.0,184
current_prompt,264718007,264718,What sign is to the right of the photo?,2 hour parking|parking|2 hour parking,parking sign,0.3333,"Q: What color is the curb below the stop sign? A: red
Q: Is there a stop light? A: yes
Q: What is on the picnic table? A: nothing
Q: What sign is to the right of the photo? A:",What color is the curb below the stop sign? || Is there a stop light? || What is on the picnic table?,red || yes || nothing,"red, yes, nothing",red,0.1429,175
current_prompt,133648000,133648,Is the bat blue?,yes|yes|yes,yes,1.0,"Q: How many people are in this picture? A: 5
Q: What sport are they playing? A: baseball
Q: How many players are in the field? A: 6
Q: Is the bat blue? A:",How many people are in this picture? || What sport are they playing? || How many players are in the field?,5 || baseball || 6,"5, baseball, 6",5,0.0,154
current_prompt,133648001,133648,Is the photo colored?,yes|yes|yes,no,0.0,"Q: How many people are in this picture? A: 5
Q: What sport are they playing? A: baseball
Q: How many players are in the field? A: 6
Q: Is the photo colored? A:",How many people are in this picture? || What sport are they playing? || How many players are in the field?,5 || baseball || 6,"5, baseball, 6",5,0.0,159
current_prompt,133648002,133648,What color is the home plate umpire's shirt?,white|black|black,blue,0.0,"Q: How many people are in this picture? A: 5
Q: What sport are they playing? A: baseball
Q: How many players are in the field? A: 6
Q: What color is the home plate umpire's shirt? A:",How many people are in this picture? || What sport are they playing? || How many players are in the field?,5 || baseball || 6,"5, baseball, 6",5,0.0,182
current_prompt,133648003,133648,Which game are they playing?,baseball|baseball|baseball,baseball,1.0,"Q: How many people are in this picture? A: 5
Q: What sport are they playing? A: baseball
Q: How many players are in the field? A: 6
Q: Which game are they playing? A:",How many people are in this picture? || What sport are they playing? || How many players are in the field?,5 || baseball || 6,"5, baseball, 6",baseball,0.4,166
current_prompt,459182000,459182,What are they carrying?,surfboards|surfboards|surfboards,surfboards,1.0,"Q: Are there any plants? A: no
Q: Where do you play this sport? A: ocean
Q: What are the people caring in their arms? A: surfboards
Q: What are they carrying? A:",Are there any plants? || Where do you play this sport? || What are the people caring in their arms?,no || ocean || surfboards,"no, ocean, surfboards",no,0.0,161
current_prompt,459182001,459182,What is in the foreground?,rocks|rocks|rocks,rocks,1.0,"Q: Are there any plants? A: no
Q: Where do you play this sport? A: ocean
Q: What are the people caring in their arms? A: surfboards
Q: What is in the foreground? A:",Are there any plants? || Where do you play this sport? || What are the people caring in their arms?,no || ocean || surfboards,"no, ocean, surfboards",no,0.0,164
current_prompt,459182002,459182,How many people are there?,2|2|2,two,0.0,"Q: Are there any plants? A: no
Q: Where do you play this sport? A: ocean
Q: What are the people caring in their arms? A: surfboards
Q: How many people are there? A:",Are there any plants? || Where do you play this sport? || What are the people caring in their arms?,no || ocean || surfboards,"no, ocean, surfboards",surfboards,0.2,164
current_prompt,395801000,395801,Is it morning or evening?,evening|morning|morning,morning,1.0,"Q: What color is the front of the store on the left? A: white
Q: Is the road having work done? A: no
Q: How many bus cars can you see? A: 1
Q: Is it morning or evening? A:",What color is the front of the store on the left? || Is the road having work done? || How many bus cars can you see?,white || no || 1,"white, no, 1",white,0.0,171
current_prompt,395801001,395801,How much does parking in the lot cost?,nothing|free|free,$5,0.0,"Q: What color is the front of the store on the left? A: white
Q: Is the road having work done? A: no
Q: How many bus cars can you see? A: 1
Q: How much does parking in the lot cost? A:",What color is the front of the store on the left? || Is the road having work done? || How many bus cars can you see?,white || no || 1,"white, no, 1",white,0.0,184
current_prompt,395801002,395801,What is on the road?,car|car|cars,road,0.0,"Q: What color is the front of the store on the left? A: white
Q: Is the road having work done? A: no
Q: How many bus cars can you see? A: 1
Q: What is on the road? A:",What color is the front of the store on the left? || Is the road having work done? || How many bus cars can you see?,white || no || 1,"white, no, 1",no,0.25,166
current_prompt,395801003,395801,How many people are in the picture?,7|7|11,2,0.0,"Q: What color is the front of the store on the left? A: white
Q: Is the road having work done? A: no
Q: How many bus cars can you see? A: 1
Q: How many people are in the picture? A:",What color is the front of the store on the left? || Is the road having work done? || How many bus cars can you see?,white || no || 1,"white, no, 1",1,0.1429,181
current_prompt,395801004,395801,Do the people know each other?,no|no|no,yes,0.0,"Q: What color is the front of the store on the left? A: white
Q: Is the road having work done? A: no
Q: How many bus cars can you see? A: 1
Q: Do the people know each other? A:",What color is the front of the store on the left? || Is the road having work done? || How many bus cars can you see?,white || no || 1,"white, no, 1",white,0.0,176
current_prompt,395801005,395801,How could you carry things if you were riding this bike?,there is no bike|on my back|backpack,you couldn't,0.0,"Q: What color is the front of the store on the left? A: white
Q: Is the road having work done? A: no
Q: How many bus cars can you see? A: 1
Q: How could you carry things if you were riding this bike? A:",What color is the front of the store on the left? || Is the road having work done? || How many bus cars can you see?,white || no || 1,"white, no, 1",1,0.1,202
current_prompt,395801006,395801,How many people are in this scene?,25|15|9,1,0.0,"Q: What color is the front of the store on the left? A: white
Q: Is the road having work done? A: no
Q: How many bus cars can you see? A: 1
Q: How many people are in this scene? A:",What color is the front of the store on the left? || Is the road having work done? || How many bus cars can you see?,white || no || 1,"white, no, 1",1,0.1429,180
current_prompt,395801007,395801,What time is it?,6:00|6:00|12:30,3:30,0.0,"Q: What color is the front of the store on the left? A: white
Q: Is the road having work done? A: no
Q: How many bus cars can you see? A: 1
Q: What time is it? A:",What color is the front of the store on the left? || Is the road having work done? || How many bus cars can you see?,white || no || 1,"white, no, 1",white,0.0,162
current_prompt,264730000,264730,How many arches are under the clock?,2|2|2,3,0.0,"Q: What kind of numbers are on this clock? A: roman
Q: How many bells? A: 3
Q: Is there a painting over the arch? A: yes
Q: How many arches are under the clock? A:",What kind of numbers are on this clock? || How many bells? || Is there a painting over the arch?,roman || 3 || yes,"roman, 3, yes",3,0.2,163
current_prompt,264730001,264730,What time is it?,10:50|10:49|8:45,night,0.0,"Q: What kind of numbers are on this clock? A: roman
Q: How many bells? A: 3
Q: Is there a painting over the arch? A: yes
Q: What time is it? A:",What kind of numbers are on this clock? || How many bells? || Is there a painting over the arch?,roman || 3 || yes,"roman, 3, yes",roman,0.0,143
current_prompt,264730002,264730,Is a daytime or nighttime scene depicted?,nighttime|nighttime|night,daytime,0.3333,"Q: What kind of numbers are on this clock? A: roman
Q: How many bells? A: 3
Q: Is there a painting over the arch? A: yes
Q: Is a daytime or nighttime scene depicted? A:",What kind of numbers are on this clock? || How many bells? || Is there a painting over the arch?,roman || 3 || yes,"roman, 3, yes",roman,0.0,168
current_prompt,264730003,264730,What kind of numbers are on the clock?,roman numerals|roman|roman numerals,roman,1.0,"Q: What kind of numbers are on this clock? A: roman
Q: How many bells? A: 3
Q: Is there a painting over the arch? A: yes
Q: What kind of numbers are on the clock? A:",What kind of numbers are on this clock? || How many bells? || Is there a painting over the arch?,roman || 3 || yes,"roman, 3, yes",roman,1.0,165
current_prompt,2587000,2587,Which food contains the most potassium?,banana|banana|banana,donut,0.0,"Q: Is the donut filled? A: no
Q: What's the name of the largest pastry? A: donut
Q: How many bananas are pictured? A: 2
Q: Which food contains the most potassium? A:",Is the donut filled? || What's the name of the largest pastry? || How many bananas are pictured?,no || donut || 2,"no, donut, 2",no,0.0,165
current_prompt,2587001,2587,What is not healthy in the baggie?,donut|doughnut|donut,donut,1.0,"Q: Is the donut filled? A: no
Q: What's the name of the largest pastry? A: donut
Q: How many bananas are pictured? A: 2
Q: What is not healthy in the baggie? A:",Is the donut filled? || What's the name of the largest pastry? || How many bananas are pictured?,no || donut || 2,"no, donut, 2",no,0.0,160
short_evidence,2529010,2529,Is there snow on the ground?,no|no|no,no,1.0,"Question: Is there snow on the ground?

Helpful evidence from similar images:
- Q: Is there a blue car?
  A: no
- Q: Are the street lights turned on?
  A: no
- Q: What color is the building with the clock on it?
  A: white

Best matching evidence answer: no

Answer the question using the image. If the best matching evidence is relevant, use it.
Answer:",Is there a blue car? || Are the street lights turned on? || What color is the building with the clock on it?,no || no || white,"no, white",no,0.0,354
short_evidence,2532000,2532,Is the skier going downhill?,no|no|yes,cloudy,0.0,"Question: Is the skier going downhill?

Helpful evidence from similar images:
- Q: What weather conditions appear in this scene?
  A: cloudy
- Q: What color is the backpack?
  A: red
- Q: Does the shadow fall to the skiers left or to the right?
  A: left

Best matching evidence answer: cloudy

Answer the question using the image. If the best matching evidence is relevant, use it.
Answer:",What weather conditions appear in this scene? || What color is the backpack? || Does the shadow fall to the skiers left or to the right?,cloudy || red || left,"cloudy, red, left",cloudy,0.0,390
short_evidence,2532001,2532,How do you know this skier is not alone on the mountain?,someone had to take photo|tracks|other ski tracks and footprints,cloudy,0.0,"Question: How do you know this skier is not alone on the mountain?

Helpful evidence from similar images:
- Q: What weather conditions appear in this scene?
  A: cloudy
- Q: What color is the backpack?
  A: red
- Q: Does the shadow fall to the skiers left or to the right?
  A: left

Best matching evidence answer: cloudy

Answer the question using the image. If the best matching evidence is relevant, use it.
Answer:",What weather conditions appear in this scene? || What color is the backpack? || Does the shadow fall to the skiers left or to the right?,cloudy || red || left,"cloudy, red, left",cloudy,0.0,418
short_evidence,2532002,2532,How cold is it?,cold|15 degrees|freezing,cloudy,0.0,"Question: How cold is it?

Helpful evidence from similar images:
- Q: What weather conditions appear in this scene?
  A: cloudy
- Q: What color is the backpack?
  A: red
- Q: Does the shadow fall to the skiers left or to the right?
  A: left

Best matching evidence answer: cloudy

Answer the question using the image. If the best matching evidence is relevant, use it.
Answer:",What weather conditions appear in this scene? || What color is the backpack? || Does the shadow fall to the skiers left or to the right?,cloudy || red || left,"cloudy, red, left",cloudy,0.0,377
short_evidence,2532003,2532,Is it a sunny or cloudy day?,sunny|cloudy|cloudy,left,0.0,"Question: Is it a sunny or cloudy day?

Helpful evidence from similar images:
- Q: What weather conditions appear in this scene?
  A: cloudy
- Q: What color is the backpack?
  A: red
- Q: Does the shadow fall to the skiers left or to the right?
  A: left

Best matching evidence answer: left

Answer the question using the image. If the best matching evidence is relevant, use it.
Answer:",What weather conditions appear in this scene? || What color is the backpack? || Does the shadow fall to the skiers left or to the right?,cloudy || red || left,"cloudy, red, left",left,0.1111,388
short_evidence,2532004,2532,What color is the sky?,blue|blue|blue,red,0.0,"Question: What color is the sky?

Helpful evidence from similar images:
- Q: What weather conditions appear in this scene?
  A: cloudy
- Q: What color is the backpack?
  A: red
- Q: Does the shadow fall to the skiers left or to the right?
  A: left

Best matching evidence answer: red

Answer the question using the image. If the best matching evidence is relevant, use it.
Answer:",What weather conditions appear in this scene? || What color is the backpack? || Does the shadow fall to the skiers left or to the right?,cloudy || red || left,"cloudy, red, left",red,0.3333,381
short_evidence,395749000,395749,What filter is being used in this image?,black and white|black & white|black and white,4,0.0,"Question: What filter is being used in this image?

Helpful evidence from similar images:
- Q: How many people are on the bench?
  A: 4
- Q: Is the man alone on the bench?
  A: yes
- Q: Are they on the beach?
  A: no

Best matching evidence answer: 4

Answer the question using the image. If the best matching evidence is relevant, use it.
Answer:",How many people are on the bench? || Is the man alone on the bench? || Are they on the beach?,4 || yes || no,"4, yes, no",4,0.0,347
short_evidence,395749001,395749,Are all the people elderly?,no|yes|no,4,0.0,"Question: Are all the people elderly?

Helpful evidence from similar images:
- Q: How many people are on the bench?
  A: 4
- Q: Is the man alone on the bench?
  A: yes
- Q: Are they on the beach?
  A: no

Best matching evidence answer: 4

Answer the question using the image. If the best matching evidence is relevant, use it.
Answer:",How many people are on the bench? || Is the man alone on the bench? || Are they on the beach?,4 || yes || no,"4, yes, no",4,0.2,334
short_evidence,395749002,395749,How many people can be seen?,4|4|4,4,1.0,"Question: How many people can be seen?

Helpful evidence from similar images:
- Q: How many people are on the bench?
  A: 4
- Q: Is the man alone on the bench?
  A: yes
- Q: Are they on the beach?
  A: no

Best matching evidence answer: 4

Answer the question using the image. If the best matching evidence is relevant, use it.
Answer:",How many people are on the bench? || Is the man alone on the bench? || Are they on the beach?,4 || yes || no,"4, yes, no",4,0.5,335
short_evidence,395749003,395749,What ocean might this be?,atlantic|antarctic|atlantic,4,0.0,"Question: What ocean might this be?

Helpful evidence from similar images:
- Q: How many people are on the bench?
  A: 4
- Q: Is the man alone on the bench?
  A: yes
- Q: Are they on the beach?
  A: no

Best matching evidence answer: 4

Answer the question using the image. If the best matching evidence is relevant, use it.
Answer:",How many people are on the bench? || Is the man alone on the bench? || Are they on the beach?,4 || yes || no,"4, yes, no",4,0.0,332
short_evidence,395749004,395749,How many people are in the photo?,4|4|4,4,1.0,"Question: How many people are in the photo?

Helpful evidence from similar images:
- Q: How many people are on the bench?
  A: 4
- Q: Is the man alone on the bench?
  A: yes
- Q: Are they on the beach?
  A: no

Best matching evidence answer: 4

Answer the question using the image. If the best matching evidence is relevant, use it.
Answer:",How many people are on the bench? || Is the man alone on the bench? || Are they on the beach?,4 || yes || no,"4, yes, no",4,0.5,340
short_evidence,395752000,395752,What color are the mums in the front of the photo?,"pink|red|pink, red, yellow",special,0.0,"Question: What color are the mums in the front of the photo?

Helpful evidence from similar images:
- Q: Which route is the red bus running?
  A: special
- Q: How many levels is the bus?
  A: 1
- Q: Does the train carry passengers?
  A: yes

Best matching evidence answer: special

Answer the question using the image. If the best matching evidence is relevant, use it.
Answer:",Which route is the red bus running? || How many levels is the bus? || Does the train carry passengers?,special || 1 || yes,"special, 1, yes",special,0.0,377
short_evidence,395752001,395752,Can a mail truck fit behind the bus to pick up the mail?,yes|yes|yes,1,0.0,"Question: Can a mail truck fit behind the bus to pick up the mail?

Helpful evidence from similar images:
- Q: Which route is the red bus running?
  A: special
- Q: How many levels is the bus?
  A: 1
- Q: Does the train carry passengers?
  A: yes

Best matching evidence answer: 1

Answer the question using the image. If the best matching evidence is relevant, use it.
Answer:",Which route is the red bus running? || How many levels is the bus? || Does the train carry passengers?,special || 1 || yes,"special, 1, yes",1,0.1111,377
short_evidence,395752002,395752,"What  ""Over the Rainbow"" singer sang about this vehicle?",judy garland|judy garland|train,special,0.0,"Question: What  ""Over the Rainbow"" singer sang about this vehicle?

Helpful evidence from similar images:
- Q: Which route is the red bus running?
  A: special
- Q: How many levels is the bus?
  A: 1
- Q: Does the train carry passengers?
  A: yes

Best matching evidence answer: special

Answer the question using the image. If the best matching evidence is relevant, use it.
Answer:",Which route is the red bus running? || How many levels is the bus? || Does the train carry passengers?,special || 1 || yes,"special, 1, yes",special,0.0,383
short_evidence,395752003,395752,What color are the hubcaps?,red|red|red,special,0.0,"Question: What color are the hubcaps?

Helpful evidence from similar images:
- Q: Which route is the red bus running?
  A: special
- Q: How many levels is the bus?
  A: 1
- Q: Does the train carry passengers?
  A: yes

Best matching evidence answer: special

Answer the question using the image. If the best matching evidence is relevant, use it.
Answer:",Which route is the red bus running? || How many levels is the bus? || Does the train carry passengers?,special || 1 || yes,"special, 1, yes",special,0.0,354
short_evidence,395752004,395752,Is someone getting on this street car?,yes|yes|yes,special,0.0,"Question: Is someone getting on this street car?

Helpful evidence from similar images:
- Q: Which route is the red bus running?
  A: special
- Q: How many levels is the bus?
  A: 1
- Q: Does the train carry passengers?
  A: yes

Best matching evidence answer: special

Answer the question using the image. If the best matching evidence is relevant, use it.
Answer:",Which route is the red bus running? || How many levels is the bus? || Does the train carry passengers?,special || 1 || yes,"special, 1, yes",special,0.0,365
short_evidence,264683000,264683,Is this airplane inside?,yes|yes|yes,planes,0.0,"Question: Is this airplane inside?

Helpful evidence from similar images:
- Q: What is hanging?
  A: planes
- Q: What is the ID number of the plane?
  A: 0230
- Q: What number is on the side?
  A: 23

Best matching evidence answer: planes

Answer the question using the image. If the best matching evidence is relevant, use it.
Answer:",What is hanging? || What is the ID number of the plane? || What number is on the side?,planes || 0230 || 23,"planes, 0230, 23",planes,0.0,335
short_evidence,264683001,264683,What airline does the plane fly for?,air france|air france|air france,0230,0.0,"Question: What airline does the plane fly for?

Helpful evidence from similar images:
- Q: What is hanging?
  A: planes
- Q: What is the ID number of the plane?
  A: 0230
- Q: What number is on the side?
  A: 23

Best matching evidence answer: 0230

Answer the question using the image. If the best matching evidence is relevant, use it.
Answer:",What is hanging? || What is the ID number of the plane? || What number is on the side?,planes || 0230 || 23,"planes, 0230, 23",0230,0.2,345
short_evidence,264683002,264683,Are there planes hanging?,yes|yes|yes,planes,0.0,"Question: Are there planes hanging?

Helpful evidence from similar images:
- Q: What is hanging?
  A: planes
- Q: What is the ID number of the plane?
  A: 0230
- Q: What number is on the side?
  A: 23

Best matching evidence answer: planes

Answer the question using the image. If the best matching evidence is relevant, use it.
Answer:",What is hanging? || What is the ID number of the plane? || What number is on the side?,planes || 0230 || 23,"planes, 0230, 23",planes,0.5,336
short_evidence,264686000,264686,How many side tables are there?,2|2|2,sun,0.0,"Question: How many side tables are there?

Helpful evidence from similar images:
- Q: What light source is here?
  A: sun
- Q: Is there a Turkish style rug on the floor?
  A: no
- Q: Is the room messy?
  A: no

Best matching evidence answer: sun

Answer the question using the image. If the best matching evidence is relevant, use it.
Answer:",What light source is here? || Is there a Turkish style rug on the floor? || Is the room messy?,sun || no || no,"sun, no",sun,0.0,342
short_evidence,264686001,264686,How many windows are on the wall?,3|3|3,sun,0.0,"Question: How many windows are on the wall?

Helpful evidence from similar images:
- Q: What light source is here?
  A: sun
- Q: Is there a Turkish style rug on the floor?
  A: no
- Q: Is the room messy?
  A: no

Best matching evidence answer: sun

Answer the question using the image. If the best matching evidence is relevant, use it.
Answer:",What light source is here? || Is there a Turkish style rug on the floor? || Is the room messy?,sun || no || no,"sun, no",sun,0.0,344
short_evidence,264686002,264686,Is the TV a tube or flat screen?,tube|tube|tube,sun,0.0,"Question: Is the TV a tube or flat screen?

Helpful evidence from similar images:
- Q: What light source is here?
  A: sun
- Q: Is there a Turkish style rug on the floor?
  A: no
- Q: Is the room messy?
  A: no

Best matching evidence answer: sun

Answer the question using the image. If the best matching evidence is relevant, use it.
Answer:",What light source is here? || Is there a Turkish style rug on the floor? || Is the room messy?,sun || no || no,"sun, no",sun,0.0,343
short_evidence,133619000,133619,What type of truck is it?,fire engine|fire truck|service truck,yes,0.0,"Question: What type of truck is it?

Helpful evidence from similar images:
- Q: Do you see a firefighter in the picture?
  A: no
- Q: Is this a fire truck?
  A: yes
- Q: How many headlights are on the truck?
  A: 8

Best matching evidence answer: yes

Answer the question using the image. If the best matching evidence is relevant, use it.
Answer:",Do you see a firefighter in the picture? || Is this a fire truck? || How many headlights are on the truck?,no || yes || 8,"no, yes, 8",yes,0.3333,347
short_evidence,133619001,133619,What time of day is it?,night|night|night,no,0.0,"Question: What time of day is it?

Helpful evidence from similar images:
- Q: Do you see a firefighter in the picture?
  A: no
- Q: Is this a fire truck?
  A: yes
- Q: How many headlights are on the truck?
  A: 8

Best matching evidence answer: no

Answer the question using the image. If the best matching evidence is relevant, use it.
Answer:",Do you see a firefighter in the picture? || Is this a fire truck? || How many headlights are on the truck?,no || yes || 8,"no, yes, 8",no,0.0,344
short_evidence,133619002,133619,What color is the light above the hood of the truck?,yellow|blue|blue,yes,0.0,"Question: What color is the light above the hood of the truck?

Helpful evidence from similar images:
- Q: Do you see a firefighter in the picture?
  A: no
- Q: Is this a fire truck?
  A: yes
- Q: How many headlights are on the truck?
  A: 8

Best matching evidence answer: yes

Answer the question using the image. If the best matching evidence is relevant, use it.
Answer:",Do you see a firefighter in the picture? || Is this a fire truck? || How many headlights are on the truck?,no || yes || 8,"no, yes, 8",yes,0.1667,374
short_evidence,133620000,133620,Why does the woman have her hair up?,uniform|on duty|uniform,book,0.0,"Question: Why does the woman have her hair up?

Helpful evidence from similar images:
- Q: What color is the boys sweatshirt?
  A: blue
- Q: Does she have a wrist watch?
  A: yes
- Q: What is the woman reading?
  A: book

Best matching evidence answer: book

Answer the question using the image. If the best matching evidence is relevant, use it.
Answer:",What color is the boys sweatshirt? || Does she have a wrist watch? || What is the woman reading?,blue || yes || book,"blue, yes, book",book,0.2,354
short_evidence,133620001,133620,Is she wearing glasses?,yes|yes|yes,yes,1.0,"Question: Is she wearing glasses?

Helpful evidence from similar images:
- Q: What color is the boys sweatshirt?
  A: blue
- Q: Does she have a wrist watch?
  A: yes
- Q: What is the woman reading?
  A: book

Best matching evidence answer: yes

Answer the question using the image. If the best matching evidence is relevant, use it.
Answer:",What color is the boys sweatshirt? || Does she have a wrist watch? || What is the woman reading?,blue || yes || book,"blue, yes, book",yes,0.2,340
short_evidence,133620002,133620,What is she wearing on her head?,hat|helmet|hat,yes,0.0,"Question: What is she wearing on her head?

Helpful evidence from similar images:
- Q: What color is the boys sweatshirt?
  A: blue
- Q: Does she have a wrist watch?
  A: yes
- Q: What is the woman reading?
  A: book

Best matching evidence answer: yes

Answer the question using the image. If the best matching evidence is relevant, use it.
Answer:",What color is the boys sweatshirt? || Does she have a wrist watch? || What is the woman reading?,blue || yes || book,"blue, yes, book",yes,0.1667,349
short_evidence,133620003,133620,Is the woman happy?,yes|yes|yes,book,0.0,"Question: Is the woman happy?

Helpful evidence from similar images:
- Q: What color is the boys sweatshirt?
  A: blue
- Q: Does she have a wrist watch?
  A: yes
- Q: What is the woman reading?
  A: book

Best matching evidence answer: book

Answer the question using the image. If the best matching evidence is relevant, use it.
Answer:",What color is the boys sweatshirt? || Does she have a wrist watch? || What is the woman reading?,blue || yes || book,"blue, yes, book",book,0.3333,337
short_evidence,526837000,526837,Is this man dressed for the weather?,yes|yes|yes,skis,0.0,"Question: Is this man dressed for the weather?

Helpful evidence from similar images:
- Q: What are the long sticks under the person's feet?
  A: skis
- Q: Is this a winter landscape?
  A: yes
- Q: Is it cold?
  A: yes

Best matching evidence answer: skis

Answer the question using the image. If the best matching evidence is relevant, use it.
Answer:",What are the long sticks under the person's feet? || Is this a winter landscape? || Is it cold?,skis || yes || yes,"skis, yes",skis,0.0,352
short_evidence,526837001,526837,What is this man holding?,ski pole|ski poles|poles,skis,0.3333,"Question: What is this man holding?

Helpful evidence from similar images:
- Q: What are the long sticks under the person's feet?
  A: skis
- Q: Is this a winter landscape?
  A: yes
- Q: Is it cold?
  A: yes

Best matching evidence answer: skis

Answer the question using the image. If the best matching evidence is relevant, use it.
Answer:",What are the long sticks under the person's feet? || Is this a winter landscape? || Is it cold?,skis || yes || yes,"skis, yes",skis,0.0,341
short_evidence,526837002,526837,What is covering the ground?,snow|snow|snow,skis,0.0,"Question: What is covering the ground?

Helpful evidence from similar images:
- Q: What are the long sticks under the person's feet?
  A: skis
- Q: Is this a winter landscape?
  A: yes
- Q: Is it cold?
  A: yes

Best matching evidence answer: skis

Answer the question using the image. If the best matching evidence is relevant, use it.
Answer:",What are the long sticks under the person's feet? || Is this a winter landscape? || Is it cold?,skis || yes || yes,"skis, yes",skis,0.0,344
short_evidence,133622000,133622,Are these vegetables or fruits?,vegetables|vegetables|vegetables,cod,0.0,"Question: Are these vegetables or fruits?

Helpful evidence from similar images:
- Q: What kind of fish is in the image?
  A: cod
- Q: What color is the plate?
  A: white
- Q: Is this a balanced meal?
  A: yes

Best matching evidence answer: cod

Answer the question using the image. If the best matching evidence is relevant, use it.
Answer:",What kind of fish is in the image? || What color is the plate? || Is this a balanced meal?,cod || white || yes,"cod, white, yes",cod,0.0,342
short_evidence,133622001,133622,What is the yellow topping?,cheese|glaze|cheese,cod,0.0,"Question: What is the yellow topping?

Helpful evidence from similar images:
- Q: What kind of fish is in the image?
  A: cod
- Q: What color is the plate?
  A: white
- Q: Is this a balanced meal?
  A: yes

Best matching evidence answer: cod

Answer the question using the image. If the best matching evidence is relevant, use it.
Answer:",What kind of fish is in the image? || What color is the plate? || Is this a balanced meal?,cod || white || yes,"cod, white, yes",cod,0.0,338
short_evidence,133622002,133622,Is this a high class dish?,yes|yes|no,cod,0.0,"Question: Is this a high class dish?

Helpful evidence from similar images:
- Q: What kind of fish is in the image?
  A: cod
- Q: What color is the plate?
  A: white
- Q: Is this a balanced meal?
  A: yes

Best matching evidence answer: cod

Answer the question using the image. If the best matching evidence is relevant, use it.
Answer:",What kind of fish is in the image? || What color is the plate? || Is this a balanced meal?,cod || white || yes,"cod, white, yes",cod,0.0,337
short_evidence,133622003,133622,What is the long thin food with seeds?,broccoli|cake|cheese,cod,0.0,"Question: What is the long thin food with seeds?

Helpful evidence from similar images:
- Q: What kind of fish is in the image?
  A: cod
- Q: What color is the plate?
  A: white
- Q: Is this a balanced meal?
  A: yes

Best matching evidence answer: cod

Answer the question using the image. If the best matching evidence is relevant, use it.
Answer:",What kind of fish is in the image? || What color is the plate? || Is this a balanced meal?,cod || white || yes,"cod, white, yes",cod,0.0,349
short_evidence,133622004,133622,What is the green topping?,broccoli|broccoli|broccoli,cod,0.0,"Question: What is the green topping?

Helpful evidence from similar images:
- Q: What kind of fish is in the image?
  A: cod
- Q: What color is the plate?
  A: white
- Q: Is this a balanced meal?
  A: yes

Best matching evidence answer: cod

Answer the question using the image. If the best matching evidence is relevant, use it.
Answer:",What kind of fish is in the image? || What color is the plate? || Is this a balanced meal?,cod || white || yes,"cod, white, yes",cod,0.0,337
short_evidence,133622005,133622,What is the yellow item pictured?,cheese|cake|cheese,cod,0.0,"Question: What is the yellow item pictured?

Helpful evidence from similar images:
- Q: What kind of fish is in the image?
  A: cod
- Q: What color is the plate?
  A: white
- Q: Is this a balanced meal?
  A: yes

Best matching evidence answer: cod

Answer the question using the image. If the best matching evidence is relevant, use it.
Answer:",What kind of fish is in the image? || What color is the plate? || Is this a balanced meal?,cod || white || yes,"cod, white, yes",cod,0.0,344
short_evidence,133622006,133622,How are the eggs cooked?,scrambled|scramble|omelet,cod,0.0,"Question: How are the eggs cooked?

Helpful evidence from similar images:
- Q: What kind of fish is in the image?
  A: cod
- Q: What color is the plate?
  A: white
- Q: Is this a balanced meal?
  A: yes

Best matching evidence answer: cod

Answer the question using the image. If the best matching evidence is relevant, use it.
Answer:",What kind of fish is in the image? || What color is the plate? || Is this a balanced meal?,cod || white || yes,"cod, white, yes",cod,0.0,335
short_evidence,133622007,133622,What vegetable is this?,broccoli|broccoli|broccoli,cod,0.0,"Question: What vegetable is this?

Helpful evidence from similar images:
- Q: What kind of fish is in the image?
  A: cod
- Q: What color is the plate?
  A: white
- Q: Is this a balanced meal?
  A: yes

Best matching evidence answer: cod

Answer the question using the image. If the best matching evidence is relevant, use it.
Answer:",What kind of fish is in the image? || What color is the plate? || Is this a balanced meal?,cod || white || yes,"cod, white, yes",cod,0.0,334
short_evidence,133622008,133622,What kinds of food are on the plate?,"breakfast|spinach|eggs, spinach",white,0.0,"Question: What kinds of food are on the plate?

Helpful evidence from similar images:
- Q: What kind of fish is in the image?
  A: cod
- Q: What color is the plate?
  A: white
- Q: Is this a balanced meal?
  A: yes

Best matching evidence answer: white

Answer the question using the image. If the best matching evidence is relevant, use it.
Answer:",What kind of fish is in the image? || What color is the plate? || Is this a balanced meal?,cod || white || yes,"cod, white, yes",white,0.25,349
short_evidence,22271000,22271,Is this a bright and sunny day?,no|no|no,orange,0.0,"Question: Is this a bright and sunny day?

Helpful evidence from similar images:
- Q: What color is the fence?
  A: orange
- Q: Where is the hydrant?
  A: sidewalk
- Q: Why was the train running behind?
  A: unknown

Best matching evidence answer: orange

Answer the question using the image. If the best matching evidence is relevant, use it.
Answer:",What color is the fence? || Where is the hydrant? || Why was the train running behind?,orange || sidewalk || unknown,"orange, sidewalk, unknown",orange,0.0,351
short_evidence,22271001,22271,Are there people in the picture?,yes|yes|yes,orange,0.0,"Question: Are there people in the picture?

Helpful evidence from similar images:
- Q: What color is the fence?
  A: orange
- Q: Where is the hydrant?
  A: sidewalk
- Q: Why was the train running behind?
  A: unknown

Best matching evidence answer: orange

Answer the question using the image. If the best matching evidence is relevant, use it.
Answer:",What color is the fence? || Where is the hydrant? || Why was the train running behind?,orange || sidewalk || unknown,"orange, sidewalk, unknown",orange,0.0,352
short_evidence,22271002,22271,What is the name of the street sign on the ground?,western ave|western ave|western ave,orange,0.0,"Question: What is the name of the street sign on the ground?

Helpful evidence from similar images:
- Q: What color is the fence?
  A: orange
- Q: Where is the hydrant?
  A: sidewalk
- Q: Why was the train running behind?
  A: unknown

Best matching evidence answer: orange

Answer the question using the image. If the best matching evidence is relevant, use it.
Answer:",What color is the fence? || Where is the hydrant? || Why was the train running behind?,orange || sidewalk || unknown,"orange, sidewalk, unknown",orange,0.0,370
short_evidence,133629000,133629,Is this a public place?,no|no|no,purple,0.0,"Question: Is this a public place?

Helpful evidence from similar images:
- Q: What color is the chair?
  A: purple
- Q: What type of computer is on the desk?
  A: apple
- Q: Is there an iPhone on the table?
  A: yes

Best matching evidence answer: purple

Answer the question using the image. If the best matching evidence is relevant, use it.
Answer:",What color is the chair? || What type of computer is on the desk? || Is there an iPhone on the table?,purple || apple || yes,"purple, apple, yes",purple,0.0,351
short_evidence,133629001,133629,What color is the desk?,brown|brown|brown,purple,0.0,"Question: What color is the desk?

Helpful evidence from similar images:
- Q: What color is the chair?
  A: purple
- Q: What type of computer is on the desk?
  A: apple
- Q: Is there an iPhone on the table?
  A: yes

Best matching evidence answer: purple

Answer the question using the image. If the best matching evidence is relevant, use it.
Answer:",What color is the chair? || What type of computer is on the desk? || Is there an iPhone on the table?,purple || apple || yes,"purple, apple, yes",purple,0.3333,351
short_evidence,133629002,133629,How many chairs have wheels?,1|1|1,purple,0.0,"Question: How many chairs have wheels?

Helpful evidence from similar images:
- Q: What color is the chair?
  A: purple
- Q: What type of computer is on the desk?
  A: apple
- Q: Is there an iPhone on the table?
  A: yes

Best matching evidence answer: purple

Answer the question using the image. If the best matching evidence is relevant, use it.
Answer:",What color is the chair? || What type of computer is on the desk? || Is there an iPhone on the table?,purple || apple || yes,"purple, apple, yes",purple,0.0,356
short_evidence,133629003,133629,Is this chair in the way of people who might walk through?,no|no|no,purple,0.0,"Question: Is this chair in the way of people who might walk through?

Helpful evidence from similar images:
- Q: What color is the chair?
  A: purple
- Q: What type of computer is on the desk?
  A: apple
- Q: Is there an iPhone on the table?
  A: yes

Best matching evidence answer: purple

Answer the question using the image. If the best matching evidence is relevant, use it.
Answer:",What color is the chair? || What type of computer is on the desk? || Is there an iPhone on the table?,purple || apple || yes,"purple, apple, yes",purple,0.1429,386
short_evidence,133629004,133629,Can these items be used to make food?,no|no|no,purple,0.0,"Question: Can these items be used to make food?

Helpful evidence from similar images:
- Q: What color is the chair?
  A: purple
- Q: What type of computer is on the desk?
  A: apple
- Q: Is there an iPhone on the table?
  A: yes

Best matching evidence answer: purple

Answer the question using the image. If the best matching evidence is relevant, use it.
Answer:",What color is the chair? || What type of computer is on the desk? || Is there an iPhone on the table?,purple || apple || yes,"purple, apple, yes",purple,0.0,365
short_evidence,133629005,133629,What do people do here?,work|work|office work,purple,0.0,"Question: What do people do here?

Helpful evidence from similar images:
- Q: What color is the chair?
  A: purple
- Q: What type of computer is on the desk?
  A: apple
- Q: Is there an iPhone on the table?
  A: yes

Best matching evidence answer: purple

Answer the question using the image. If the best matching evidence is relevant, use it.
Answer:",What color is the chair? || What type of computer is on the desk? || Is there an iPhone on the table?,purple || apple || yes,"purple, apple, yes",purple,0.0,351
short_evidence,133629006,133629,What color is the lampshade?,off white|white|white,purple,0.0,"Question: What color is the lampshade?

Helpful evidence from similar images:
- Q: What color is the chair?
  A: purple
- Q: What type of computer is on the desk?
  A: apple
- Q: Is there an iPhone on the table?
  A: yes

Best matching evidence answer: purple

Answer the question using the image. If the best matching evidence is relevant, use it.
Answer:",What color is the chair? || What type of computer is on the desk? || Is there an iPhone on the table?,purple || apple || yes,"purple, apple, yes",purple,0.3333,356
short_evidence,133629007,133629,What type of computer is on the desk?,mac|laptop|laptop,apple,0.6667,"Question: What type of computer is on the desk?

Helpful evidence from similar images:
- Q: What color is the chair?
  A: purple
- Q: What type of computer is on the desk?
  A: apple
- Q: Is there an iPhone on the table?
  A: yes

Best matching evidence answer: apple

Answer the question using the image. If the best matching evidence is relevant, use it.
Answer:",What color is the chair? || What type of computer is on the desk? || Is there an iPhone on the table?,purple || apple || yes,"purple, apple, yes",apple,1.0,364
short_evidence,133631000,133631,"Which is longer, the Elephant's tusks or the Elephant's trunk?",trunk|trunk|trunk,yes,0.0,"Question: Which is longer, the Elephant's tusks or the Elephant's trunk?

Helpful evidence from similar images:
- Q: How many elephants are there?
  A: 1
- Q: Are the elephants drinking water?
  A: no
- Q: Has the elephant relieved itself recently?
  A: yes

Best matching evidence answer: yes

Answer the question using the image. If the best matching evidence is relevant, use it.
Answer:",How many elephants are there? || Are the elephants drinking water? || Has the elephant relieved itself recently?,1 || no || yes,"1, no, yes",yes,0.1,390
short_evidence,133631001,133631,Is it sunny out?,yes|yes|yes,1,0.0,"Question: Is it sunny out?

Helpful evidence from similar images:
- Q: How many elephants are there?
  A: 1
- Q: Are the elephants drinking water?
  A: no
- Q: Has the elephant relieved itself recently?
  A: yes

Best matching evidence answer: 1

Answer the question using the image. If the best matching evidence is relevant, use it.
Answer:",How many elephants are there? || Are the elephants drinking water? || Has the elephant relieved itself recently?,1 || no || yes,"1, no, yes",1,0.0,342
short_evidence,133631002,133631,Does the elephant need water?,yes|yes|yes,no,0.3333,"Question: Does the elephant need water?

Helpful evidence from similar images:
- Q: How many elephants are there?
  A: 1
- Q: Are the elephants drinking water?
  A: no
- Q: Has the elephant relieved itself recently?
  A: yes

Best matching evidence answer: no

Answer the question using the image. If the best matching evidence is relevant, use it.
Answer:",How many elephants are there? || Are the elephants drinking water? || Has the elephant relieved itself recently?,1 || no || yes,"1, no, yes",no,0.2,356
short_evidence,2562000,2562,What is the color scheme of the photo?,"white|white and blue|white, blue",black,0.0,"Question: What is the color scheme of the photo?

Helpful evidence from similar images:
- Q: What color is the woman's outfit?
  A: black
- Q: What sport is the man most likely playing?
  A: tennis
- Q: How many feet can be seen in this photo?
  A: 2

Best matching evidence answer: black

Answer the question using the image. If the best matching evidence is relevant, use it.
Answer:",What color is the woman's outfit? || What sport is the man most likely playing? || How many feet can be seen in this photo?,black || tennis || 2,"black, tennis, 2",black,0.1667,385
short_evidence,2562001,2562,Are all the men tennis players?,yes|no|no,black,0.0,"Question: Are all the men tennis players?

Helpful evidence from similar images:
- Q: What color is the woman's outfit?
  A: black
- Q: What sport is the man most likely playing?
  A: tennis
- Q: How many feet can be seen in this photo?
  A: 2

Best matching evidence answer: black

Answer the question using the image. If the best matching evidence is relevant, use it.
Answer:",What color is the woman's outfit? || What sport is the man most likely playing? || How many feet can be seen in this photo?,black || tennis || 2,"black, tennis, 2",black,0.0,378
short_evidence,2562002,2562,Is the man wearing a wristband?,yes|yes|yes,tennis,0.0,"Question: Is the man wearing a wristband?

Helpful evidence from similar images:
- Q: What color is the woman's outfit?
  A: black
- Q: What sport is the man most likely playing?
  A: tennis
- Q: How many feet can be seen in this photo?
  A: 2

Best matching evidence answer: tennis

Answer the question using the image. If the best matching evidence is relevant, use it.
Answer:",What color is the woman's outfit? || What sport is the man most likely playing? || How many feet can be seen in this photo?,black || tennis || 2,"black, tennis, 2",tennis,0.1429,379
short_evidence,2562003,2562,What two brands are shown advertised behind the tennis player?,olympus and wta|olympus and wta|wta and olympus,black,0.0,"Question: What two brands are shown advertised behind the tennis player?

Helpful evidence from similar images:
- Q: What color is the woman's outfit?
  A: black
- Q: What sport is the man most likely playing?
  A: tennis
- Q: How many feet can be seen in this photo?
  A: 2

Best matching evidence answer: black

Answer the question using the image. If the best matching evidence is relevant, use it.
Answer:",What color is the woman's outfit? || What sport is the man most likely playing? || How many feet can be seen in this photo?,black || tennis || 2,"black, tennis, 2",black,0.0,409
short_evidence,2562004,2562,What sport is being played?,tennis|tennis|tennis,What sport is being played?,0.0,"Question: What sport is being played?

Helpful evidence from similar images:
- Q: What color is the woman's outfit?
  A: black
- Q: What sport is the man most likely playing?
  A: tennis
- Q: How many feet can be seen in this photo?
  A: 2

Best matching evidence answer: tennis

Answer the question using the image. If the best matching evidence is relevant, use it.
Answer:",What color is the woman's outfit? || What sport is the man most likely playing? || How many feet can be seen in this photo?,black || tennis || 2,"black, tennis, 2",tennis,0.1429,375
short_evidence,133636000,133636,What is the number on the left parking meter?,12|12|19,Parking meter,0.0,"Question: What is the number on the left parking meter?

Helpful evidence from similar images:
- Q: What is this a picture of?
  A: parking meter
- Q: When is the meter enforced?
  A: 9-6 m-f
- Q: Does the meter work?
  A: yes

Best matching evidence answer: 9-6 m-f

Answer the question using the image. If the best matching evidence is relevant, use it.
Answer:",What is this a picture of? || When is the meter enforced? || Does the meter work?,parking meter || 9-6 m-f || yes,"parking meter, 9-6 m-f, yes",9-6 m-f,0.2,363
short_evidence,133636001,133636,How much time is left?,0 time|expired|0,parking meter,0.0,"Question: How much time is left?

Helpful evidence from similar images:
- Q: What is this a picture of?
  A: parking meter
- Q: When is the meter enforced?
  A: 9-6 m-f
- Q: Does the meter work?
  A: yes

Best matching evidence answer: parking meter

Answer the question using the image. If the best matching evidence is relevant, use it.
Answer:",What is this a picture of? || When is the meter enforced? || Does the meter work?,parking meter || 9-6 m-f || yes,"parking meter, 9-6 m-f, yes",parking meter,0.0,346
short_evidence,133636002,133636,What number is the parking meter on the right?,13|13|13,Parking meter on the right,0.0,"Question: What number is the parking meter on the right?

Helpful evidence from similar images:
- Q: What is this a picture of?
  A: parking meter
- Q: When is the meter enforced?
  A: 9-6 m-f
- Q: Does the meter work?
  A: yes

Best matching evidence answer: 9-6 m-f

Answer the question using the image. If the best matching evidence is relevant, use it.
Answer:",What is this a picture of? || When is the meter enforced? || Does the meter work?,parking meter || 9-6 m-f || yes,"parking meter, 9-6 m-f, yes",9-6 m-f,0.2,364
short_evidence,133636003,133636,Is there any cars on the street?,no|no|0,parking meter,0.0,"Question: Is there any cars on the street?

Helpful evidence from similar images:
- Q: What is this a picture of?
  A: parking meter
- Q: When is the meter enforced?
  A: 9-6 m-f
- Q: Does the meter work?
  A: yes

Best matching evidence answer: parking meter

Answer the question using the image. If the best matching evidence is relevant, use it.
Answer:",What is this a picture of? || When is the meter enforced? || Does the meter work?,parking meter || 9-6 m-f || yes,"parking meter, 9-6 m-f, yes",parking meter,0.0,356
short_evidence,133636004,133636,Are the meters rusted?,no|no|no,parking meter,0.0,"Question: Are the meters rusted?

Helpful evidence from similar images:
- Q: What is this a picture of?
  A: parking meter
- Q: When is the meter enforced?
  A: 9-6 m-f
- Q: Does the meter work?
  A: yes

Best matching evidence answer: parking meter

Answer the question using the image. If the best matching evidence is relevant, use it.
Answer:",What is this a picture of? || When is the meter enforced? || Does the meter work?,parking meter || 9-6 m-f || yes,"parking meter, 9-6 m-f, yes",parking meter,0.0,346
short_evidence,133636005,133636,Is there time remaining on the meter?,yes|yes|no,Parking meter,0.0,"Question: Is there time remaining on the meter?

Helpful evidence from similar images:
- Q: What is this a picture of?
  A: parking meter
- Q: When is the meter enforced?
  A: 9-6 m-f
- Q: Does the meter work?
  A: yes

Best matching evidence answer: 9-6 m-f

Answer the question using the image. If the best matching evidence is relevant, use it.
Answer:",What is this a picture of? || When is the meter enforced? || Does the meter work?,parking meter || 9-6 m-f || yes,"parking meter, 9-6 m-f, yes",9-6 m-f,0.25,355
short_evidence,133636006,133636,How many meters are there?,2|2|2,parking meter,0.0,"Question: How many meters are there?

Helpful evidence from similar images:
- Q: What is this a picture of?
  A: parking meter
- Q: When is the meter enforced?
  A: 9-6 m-f
- Q: Does the meter work?
  A: yes

Best matching evidence answer: parking meter

Answer the question using the image. If the best matching evidence is relevant, use it.
Answer:",What is this a picture of? || When is the meter enforced? || Does the meter work?,parking meter || 9-6 m-f || yes,"parking meter, 9-6 m-f, yes",parking meter,0.0,350
short_evidence,133645000,133645,Is there someone on the bench?,no|no|no,blue,0.0,"Question: Is there someone on the bench?

Helpful evidence from similar images:
- Q: What color is the two-story house?
  A: blue
- Q: What number of boats are in this harbor?
  A: 25
- Q: Where is word empty?
  A: boat

Best matching evidence answer: blue

Answer the question using the image. If the best matching evidence is relevant, use it.
Answer:",What color is the two-story house? || What number of boats are in this harbor? || Where is word empty?,blue || 25 || boat,"blue, 25, boat",blue,0.0,353
short_evidence,133645001,133645,Are the street lights turned on?,yes|yes|yes,blue,0.0,"Question: Are the street lights turned on?

Helpful evidence from similar images:
- Q: What color is the two-story house?
  A: blue
- Q: What number of boats are in this harbor?
  A: 25
- Q: Where is word empty?
  A: boat

Best matching evidence answer: blue

Answer the question using the image. If the best matching evidence is relevant, use it.
Answer:",What color is the two-story house? || What number of boats are in this harbor? || Where is word empty?,blue || 25 || boat,"blue, 25, boat",blue,0.0,355
short_evidence,133645002,133645,Is the water clear?,no|yes|yes,blue,0.0,"Question: Is the water clear?

Helpful evidence from similar images:
- Q: What color is the two-story house?
  A: blue
- Q: What number of boats are in this harbor?
  A: 25
- Q: Where is word empty?
  A: boat

Best matching evidence answer: blue

Answer the question using the image. If the best matching evidence is relevant, use it.
Answer:",What color is the two-story house? || What number of boats are in this harbor? || Where is word empty?,blue || 25 || boat,"blue, 25, boat",blue,0.0,342
short_evidence,133645003,133645,What type of boat is in the water?,private|sailboat|pontoon,blue,0.0,"Question: What type of boat is in the water?

Helpful evidence from similar images:
- Q: What color is the two-story house?
  A: blue
- Q: What number of boats are in this harbor?
  A: 25
- Q: Where is word empty?
  A: boat

Best matching evidence answer: blue

Answer the question using the image. If the best matching evidence is relevant, use it.
Answer:",What color is the two-story house? || What number of boats are in this harbor? || Where is word empty?,blue || 25 || boat,"blue, 25, boat",blue,0.0,357
short_evidence,264718000,264718,How long is the parking on the street?,12 hours|2 hours|7 spots,red,0.0,"Question: How long is the parking on the street?

Helpful evidence from similar images:
- Q: What color is the curb below the stop sign?
  A: red
- Q: Is there a stop light?
  A: yes
- Q: What is on the picnic table?
  A: nothing

Best matching evidence answer: red

Answer the question using the image. If the best matching evidence is relevant, use it.
Answer:",What color is the curb below the stop sign? || Is there a stop light? || What is on the picnic table?,red || yes || nothing,"red, yes, nothing",red,0.0,362
short_evidence,264718001,264718,Do you have to pay to park here?,yes|yes|yes,red,0.0,"Question: Do you have to pay to park here?

Helpful evidence from similar images:
- Q: What color is the curb below the stop sign?
  A: red
- Q: Is there a stop light?
  A: yes
- Q: What is on the picnic table?
  A: nothing

Best matching evidence answer: red

Answer the question using the image. If the best matching evidence is relevant, use it.
Answer:",What color is the curb below the stop sign? || Is there a stop light? || What is on the picnic table?,red || yes || nothing,"red, yes, nothing",red,0.0,356
short_evidence,264718002,264718,Which side of the sign is the road on?,right|left|right,red,0.0,"Question: Which side of the sign is the road on?

Helpful evidence from similar images:
- Q: What color is the curb below the stop sign?
  A: red
- Q: Is there a stop light?
  A: yes
- Q: What is on the picnic table?
  A: nothing

Best matching evidence answer: red

Answer the question using the image. If the best matching evidence is relevant, use it.
Answer:",What color is the curb below the stop sign? || Is there a stop light? || What is on the picnic table?,red || yes || nothing,"red, yes, nothing",red,0.125,362
short_evidence,264718003,264718,What does the sign read?,2 hour parking 8am to 8pm|parking|2 hour parking 8am-8pm,red,0.0,"Question: What does the sign read?

Helpful evidence from similar images:
- Q: What color is the curb below the stop sign?
  A: red
- Q: Is there a stop light?
  A: yes
- Q: What is on the picnic table?
  A: nothing

Best matching evidence answer: red

Answer the question using the image. If the best matching evidence is relevant, use it.
Answer:",What color is the curb below the stop sign? || Is there a stop light? || What is on the picnic table?,red || yes || nothing,"red, yes, nothing",red,0.1667,348
short_evidence,264718004,264718,What does the sign say?,parking|2 hour parking|2 hour parking,red,0.0,"Question: What does the sign say?

Helpful evidence from similar images:
- Q: What color is the curb below the stop sign?
  A: red
- Q: Is there a stop light?
  A: yes
- Q: What is on the picnic table?
  A: nothing

Best matching evidence answer: red

Answer the question using the image. If the best matching evidence is relevant, use it.
Answer:",What color is the curb below the stop sign? || Is there a stop light? || What is on the picnic table?,red || yes || nothing,"red, yes, nothing",red,0.1667,347
short_evidence,264718005,264718,What phone number is on the sign?,0|n/a|0,red,0.0,"Question: What phone number is on the sign?

Helpful evidence from similar images:
- Q: What color is the curb below the stop sign?
  A: red
- Q: Is there a stop light?
  A: yes
- Q: What is on the picnic table?
  A: nothing

Best matching evidence answer: red

Answer the question using the image. If the best matching evidence is relevant, use it.
Answer:",What color is the curb below the stop sign? || Is there a stop light? || What is on the picnic table?,red || yes || nothing,"red, yes, nothing",red,0.1429,357
short_evidence,264718006,264718,What modes of transportation are in the picture?,cars|car|car,red,0.0,"Question: What modes of transportation are in the picture?

Helpful evidence from similar images:
- Q: What color is the curb below the stop sign?
  A: red
- Q: Is there a stop light?
  A: yes
- Q: What is on the picnic table?
  A: nothing

Best matching evidence answer: red

Answer the question using the image. If the best matching evidence is relevant, use it.
Answer:",What color is the curb below the stop sign? || Is there a stop light? || What is on the picnic table?,red || yes || nothing,"red, yes, nothing",red,0.0,372
short_evidence,264718007,264718,What sign is to the right of the photo?,2 hour parking|parking|2 hour parking,Q: What color is the curb below the stop,0.0,"Question: What sign is to the right of the photo?

Helpful evidence from similar images:
- Q: What color is the curb below the stop sign?
  A: red
- Q: Is there a stop light?
  A: yes
- Q: What is on the picnic table?
  A: nothing

Best matching evidence answer: red

Answer the question using the image. If the best matching evidence is relevant, use it.
Answer:",What color is the curb below the stop sign? || Is there a stop light? || What is on the picnic table?,red || yes || nothing,"red, yes, nothing",red,0.1429,363
short_evidence,133648000,133648,Is the bat blue?,yes|yes|yes,5,0.0,"Question: Is the bat blue?

Helpful evidence from similar images:
- Q: How many people are in this picture?
  A: 5
- Q: What sport are they playing?
  A: baseball
- Q: How many players are in the field?
  A: 6

Best matching evidence answer: 5

Answer the question using the image. If the best matching evidence is relevant, use it.
Answer:",How many people are in this picture? || What sport are they playing? || How many players are in the field?,5 || baseball || 6,"5, baseball, 6",5,0.0,340
short_evidence,133648001,133648,Is the photo colored?,yes|yes|yes,5,0.0,"Question: Is the photo colored?

Helpful evidence from similar images:
- Q: How many people are in this picture?
  A: 5
- Q: What sport are they playing?
  A: baseball
- Q: How many players are in the field?
  A: 6

Best matching evidence answer: 5

Answer the question using the image. If the best matching evidence is relevant, use it.
Answer:",How many people are in this picture? || What sport are they playing? || How many players are in the field?,5 || baseball || 6,"5, baseball, 6",5,0.0,345
short_evidence,133648002,133648,What color is the home plate umpire's shirt?,white|black|black,5,0.0,"Question: What color is the home plate umpire's shirt?

Helpful evidence from similar images:
- Q: How many people are in this picture?
  A: 5
- Q: What sport are they playing?
  A: baseball
- Q: How many players are in the field?
  A: 6

Best matching evidence answer: 5

Answer the question using the image. If the best matching evidence is relevant, use it.
Answer:",How many people are in this picture? || What sport are they playing? || How many players are in the field?,5 || baseball || 6,"5, baseball, 6",5,0.0,368
short_evidence,133648003,133648,Which game are they playing?,baseball|baseball|baseball,baseball,1.0,"Question: Which game are they playing?

Helpful evidence from similar images:
- Q: How many people are in this picture?
  A: 5
- Q: What sport are they playing?
  A: baseball
- Q: How many players are in the field?
  A: 6

Best matching evidence answer: baseball

Answer the question using the image. If the best matching evidence is relevant, use it.
Answer:",How many people are in this picture? || What sport are they playing? || How many players are in the field?,5 || baseball || 6,"5, baseball, 6",baseball,0.4,359
short_evidence,459182000,459182,What are they carrying?,surfboards|surfboards|surfboards,no,0.0,"Question: What are they carrying?

Helpful evidence from similar images:
- Q: Are there any plants?
  A: no
- Q: Where do you play this sport?
  A: ocean
- Q: What are the people caring in their arms?
  A: surfboards

Best matching evidence answer: no

Answer the question using the image. If the best matching evidence is relevant, use it.
Answer:",Are there any plants? || Where do you play this sport? || What are the people caring in their arms?,no || ocean || surfboards,"no, ocean, surfboards",no,0.0,348
short_evidence,459182001,459182,What is in the foreground?,rocks|rocks|rocks,no,0.0,"Question: What is in the foreground?

Helpful evidence from similar images:
- Q: Are there any plants?
  A: no
- Q: Where do you play this sport?
  A: ocean
- Q: What are the people caring in their arms?
  A: surfboards

Best matching evidence answer: no

Answer the question using the image. If the best matching evidence is relevant, use it.
Answer:",Are there any plants? || Where do you play this sport? || What are the people caring in their arms?,no || ocean || surfboards,"no, ocean, surfboards",no,0.0,351
short_evidence,459182002,459182,How many people are there?,2|2|2,surfboards,0.0,"Question: How many people are there?

Helpful evidence from similar images:
- Q: Are there any plants?
  A: no
- Q: Where do you play this sport?
  A: ocean
- Q: What are the people caring in their arms?
  A: surfboards

Best matching evidence answer: surfboards

Answer the question using the image. If the best matching evidence is relevant, use it.
Answer:",Are there any plants? || Where do you play this sport? || What are the people caring in their arms?,no || ocean || surfboards,"no, ocean, surfboards",surfboards,0.2,359
short_evidence,395801000,395801,Is it morning or evening?,evening|morning|morning,white,0.0,"Question: Is it morning or evening?

Helpful evidence from similar images:
- Q: What color is the front of the store on the left?
  A: white
- Q: Is the road having work done?
  A: no
- Q: How many bus cars can you see?
  A: 1

Best matching evidence answer: white

Answer the question using the image. If the best matching evidence is relevant, use it.
Answer:",What color is the front of the store on the left? || Is the road having work done? || How many bus cars can you see?,white || no || 1,"white, no, 1",white,0.0,361
short_evidence,395801001,395801,How much does parking in the lot cost?,nothing|free|free,white,0.0,"Question: How much does parking in the lot cost?

Helpful evidence from similar images:
- Q: What color is the front of the store on the left?
  A: white
- Q: Is the road having work done?
  A: no
- Q: How many bus cars can you see?
  A: 1

Best matching evidence answer: white

Answer the question using the image. If the best matching evidence is relevant, use it.
Answer:",What color is the front of the store on the left? || Is the road having work done? || How many bus cars can you see?,white || no || 1,"white, no, 1",white,0.0,374
short_evidence,395801002,395801,What is on the road?,car|car|cars,no,0.0,"Question: What is on the road?

Helpful evidence from similar images:
- Q: What color is the front of the store on the left?
  A: white
- Q: Is the road having work done?
  A: no
- Q: How many bus cars can you see?
  A: 1

Best matching evidence answer: no

Answer the question using the image. If the best matching evidence is relevant, use it.
Answer:",What color is the front of the store on the left? || Is the road having work done? || How many bus cars can you see?,white || no || 1,"white, no, 1",no,0.25,353
short_evidence,395801003,395801,How many people are in the picture?,7|7|11,1,0.0,"Question: How many people are in the picture?

Helpful evidence from similar images:
- Q: What color is the front of the store on the left?
  A: white
- Q: Is the road having work done?
  A: no
- Q: How many bus cars can you see?
  A: 1

Best matching evidence answer: 1

Answer the question using the image. If the best matching evidence is relevant, use it.
Answer:",What color is the front of the store on the left? || Is the road having work done? || How many bus cars can you see?,white || no || 1,"white, no, 1",1,0.1429,367
short_evidence,395801004,395801,Do the people know each other?,no|no|no,white,0.0,"Question: Do the people know each other?

Helpful evidence from similar images:
- Q: What color is the front of the store on the left?
  A: white
- Q: Is the road having work done?
  A: no
- Q: How many bus cars can you see?
  A: 1

Best matching evidence answer: white

Answer the question using the image. If the best matching evidence is relevant, use it.
Answer:",What color is the front of the store on the left? || Is the road having work done? || How many bus cars can you see?,white || no || 1,"white, no, 1",white,0.0,366
short_evidence,395801005,395801,How could you carry things if you were riding this bike?,there is no bike|on my back|backpack,1,0.0,"Question: How could you carry things if you were riding this bike?

Helpful evidence from similar images:
- Q: What color is the front of the store on the left?
  A: white
- Q: Is the road having work done?
  A: no
- Q: How many bus cars can you see?
  A: 1

Best matching evidence answer: 1

Answer the question using the image. If the best matching evidence is relevant, use it.
Answer:",What color is the front of the store on the left? || Is the road having work done? || How many bus cars can you see?,white || no || 1,"white, no, 1",1,0.1,388
short_evidence,395801006,395801,How many people are in this scene?,25|15|9,1,0.0,"Question: How many people are in this scene?

Helpful evidence from similar images:
- Q: What color is the front of the store on the left?
  A: white
- Q: Is the road having work done?
  A: no
- Q: How many bus cars can you see?
  A: 1

Best matching evidence answer: 1

Answer the question using the image. If the best matching evidence is relevant, use it.
Answer:",What color is the front of the store on the left? || Is the road having work done? || How many bus cars can you see?,white || no || 1,"white, no, 1",1,0.1429,366
short_evidence,395801007,395801,What time is it?,6:00|6:00|12:30,white,0.0,"Question: What time is it?

Helpful evidence from similar images:
- Q: What color is the front of the store on the left?
  A: white
- Q: Is the road having work done?
  A: no
- Q: How many bus cars can you see?
  A: 1

Best matching evidence answer: white

Answer the question using the image. If the best matching evidence is relevant, use it.
Answer:",What color is the front of the store on the left? || Is the road having work done? || How many bus cars can you see?,white || no || 1,"white, no, 1",white,0.0,352
short_evidence,264730000,264730,How many arches are under the clock?,2|2|2,3,0.0,"Question: How many arches are under the clock?

Helpful evidence from similar images:
- Q: What kind of numbers are on this clock?
  A: roman
- Q: How many bells?
  A: 3
- Q: Is there a painting over the arch?
  A: yes

Best matching evidence answer: 3

Answer the question using the image. If the best matching evidence is relevant, use it.
Answer:",What kind of numbers are on this clock? || How many bells? || Is there a painting over the arch?,roman || 3 || yes,"roman, 3, yes",3,0.2,349
short_evidence,264730001,264730,What time is it?,10:50|10:49|8:45,roman,0.0,"Question: What time is it?

Helpful evidence from similar images:
- Q: What kind of numbers are on this clock?
  A: roman
- Q: How many bells?
  A: 3
- Q: Is there a painting over the arch?
  A: yes

Best matching evidence answer: roman

Answer the question using the image. If the best matching evidence is relevant, use it.
Answer:",What kind of numbers are on this clock? || How many bells? || Is there a painting over the arch?,roman || 3 || yes,"roman, 3, yes",roman,0.0,333
short_evidence,264730002,264730,Is a daytime or nighttime scene depicted?,nighttime|nighttime|night,roman,0.0,"Question: Is a daytime or nighttime scene depicted?

Helpful evidence from similar images:
- Q: What kind of numbers are on this clock?
  A: roman
- Q: How many bells?
  A: 3
- Q: Is there a painting over the arch?
  A: yes

Best matching evidence answer: roman

Answer the question using the image. If the best matching evidence is relevant, use it.
Answer:",What kind of numbers are on this clock? || How many bells? || Is there a painting over the arch?,roman || 3 || yes,"roman, 3, yes",roman,0.0,358
short_evidence,264730003,264730,What kind of numbers are on the clock?,roman numerals|roman|roman numerals,roman,1.0,"Question: What kind of numbers are on the clock?

Helpful evidence from similar images:
- Q: What kind of numbers are on this clock?
  A: roman
- Q: How many bells?
  A: 3
- Q: Is there a painting over the arch?
  A: yes

Best matching evidence answer: roman

Answer the question using the image. If the best matching evidence is relevant, use it.
Answer:",What kind of numbers are on this clock? || How many bells? || Is there a painting over the arch?,roman || 3 || yes,"roman, 3, yes",roman,1.0,355
short_evidence,2587000,2587,Which food contains the most potassium?,banana|banana|banana,no,0.0,"Question: Which food contains the most potassium?

Helpful evidence from similar images:
- Q: Is the donut filled?
  A: no
- Q: What's the name of the largest pastry?
  A: donut
- Q: How many bananas are pictured?
  A: 2

Best matching evidence answer: no

Answer the question using the image. If the best matching evidence is relevant, use it.
Answer:",Is the donut filled? || What's the name of the largest pastry? || How many bananas are pictured?,no || donut || 2,"no, donut, 2",no,0.0,352
short_evidence,2587001,2587,What is not healthy in the baggie?,donut|doughnut|donut,no,0.0,"Question: What is not healthy in the baggie?

Helpful evidence from similar images:
- Q: Is the donut filled?
  A: no
- Q: What's the name of the largest pastry?
  A: donut
- Q: How many bananas are pictured?
  A: 2

Best matching evidence answer: no

Answer the question using the image. If the best matching evidence is relevant, use it.
Answer:",Is the donut filled? || What's the name of the largest pastry? || How many bananas are pictured?,no || donut || 2,"no, donut, 2",no,0.0,347
candidate_constrained,2529010,2529,Is there snow on the ground?,no|no|no,,0.0,"Question: Is there snow on the ground?

Similar-image evidence:
- Q: Is there a blue car?
  A: no
- Q: Are the street lights turned on?
  A: no
- Q: What color is the building with the clock on it?
  A: white

Candidate answers:
no, white

Choose the best answer from the candidate answers if one matches the image.
If none match, answer normally.

Answer:",Is there a blue car? || Are the street lights turned on? || What color is the building with the clock on it?,no || no || white,"no, white",no,0.0,356
candidate_constrained,2532000,2532,Is the skier going downhill?,no|no|yes,,0.0,"Question: Is the skier going downhill?

Similar-image evidence:
- Q: What weather conditions appear in this scene?
  A: cloudy
- Q: What color is the backpack?
  A: red
- Q: Does the shadow fall to the skiers left or to the right?
  A: left

Candidate answers:
cloudy, red, left

Choose the best answer from the candidate answers if one matches the image.
If none match, answer normally.

Answer:",What weather conditions appear in this scene? || What color is the backpack? || Does the shadow fall to the skiers left or to the right?,cloudy || red || left,"cloudy, red, left",cloudy,0.0,396
candidate_constrained,2532001,2532,How do you know this skier is not alone on the mountain?,someone had to take photo|tracks|other ski tracks and footprints,,0.0,"Question: How do you know this skier is not alone on the mountain?

Similar-image evidence:
- Q: What weather conditions appear in this scene?
  A: cloudy
- Q: What color is the backpack?
  A: red
- Q: Does the shadow fall to the skiers left or to the right?
  A: left

Candidate answers:
cloudy, red, left

Choose the best answer from the candidate answers if one matches the image.
If none match, answer normally.

Answer:",What weather conditions appear in this scene? || What color is the backpack? || Does the shadow fall to the skiers left or to the right?,cloudy || red || left,"cloudy, red, left",cloudy,0.0,424
candidate_constrained,2532002,2532,How cold is it?,cold|15 degrees|freezing,,0.0,"Question: How cold is it?

Similar-image evidence:
- Q: What weather conditions appear in this scene?
  A: cloudy
- Q: What color is the backpack?
  A: red
- Q: Does the shadow fall to the skiers left or to the right?
  A: left

Candidate answers:
cloudy, red, left

Choose the best answer from the candidate answers if one matches the image.
If none match, answer normally.

Answer:",What weather conditions appear in this scene? || What color is the backpack? || Does the shadow fall to the skiers left or to the right?,cloudy || red || left,"cloudy, red, left",cloudy,0.0,383
candidate_constrained,2532003,2532,Is it a sunny or cloudy day?,sunny|cloudy|cloudy,,0.0,"Question: Is it a sunny or cloudy day?

Similar-image evidence:
- Q: What weather conditions appear in this scene?
  A: cloudy
- Q: What color is the backpack?
  A: red
- Q: Does the shadow fall to the skiers left or to the right?
  A: left

Candidate answers:
cloudy, red, left

Choose the best answer from the candidate answers if one matches the image.
If none match, answer normally.

Answer:",What weather conditions appear in this scene? || What color is the backpack? || Does the shadow fall to the skiers left or to the right?,cloudy || red || left,"cloudy, red, left",left,0.1111,396
candidate_constrained,2532004,2532,What color is the sky?,blue|blue|blue,,0.0,"Question: What color is the sky?

Similar-image evidence:
- Q: What weather conditions appear in this scene?
  A: cloudy
- Q: What color is the backpack?
  A: red
- Q: Does the shadow fall to the skiers left or to the right?
  A: left

Candidate answers:
cloudy, red, left

Choose the best answer from the candidate answers if one matches the image.
If none match, answer normally.

Answer:",What weather conditions appear in this scene? || What color is the backpack? || Does the shadow fall to the skiers left or to the right?,cloudy || red || left,"cloudy, red, left",red,0.3333,390
candidate_constrained,395749000,395749,What filter is being used in this image?,black and white|black & white|black and white,4,0.0,"Question: What filter is being used in this image?

Similar-image evidence:
- Q: How many people are on the bench?
  A: 4
- Q: Is the man alone on the bench?
  A: yes
- Q: Are they on the beach?
  A: no

Candidate answers:
4, yes, no

Choose the best answer from the candidate answers if one matches the image.
If none match, answer normally.

Answer:",How many people are on the bench? || Is the man alone on the bench? || Are they on the beach?,4 || yes || no,"4, yes, no",4,0.0,351
candidate_constrained,395749001,395749,Are all the people elderly?,no|yes|no,4,0.0,"Question: Are all the people elderly?

Similar-image evidence:
- Q: How many people are on the bench?
  A: 4
- Q: Is the man alone on the bench?
  A: yes
- Q: Are they on the beach?
  A: no

Candidate answers:
4, yes, no

Choose the best answer from the candidate answers if one matches the image.
If none match, answer normally.

Answer:",How many people are on the bench? || Is the man alone on the bench? || Are they on the beach?,4 || yes || no,"4, yes, no",4,0.2,338
candidate_constrained,395749002,395749,How many people can be seen?,4|4|4,4,1.0,"Question: How many people can be seen?

Similar-image evidence:
- Q: How many people are on the bench?
  A: 4
- Q: Is the man alone on the bench?
  A: yes
- Q: Are they on the beach?
  A: no

Candidate answers:
4, yes, no

Choose the best answer from the candidate answers if one matches the image.
If none match, answer normally.

Answer:",How many people are on the bench? || Is the man alone on the bench? || Are they on the beach?,4 || yes || no,"4, yes, no",4,0.5,339
candidate_constrained,395749003,395749,What ocean might this be?,atlantic|antarctic|atlantic,4,0.0,"Question: What ocean might this be?

Similar-image evidence:
- Q: How many people are on the bench?
  A: 4
- Q: Is the man alone on the bench?
  A: yes
- Q: Are they on the beach?
  A: no

Candidate answers:
4, yes, no

Choose the best answer from the candidate answers if one matches the image.
If none match, answer normally.

Answer:",How many people are on the bench? || Is the man alone on the bench? || Are they on the beach?,4 || yes || no,"4, yes, no",4,0.0,336
candidate_constrained,395749004,395749,How many people are in the photo?,4|4|4,4,1.0,"Question: How many people are in the photo?

Similar-image evidence:
- Q: How many people are on the bench?
  A: 4
- Q: Is the man alone on the bench?
  A: yes
- Q: Are they on the beach?
  A: no

Candidate answers:
4, yes, no

Choose the best answer from the candidate answers if one matches the image.
If none match, answer normally.

Answer:",How many people are on the bench? || Is the man alone on the bench? || Are they on the beach?,4 || yes || no,"4, yes, no",4,0.5,344
candidate_constrained,395752000,395752,What color are the mums in the front of the photo?,"pink|red|pink, red, yellow",,0.0,"Question: What color are the mums in the front of the photo?

Similar-image evidence:
- Q: Which route is the red bus running?
  A: special
- Q: How many levels is the bus?
  A: 1
- Q: Does the train carry passengers?
  A: yes

Candidate answers:
special, 1, yes

Choose the best answer from the candidate answers if one matches the image.
If none match, answer normally.

Answer:",Which route is the red bus running? || How many levels is the bus? || Does the train carry passengers?,special || 1 || yes,"special, 1, yes",special,0.0,380
candidate_constrained,395752001,395752,Can a mail truck fit behind the bus to pick up the mail?,yes|yes|yes,special,0.0,"Question: Can a mail truck fit behind the bus to pick up the mail?

Similar-image evidence:
- Q: Which route is the red bus running?
  A: special
- Q: How many levels is the bus?
  A: 1
- Q: Does the train carry passengers?
  A: yes

Candidate answers:
special, 1, yes

Choose the best answer from the candidate answers if one matches the image.
If none match, answer normally.

Answer:",Which route is the red bus running? || How many levels is the bus? || Does the train carry passengers?,special || 1 || yes,"special, 1, yes",1,0.1111,386
candidate_constrained,395752002,395752,"What  ""Over the Rainbow"" singer sang about this vehicle?",judy garland|judy garland|train,,0.0,"Question: What  ""Over the Rainbow"" singer sang about this vehicle?

Similar-image evidence:
- Q: Which route is the red bus running?
  A: special
- Q: How many levels is the bus?
  A: 1
- Q: Does the train carry passengers?
  A: yes

Candidate answers:
special, 1, yes

Choose the best answer from the candidate answers if one matches the image.
If none match, answer normally.

Answer:",Which route is the red bus running? || How many levels is the bus? || Does the train carry passengers?,special || 1 || yes,"special, 1, yes",special,0.0,386
candidate_constrained,395752003,395752,What color are the hubcaps?,red|red|red,special,0.0,"Question: What color are the hubcaps?

Similar-image evidence:
- Q: Which route is the red bus running?
  A: special
- Q: How many levels is the bus?
  A: 1
- Q: Does the train carry passengers?
  A: yes

Candidate answers:
special, 1, yes

Choose the best answer from the candidate answers if one matches the image.
If none match, answer normally.

Answer:",Which route is the red bus running? || How many levels is the bus? || Does the train carry passengers?,special || 1 || yes,"special, 1, yes",special,0.0,357
candidate_constrained,395752004,395752,Is someone getting on this street car?,yes|yes|yes,special,0.0,"Question: Is someone getting on this street car?

Similar-image evidence:
- Q: Which route is the red bus running?
  A: special
- Q: How many levels is the bus?
  A: 1
- Q: Does the train carry passengers?
  A: yes

Candidate answers:
special, 1, yes

Choose the best answer from the candidate answers if one matches the image.
If none match, answer normally.

Answer:",Which route is the red bus running? || How many levels is the bus? || Does the train carry passengers?,special || 1 || yes,"special, 1, yes",special,0.0,368
candidate_constrained,264683000,264683,Is this airplane inside?,yes|yes|yes,,0.0,"Question: Is this airplane inside?

Similar-image evidence:
- Q: What is hanging?
  A: planes
- Q: What is the ID number of the plane?
  A: 0230
- Q: What number is on the side?
  A: 23

Candidate answers:
planes, 0230, 23

Choose the best answer from the candidate answers if one matches the image.
If none match, answer normally.

Answer:",What is hanging? || What is the ID number of the plane? || What number is on the side?,planes || 0230 || 23,"planes, 0230, 23",planes,0.0,340
candidate_constrained,264683001,264683,What airline does the plane fly for?,air france|air france|air france,,0.0,"Question: What airline does the plane fly for?

Similar-image evidence:
- Q: What is hanging?
  A: planes
- Q: What is the ID number of the plane?
  A: 0230
- Q: What number is on the side?
  A: 23

Candidate answers:
planes, 0230, 23

Choose the best answer from the candidate answers if one matches the image.
If none match, answer normally.

Answer:",What is hanging? || What is the ID number of the plane? || What number is on the side?,planes || 0230 || 23,"planes, 0230, 23",0230,0.2,352
candidate_constrained,264683002,264683,Are there planes hanging?,yes|yes|yes,,0.0,"Question: Are there planes hanging?

Similar-image evidence:
- Q: What is hanging?
  A: planes
- Q: What is the ID number of the plane?
  A: 0230
- Q: What number is on the side?
  A: 23

Candidate answers:
planes, 0230, 23

Choose the best answer from the candidate answers if one matches the image.
If none match, answer normally.

Answer:",What is hanging? || What is the ID number of the plane? || What number is on the side?,planes || 0230 || 23,"planes, 0230, 23",planes,0.5,341
candidate_constrained,264686000,264686,How many side tables are there?,2|2|2,,0.0,"Question: How many side tables are there?

Similar-image evidence:
- Q: What light source is here?
  A: sun
- Q: Is there a Turkish style rug on the floor?
  A: no
- Q: Is the room messy?
  A: no

Candidate answers:
sun, no

Choose the best answer from the candidate answers if one matches the image.
If none match, answer normally.

Answer:",What light source is here? || Is there a Turkish style rug on the floor? || Is the room messy?,sun || no || no,"sun, no",sun,0.0,341
candidate_constrained,264686001,264686,How many windows are on the wall?,3|3|3,,0.0,"Question: How many windows are on the wall?

Similar-image evidence:
- Q: What light source is here?
  A: sun
- Q: Is there a Turkish style rug on the floor?
  A: no
- Q: Is the room messy?
  A: no

Candidate answers:
sun, no

Choose the best answer from the candidate answers if one matches the image.
If none match, answer normally.

Answer:",What light source is here? || Is there a Turkish style rug on the floor? || Is the room messy?,sun || no || no,"sun, no",sun,0.0,343
candidate_constrained,264686002,264686,Is the TV a tube or flat screen?,tube|tube|tube,,0.0,"Question: Is the TV a tube or flat screen?

Similar-image evidence:
- Q: What light source is here?
  A: sun
- Q: Is there a Turkish style rug on the floor?
  A: no
- Q: Is the room messy?
  A: no

Candidate answers:
sun, no

Choose the best answer from the candidate answers if one matches the image.
If none match, answer normally.

Answer:",What light source is here? || Is there a Turkish style rug on the floor? || Is the room messy?,sun || no || no,"sun, no",sun,0.0,342
candidate_constrained,133619000,133619,What type of truck is it?,fire engine|fire truck|service truck,no,0.0,"Question: What type of truck is it?

Similar-image evidence:
- Q: Do you see a firefighter in the picture?
  A: no
- Q: Is this a fire truck?
  A: yes
- Q: How many headlights are on the truck?
  A: 8

Candidate answers:
no, yes, 8

Choose the best answer from the candidate answers if one matches the image.
If none match, answer normally.

Answer:",Do you see a firefighter in the picture? || Is this a fire truck? || How many headlights are on the truck?,no || yes || 8,"no, yes, 8",yes,0.3333,349
candidate_constrained,133619001,133619,What time of day is it?,night|night|night,no,0.0,"Question: What time of day is it?

Similar-image evidence:
- Q: Do you see a firefighter in the picture?
  A: no
- Q: Is this a fire truck?
  A: yes
- Q: How many headlights are on the truck?
  A: 8

Candidate answers:
no, yes, 8

Choose the best answer from the candidate answers if one matches the image.
If none match, answer normally.

Answer:",Do you see a firefighter in the picture? || Is this a fire truck? || How many headlights are on the truck?,no || yes || 8,"no, yes, 8",no,0.0,347
candidate_constrained,133619002,133619,What color is the light above the hood of the truck?,yellow|blue|blue,no,0.0,"Question: What color is the light above the hood of the truck?

Similar-image evidence:
- Q: Do you see a firefighter in the picture?
  A: no
- Q: Is this a fire truck?
  A: yes
- Q: How many headlights are on the truck?
  A: 8

Candidate answers:
no, yes, 8

Choose the best answer from the candidate answers if one matches the image.
If none match, answer normally.

Answer:",Do you see a firefighter in the picture? || Is this a fire truck? || How many headlights are on the truck?,no || yes || 8,"no, yes, 8",yes,0.1667,376
candidate_constrained,133620000,133620,Why does the woman have her hair up?,uniform|on duty|uniform,"blue, yes, book",0.0,"Question: Why does the woman have her hair up?

Similar-image evidence:
- Q: What color is the boys sweatshirt?
  A: blue
- Q: Does she have a wrist watch?
  A: yes
- Q: What is the woman reading?
  A: book

Candidate answers:
blue, yes, book

Choose the best answer from the candidate answers if one matches the image.
If none match, answer normally.

Answer:",What color is the boys sweatshirt? || Does she have a wrist watch? || What is the woman reading?,blue || yes || book,"blue, yes, book",book,0.2,360
candidate_constrained,133620001,133620,Is she wearing glasses?,yes|yes|yes,,0.0,"Question: Is she wearing glasses?

Similar-image evidence:
- Q: What color is the boys sweatshirt?
  A: blue
- Q: Does she have a wrist watch?
  A: yes
- Q: What is the woman reading?
  A: book

Candidate answers:
blue, yes, book

Choose the best answer from the candidate answers if one matches the image.
If none match, answer normally.

Answer:",What color is the boys sweatshirt? || Does she have a wrist watch? || What is the woman reading?,blue || yes || book,"blue, yes, book",yes,0.2,347
candidate_constrained,133620002,133620,What is she wearing on her head?,hat|helmet|hat,"blue, yes, book",0.0,"Question: What is she wearing on her head?

Similar-image evidence:
- Q: What color is the boys sweatshirt?
  A: blue
- Q: Does she have a wrist watch?
  A: yes
- Q: What is the woman reading?
  A: book

Candidate answers:
blue, yes, book

Choose the best answer from the candidate answers if one matches the image.
If none match, answer normally.

Answer:",What color is the boys sweatshirt? || Does she have a wrist watch? || What is the woman reading?,blue || yes || book,"blue, yes, book",yes,0.1667,356
candidate_constrained,133620003,133620,Is the woman happy?,yes|yes|yes,,0.0,"Question: Is the woman happy?

Similar-image evidence:
- Q: What color is the boys sweatshirt?
  A: blue
- Q: Does she have a wrist watch?
  A: yes
- Q: What is the woman reading?
  A: book

Candidate answers:
blue, yes, book

Choose the best answer from the candidate answers if one matches the image.
If none match, answer normally.

Answer:",What color is the boys sweatshirt? || Does she have a wrist watch? || What is the woman reading?,blue || yes || book,"blue, yes, book",book,0.3333,343
candidate_constrained,526837000,526837,Is this man dressed for the weather?,yes|yes|yes,skis,0.0,"Question: Is this man dressed for the weather?

Similar-image evidence:
- Q: What are the long sticks under the person's feet?
  A: skis
- Q: Is this a winter landscape?
  A: yes
- Q: Is it cold?
  A: yes

Candidate answers:
skis, yes

Choose the best answer from the candidate answers if one matches the image.
If none match, answer normally.

Answer:",What are the long sticks under the person's feet? || Is this a winter landscape? || Is it cold?,skis || yes || yes,"skis, yes",skis,0.0,352
candidate_constrained,526837001,526837,What is this man holding?,ski pole|ski poles|poles,skis,0.3333,"Question: What is this man holding?

Similar-image evidence:
- Q: What are the long sticks under the person's feet?
  A: skis
- Q: Is this a winter landscape?
  A: yes
- Q: Is it cold?
  A: yes

Candidate answers:
skis, yes

Choose the best answer from the candidate answers if one matches the image.
If none match, answer normally.

Answer:",What are the long sticks under the person's feet? || Is this a winter landscape? || Is it cold?,skis || yes || yes,"skis, yes",skis,0.0,341
candidate_constrained,526837002,526837,What is covering the ground?,snow|snow|snow,skis,0.0,"Question: What is covering the ground?

Similar-image evidence:
- Q: What are the long sticks under the person's feet?
  A: skis
- Q: Is this a winter landscape?
  A: yes
- Q: Is it cold?
  A: yes

Candidate answers:
skis, yes

Choose the best answer from the candidate answers if one matches the image.
If none match, answer normally.

Answer:",What are the long sticks under the person's feet? || Is this a winter landscape? || Is it cold?,skis || yes || yes,"skis, yes",skis,0.0,344
candidate_constrained,133622000,133622,Are these vegetables or fruits?,vegetables|vegetables|vegetables,"cod, yes",0.0,"Question: Are these vegetables or fruits?

Similar-image evidence:
- Q: What kind of fish is in the image?
  A: cod
- Q: What color is the plate?
  A: white
- Q: Is this a balanced meal?
  A: yes

Candidate answers:
cod, white, yes

Choose the best answer from the candidate answers if one matches the image.
If none match, answer normally.

Answer:",What kind of fish is in the image? || What color is the plate? || Is this a balanced meal?,cod || white || yes,"cod, white, yes",cod,0.0,349
candidate_constrained,133622001,133622,What is the yellow topping?,cheese|glaze|cheese,"cod, yes",0.0,"Question: What is the yellow topping?

Similar-image evidence:
- Q: What kind of fish is in the image?
  A: cod
- Q: What color is the plate?
  A: white
- Q: Is this a balanced meal?
  A: yes

Candidate answers:
cod, white, yes

Choose the best answer from the candidate answers if one matches the image.
If none match, answer normally.

Answer:",What kind of fish is in the image? || What color is the plate? || Is this a balanced meal?,cod || white || yes,"cod, white, yes",cod,0.0,345
candidate_constrained,133622002,133622,Is this a high class dish?,yes|yes|no,"cod, yes",0.0,"Question: Is this a high class dish?

Similar-image evidence:
- Q: What kind of fish is in the image?
  A: cod
- Q: What color is the plate?
  A: white
- Q: Is this a balanced meal?
  A: yes

Candidate answers:
cod, white, yes

Choose the best answer from the candidate answers if one matches the image.
If none match, answer normally.

Answer:",What kind of fish is in the image? || What color is the plate? || Is this a balanced meal?,cod || white || yes,"cod, white, yes",cod,0.0,344
candidate_constrained,133622003,133622,What is the long thin food with seeds?,broccoli|cake|cheese,"cod, yes",0.0,"Question: What is the long thin food with seeds?

Similar-image evidence:
- Q: What kind of fish is in the image?
  A: cod
- Q: What color is the plate?
  A: white
- Q: Is this a balanced meal?
  A: yes

Candidate answers:
cod, white, yes

Choose the best answer from the candidate answers if one matches the image.
If none match, answer normally.

Answer:",What kind of fish is in the image? || What color is the plate? || Is this a balanced meal?,cod || white || yes,"cod, white, yes",cod,0.0,356
candidate_constrained,133622004,133622,What is the green topping?,broccoli|broccoli|broccoli,"cod, yes",0.0,"Question: What is the green topping?

Similar-image evidence:
- Q: What kind of fish is in the image?
  A: cod
- Q: What color is the plate?
  A: white
- Q: Is this a balanced meal?
  A: yes

Candidate answers:
cod, white, yes

Choose the best answer from the candidate answers if one matches the image.
If none match, answer normally.

Answer:",What kind of fish is in the image? || What color is the plate? || Is this a balanced meal?,cod || white || yes,"cod, white, yes",cod,0.0,344
candidate_constrained,133622005,133622,What is the yellow item pictured?,cheese|cake|cheese,"cod, yes",0.0,"Question: What is the yellow item pictured?

Similar-image evidence:
- Q: What kind of fish is in the image?
  A: cod
- Q: What color is the plate?
  A: white
- Q: Is this a balanced meal?
  A: yes

Candidate answers:
cod, white, yes

Choose the best answer from the candidate answers if one matches the image.
If none match, answer normally.

Answer:",What kind of fish is in the image? || What color is the plate? || Is this a balanced meal?,cod || white || yes,"cod, white, yes",cod,0.0,351
candidate_constrained,133622006,133622,How are the eggs cooked?,scrambled|scramble|omelet,"white, yes",0.0,"Question: How are the eggs cooked?

Similar-image evidence:
- Q: What kind of fish is in the image?
  A: cod
- Q: What color is the plate?
  A: white
- Q: Is this a balanced meal?
  A: yes

Candidate answers:
cod, white, yes

Choose the best answer from the candidate answers if one matches the image.
If none match, answer normally.

Answer:",What kind of fish is in the image? || What color is the plate? || Is this a balanced meal?,cod || white || yes,"cod, white, yes",cod,0.0,342
candidate_constrained,133622007,133622,What vegetable is this?,broccoli|broccoli|broccoli,cod,0.0,"Question: What vegetable is this?

Similar-image evidence:
- Q: What kind of fish is in the image?
  A: cod
- Q: What color is the plate?
  A: white
- Q: Is this a balanced meal?
  A: yes

Candidate answers:
cod, white, yes

Choose the best answer from the candidate answers if one matches the image.
If none match, answer normally.

Answer:",What kind of fish is in the image? || What color is the plate? || Is this a balanced meal?,cod || white || yes,"cod, white, yes",cod,0.0,341
candidate_constrained,133622008,133622,What kinds of food are on the plate?,"breakfast|spinach|eggs, spinach","cod, yes",0.0,"Question: What kinds of food are on the plate?

Similar-image evidence:
- Q: What kind of fish is in the image?
  A: cod
- Q: What color is the plate?
  A: white
- Q: Is this a balanced meal?
  A: yes

Candidate answers:
cod, white, yes

Choose the best answer from the candidate answers if one matches the image.
If none match, answer normally.

Answer:",What kind of fish is in the image? || What color is the plate? || Is this a balanced meal?,cod || white || yes,"cod, white, yes",white,0.25,354
candidate_constrained,22271000,22271,Is this a bright and sunny day?,no|no|no,orange,0.0,"Question: Is this a bright and sunny day?

Similar-image evidence:
- Q: What color is the fence?
  A: orange
- Q: Where is the hydrant?
  A: sidewalk
- Q: Why was the train running behind?
  A: unknown

Candidate answers:
orange, sidewalk, unknown

Choose the best answer from the candidate answers if one matches the image.
If none match, answer normally.

Answer:",What color is the fence? || Where is the hydrant? || Why was the train running behind?,orange || sidewalk || unknown,"orange, sidewalk, unknown",orange,0.0,365
candidate_constrained,22271001,22271,Are there people in the picture?,yes|yes|yes,orange,0.0,"Question: Are there people in the picture?

Similar-image evidence:
- Q: What color is the fence?
  A: orange
- Q: Where is the hydrant?
  A: sidewalk
- Q: Why was the train running behind?
  A: unknown

Candidate answers:
orange, sidewalk, unknown

Choose the best answer from the candidate answers if one matches the image.
If none match, answer normally.

Answer:",What color is the fence? || Where is the hydrant? || Why was the train running behind?,orange || sidewalk || unknown,"orange, sidewalk, unknown",orange,0.0,366
candidate_constrained,22271002,22271,What is the name of the street sign on the ground?,western ave|western ave|western ave,orange,0.0,"Question: What is the name of the street sign on the ground?

Similar-image evidence:
- Q: What color is the fence?
  A: orange
- Q: Where is the hydrant?
  A: sidewalk
- Q: Why was the train running behind?
  A: unknown

Candidate answers:
orange, sidewalk, unknown

Choose the best answer from the candidate answers if one matches the image.
If none match, answer normally.

Answer:",What color is the fence? || Where is the hydrant? || Why was the train running behind?,orange || sidewalk || unknown,"orange, sidewalk, unknown",orange,0.0,384
candidate_constrained,133629000,133629,Is this a public place?,no|no|no,,0.0,"Question: Is this a public place?

Similar-image evidence:
- Q: What color is the chair?
  A: purple
- Q: What type of computer is on the desk?
  A: apple
- Q: Is there an iPhone on the table?
  A: yes

Candidate answers:
purple, apple, yes

Choose the best answer from the candidate answers if one matches the image.
If none match, answer normally.

Answer:",What color is the chair? || What type of computer is on the desk? || Is there an iPhone on the table?,purple || apple || yes,"purple, apple, yes",purple,0.0,358
candidate_constrained,133629001,133629,What color is the desk?,brown|brown|brown,,0.0,"Question: What color is the desk?

Similar-image evidence:
- Q: What color is the chair?
  A: purple
- Q: What type of computer is on the desk?
  A: apple
- Q: Is there an iPhone on the table?
  A: yes

Candidate answers:
purple, apple, yes

Choose the best answer from the candidate answers if one matches the image.
If none match, answer normally.

Answer:",What color is the chair? || What type of computer is on the desk? || Is there an iPhone on the table?,purple || apple || yes,"purple, apple, yes",purple,0.3333,358
candidate_constrained,133629002,133629,How many chairs have wheels?,1|1|1,,0.0,"Question: How many chairs have wheels?

Similar-image evidence:
- Q: What color is the chair?
  A: purple
- Q: What type of computer is on the desk?
  A: apple
- Q: Is there an iPhone on the table?
  A: yes

Candidate answers:
purple, apple, yes

Choose the best answer from the candidate answers if one matches the image.
If none match, answer normally.

Answer:",What color is the chair? || What type of computer is on the desk? || Is there an iPhone on the table?,purple || apple || yes,"purple, apple, yes",purple,0.0,363
candidate_constrained,133629003,133629,Is this chair in the way of people who might walk through?,no|no|no,,0.0,"Question: Is this chair in the way of people who might walk through?

Similar-image evidence:
- Q: What color is the chair?
  A: purple
- Q: What type of computer is on the desk?
  A: apple
- Q: Is there an iPhone on the table?
  A: yes

Candidate answers:
purple, apple, yes

Choose the best answer from the candidate answers if one matches the image.
If none match, answer normally.

Answer:",What color is the chair? || What type of computer is on the desk? || Is there an iPhone on the table?,purple || apple || yes,"purple, apple, yes",purple,0.1429,393
candidate_constrained,133629004,133629,Can these items be used to make food?,no|no|no,,0.0,"Question: Can these items be used to make food?

Similar-image evidence:
- Q: What color is the chair?
  A: purple
- Q: What type of computer is on the desk?
  A: apple
- Q: Is there an iPhone on the table?
  A: yes

Candidate answers:
purple, apple, yes

Choose the best answer from the candidate answers if one matches the image.
If none match, answer normally.

Answer:",What color is the chair? || What type of computer is on the desk? || Is there an iPhone on the table?,purple || apple || yes,"purple, apple, yes",purple,0.0,372
candidate_constrained,133629005,133629,What do people do here?,work|work|office work,,0.0,"Question: What do people do here?

Similar-image evidence:
- Q: What color is the chair?
  A: purple
- Q: What type of computer is on the desk?
  A: apple
- Q: Is there an iPhone on the table?
  A: yes

Candidate answers:
purple, apple, yes

Choose the best answer from the candidate answers if one matches the image.
If none match, answer normally.

Answer:",What color is the chair? || What type of computer is on the desk? || Is there an iPhone on the table?,purple || apple || yes,"purple, apple, yes",purple,0.0,358
candidate_constrained,133629006,133629,What color is the lampshade?,off white|white|white,,0.0,"Question: What color is the lampshade?

Similar-image evidence:
- Q: What color is the chair?
  A: purple
- Q: What type of computer is on the desk?
  A: apple
- Q: Is there an iPhone on the table?
  A: yes

Candidate answers:
purple, apple, yes

Choose the best answer from the candidate answers if one matches the image.
If none match, answer normally.

Answer:",What color is the chair? || What type of computer is on the desk? || Is there an iPhone on the table?,purple || apple || yes,"purple, apple, yes",purple,0.3333,363
candidate_constrained,133629007,133629,What type of computer is on the desk?,mac|laptop|laptop,,0.0,"Question: What type of computer is on the desk?

Similar-image evidence:
- Q: What color is the chair?
  A: purple
- Q: What type of computer is on the desk?
  A: apple
- Q: Is there an iPhone on the table?
  A: yes

Candidate answers:
purple, apple, yes

Choose the best answer from the candidate answers if one matches the image.
If none match, answer normally.

Answer:",What color is the chair? || What type of computer is on the desk? || Is there an iPhone on the table?,purple || apple || yes,"purple, apple, yes",apple,1.0,372
candidate_constrained,133631000,133631,"Which is longer, the Elephant's tusks or the Elephant's trunk?",trunk|trunk|trunk,1,0.0,"Question: Which is longer, the Elephant's tusks or the Elephant's trunk?

Similar-image evidence:
- Q: How many elephants are there?
  A: 1
- Q: Are the elephants drinking water?
  A: no
- Q: Has the elephant relieved itself recently?
  A: yes

Candidate answers:
1, no, yes

Choose the best answer from the candidate answers if one matches the image.
If none match, answer normally.

Answer:",How many elephants are there? || Are the elephants drinking water? || Has the elephant relieved itself recently?,1 || no || yes,"1, no, yes",yes,0.1,392
candidate_constrained,133631001,133631,Is it sunny out?,yes|yes|yes,1,0.0,"Question: Is it sunny out?

Similar-image evidence:
- Q: How many elephants are there?
  A: 1
- Q: Are the elephants drinking water?
  A: no
- Q: Has the elephant relieved itself recently?
  A: yes

Candidate answers:
1, no, yes

Choose the best answer from the candidate answers if one matches the image.
If none match, answer normally.

Answer:",How many elephants are there? || Are the elephants drinking water? || Has the elephant relieved itself recently?,1 || no || yes,"1, no, yes",1,0.0,346
candidate_constrained,133631002,133631,Does the elephant need water?,yes|yes|yes,1,0.0,"Question: Does the elephant need water?

Similar-image evidence:
- Q: How many elephants are there?
  A: 1
- Q: Are the elephants drinking water?
  A: no
- Q: Has the elephant relieved itself recently?
  A: yes

Candidate answers:
1, no, yes

Choose the best answer from the candidate answers if one matches the image.
If none match, answer normally.

Answer:",How many elephants are there? || Are the elephants drinking water? || Has the elephant relieved itself recently?,1 || no || yes,"1, no, yes",no,0.2,359
candidate_constrained,2562000,2562,What is the color scheme of the photo?,"white|white and blue|white, blue",,0.0,"Question: What is the color scheme of the photo?

Similar-image evidence:
- Q: What color is the woman's outfit?
  A: black
- Q: What sport is the man most likely playing?
  A: tennis
- Q: How many feet can be seen in this photo?
  A: 2

Candidate answers:
black, tennis, 2

Choose the best answer from the candidate answers if one matches the image.
If none match, answer normally.

Answer:",What color is the woman's outfit? || What sport is the man most likely playing? || How many feet can be seen in this photo?,black || tennis || 2,"black, tennis, 2",black,0.1667,391
candidate_constrained,2562001,2562,Are all the men tennis players?,yes|no|no,,0.0,"Question: Are all the men tennis players?

Similar-image evidence:
- Q: What color is the woman's outfit?
  A: black
- Q: What sport is the man most likely playing?
  A: tennis
- Q: How many feet can be seen in this photo?
  A: 2

Candidate answers:
black, tennis, 2

Choose the best answer from the candidate answers if one matches the image.
If none match, answer normally.

Answer:",What color is the woman's outfit? || What sport is the man most likely playing? || How many feet can be seen in this photo?,black || tennis || 2,"black, tennis, 2",black,0.0,384
candidate_constrained,2562002,2562,Is the man wearing a wristband?,yes|yes|yes,,0.0,"Question: Is the man wearing a wristband?

Similar-image evidence:
- Q: What color is the woman's outfit?
  A: black
- Q: What sport is the man most likely playing?
  A: tennis
- Q: How many feet can be seen in this photo?
  A: 2

Candidate answers:
black, tennis, 2

Choose the best answer from the candidate answers if one matches the image.
If none match, answer normally.

Answer:",What color is the woman's outfit? || What sport is the man most likely playing? || How many feet can be seen in this photo?,black || tennis || 2,"black, tennis, 2",tennis,0.1429,384
candidate_constrained,2562003,2562,What two brands are shown advertised behind the tennis player?,olympus and wta|olympus and wta|wta and olympus,,0.0,"Question: What two brands are shown advertised behind the tennis player?

Similar-image evidence:
- Q: What color is the woman's outfit?
  A: black
- Q: What sport is the man most likely playing?
  A: tennis
- Q: How many feet can be seen in this photo?
  A: 2

Candidate answers:
black, tennis, 2

Choose the best answer from the candidate answers if one matches the image.
If none match, answer normally.

Answer:",What color is the woman's outfit? || What sport is the man most likely playing? || How many feet can be seen in this photo?,black || tennis || 2,"black, tennis, 2",black,0.0,415
candidate_constrained,2562004,2562,What sport is being played?,tennis|tennis|tennis,,0.0,"Question: What sport is being played?

Similar-image evidence:
- Q: What color is the woman's outfit?
  A: black
- Q: What sport is the man most likely playing?
  A: tennis
- Q: How many feet can be seen in this photo?
  A: 2

Candidate answers:
black, tennis, 2

Choose the best answer from the candidate answers if one matches the image.
If none match, answer normally.

Answer:",What color is the woman's outfit? || What sport is the man most likely playing? || How many feet can be seen in this photo?,black || tennis || 2,"black, tennis, 2",tennis,0.1429,380
candidate_constrained,133636000,133636,What is the number on the left parking meter?,12|12|19,,0.0,"Question: What is the number on the left parking meter?

Similar-image evidence:
- Q: What is this a picture of?
  A: parking meter
- Q: When is the meter enforced?
  A: 9-6 m-f
- Q: Does the meter work?
  A: yes

Candidate answers:
parking meter, 9-6 m-f, yes

Choose the best answer from the candidate answers if one matches the image.
If none match, answer normally.

Answer:",What is this a picture of? || When is the meter enforced? || Does the meter work?,parking meter || 9-6 m-f || yes,"parking meter, 9-6 m-f, yes",9-6 m-f,0.2,378
candidate_constrained,133636001,133636,How much time is left?,0 time|expired|0,parking meter,0.0,"Question: How much time is left?

Similar-image evidence:
- Q: What is this a picture of?
  A: parking meter
- Q: When is the meter enforced?
  A: 9-6 m-f
- Q: Does the meter work?
  A: yes

Candidate answers:
parking meter, 9-6 m-f, yes

Choose the best answer from the candidate answers if one matches the image.
If none match, answer normally.

Answer:",What is this a picture of? || When is the meter enforced? || Does the meter work?,parking meter || 9-6 m-f || yes,"parking meter, 9-6 m-f, yes",parking meter,0.0,355
candidate_constrained,133636002,133636,What number is the parking meter on the right?,13|13|13,,0.0,"Question: What number is the parking meter on the right?

Similar-image evidence:
- Q: What is this a picture of?
  A: parking meter
- Q: When is the meter enforced?
  A: 9-6 m-f
- Q: Does the meter work?
  A: yes

Candidate answers:
parking meter, 9-6 m-f, yes

Choose the best answer from the candidate answers if one matches the image.
If none match, answer normally.

Answer:",What is this a picture of? || When is the meter enforced? || Does the meter work?,parking meter || 9-6 m-f || yes,"parking meter, 9-6 m-f, yes",9-6 m-f,0.2,379
candidate_constrained,133636003,133636,Is there any cars on the street?,no|no|0,,0.0,"Question: Is there any cars on the street?

Similar-image evidence:
- Q: What is this a picture of?
  A: parking meter
- Q: When is the meter enforced?
  A: 9-6 m-f
- Q: Does the meter work?
  A: yes

Candidate answers:
parking meter, 9-6 m-f, yes

Choose the best answer from the candidate answers if one matches the image.
If none match, answer normally.

Answer:",What is this a picture of? || When is the meter enforced? || Does the meter work?,parking meter || 9-6 m-f || yes,"parking meter, 9-6 m-f, yes",parking meter,0.0,365
candidate_constrained,133636004,133636,Are the meters rusted?,no|no|no,,0.0,"Question: Are the meters rusted?

Similar-image evidence:
- Q: What is this a picture of?
  A: parking meter
- Q: When is the meter enforced?
  A: 9-6 m-f
- Q: Does the meter work?
  A: yes

Candidate answers:
parking meter, 9-6 m-f, yes

Choose the best answer from the candidate answers if one matches the image.
If none match, answer normally.

Answer:",What is this a picture of? || When is the meter enforced? || Does the meter work?,parking meter || 9-6 m-f || yes,"parking meter, 9-6 m-f, yes",parking meter,0.0,355
candidate_constrained,133636005,133636,Is there time remaining on the meter?,yes|yes|no,,0.0,"Question: Is there time remaining on the meter?

Similar-image evidence:
- Q: What is this a picture of?
  A: parking meter
- Q: When is the meter enforced?
  A: 9-6 m-f
- Q: Does the meter work?
  A: yes

Candidate answers:
parking meter, 9-6 m-f, yes

Choose the best answer from the candidate answers if one matches the image.
If none match, answer normally.

Answer:",What is this a picture of? || When is the meter enforced? || Does the meter work?,parking meter || 9-6 m-f || yes,"parking meter, 9-6 m-f, yes",9-6 m-f,0.25,370
candidate_constrained,133636006,133636,How many meters are there?,2|2|2,parking meter,0.0,"Question: How many meters are there?

Similar-image evidence:
- Q: What is this a picture of?
  A: parking meter
- Q: When is the meter enforced?
  A: 9-6 m-f
- Q: Does the meter work?
  A: yes

Candidate answers:
parking meter, 9-6 m-f, yes

Choose the best answer from the candidate answers if one matches the image.
If none match, answer normally.

Answer:",What is this a picture of? || When is the meter enforced? || Does the meter work?,parking meter || 9-6 m-f || yes,"parking meter, 9-6 m-f, yes",parking meter,0.0,359
candidate_constrained,133645000,133645,Is there someone on the bench?,no|no|no,,0.0,"Question: Is there someone on the bench?

Similar-image evidence:
- Q: What color is the two-story house?
  A: blue
- Q: What number of boats are in this harbor?
  A: 25
- Q: Where is word empty?
  A: boat

Candidate answers:
blue, 25, boat

Choose the best answer from the candidate answers if one matches the image.
If none match, answer normally.

Answer:",What color is the two-story house? || What number of boats are in this harbor? || Where is word empty?,blue || 25 || boat,"blue, 25, boat",blue,0.0,358
candidate_constrained,133645001,133645,Are the street lights turned on?,yes|yes|yes,,0.0,"Question: Are the street lights turned on?

Similar-image evidence:
- Q: What color is the two-story house?
  A: blue
- Q: What number of boats are in this harbor?
  A: 25
- Q: Where is word empty?
  A: boat

Candidate answers:
blue, 25, boat

Choose the best answer from the candidate answers if one matches the image.
If none match, answer normally.

Answer:",What color is the two-story house? || What number of boats are in this harbor? || Where is word empty?,blue || 25 || boat,"blue, 25, boat",blue,0.0,360
candidate_constrained,133645002,133645,Is the water clear?,no|yes|yes,,0.0,"Question: Is the water clear?

Similar-image evidence:
- Q: What color is the two-story house?
  A: blue
- Q: What number of boats are in this harbor?
  A: 25
- Q: Where is word empty?
  A: boat

Candidate answers:
blue, 25, boat

Choose the best answer from the candidate answers if one matches the image.
If none match, answer normally.

Answer:",What color is the two-story house? || What number of boats are in this harbor? || Where is word empty?,blue || 25 || boat,"blue, 25, boat",blue,0.0,347
candidate_constrained,133645003,133645,What type of boat is in the water?,private|sailboat|pontoon,,0.0,"Question: What type of boat is in the water?

Similar-image evidence:
- Q: What color is the two-story house?
  A: blue
- Q: What number of boats are in this harbor?
  A: 25
- Q: Where is word empty?
  A: boat

Candidate answers:
blue, 25, boat

Choose the best answer from the candidate answers if one matches the image.
If none match, answer normally.

Answer:",What color is the two-story house? || What number of boats are in this harbor? || Where is word empty?,blue || 25 || boat,"blue, 25, boat",blue,0.0,362
candidate_constrained,264718000,264718,How long is the parking on the street?,12 hours|2 hours|7 spots,,0.0,"Question: How long is the parking on the street?

Similar-image evidence:
- Q: What color is the curb below the stop sign?
  A: red
- Q: Is there a stop light?
  A: yes
- Q: What is on the picnic table?
  A: nothing

Candidate answers:
red, yes, nothing

Choose the best answer from the candidate answers if one matches the image.
If none match, answer normally.

Answer:",What color is the curb below the stop sign? || Is there a stop light? || What is on the picnic table?,red || yes || nothing,"red, yes, nothing",red,0.0,371
candidate_constrained,264718001,264718,Do you have to pay to park here?,yes|yes|yes,,0.0,"Question: Do you have to pay to park here?

Similar-image evidence:
- Q: What color is the curb below the stop sign?
  A: red
- Q: Is there a stop light?
  A: yes
- Q: What is on the picnic table?
  A: nothing

Candidate answers:
red, yes, nothing

Choose the best answer from the candidate answers if one matches the image.
If none match, answer normally.

Answer:",What color is the curb below the stop sign? || Is there a stop light? || What is on the picnic table?,red || yes || nothing,"red, yes, nothing",red,0.0,365
candidate_constrained,264718002,264718,Which side of the sign is the road on?,right|left|right,,0.0,"Question: Which side of the sign is the road on?

Similar-image evidence:
- Q: What color is the curb below the stop sign?
  A: red
- Q: Is there a stop light?
  A: yes
- Q: What is on the picnic table?
  A: nothing

Candidate answers:
red, yes, nothing

Choose the best answer from the candidate answers if one matches the image.
If none match, answer normally.

Answer:",What color is the curb below the stop sign? || Is there a stop light? || What is on the picnic table?,red || yes || nothing,"red, yes, nothing",red,0.125,371
candidate_constrained,264718003,264718,What does the sign read?,2 hour parking 8am to 8pm|parking|2 hour parking 8am-8pm,,0.0,"Question: What does the sign read?

Similar-image evidence:
- Q: What color is the curb below the stop sign?
  A: red
- Q: Is there a stop light?
  A: yes
- Q: What is on the picnic table?
  A: nothing

Candidate answers:
red, yes, nothing

Choose the best answer from the candidate answers if one matches the image.
If none match, answer normally.

Answer:",What color is the curb below the stop sign? || Is there a stop light? || What is on the picnic table?,red || yes || nothing,"red, yes, nothing",red,0.1667,357
candidate_constrained,264718004,264718,What does the sign say?,parking|2 hour parking|2 hour parking,,0.0,"Question: What does the sign say?

Similar-image evidence:
- Q: What color is the curb below the stop sign?
  A: red
- Q: Is there a stop light?
  A: yes
- Q: What is on the picnic table?
  A: nothing

Candidate answers:
red, yes, nothing

Choose the best answer from the candidate answers if one matches the image.
If none match, answer normally.

Answer:",What color is the curb below the stop sign? || Is there a stop light? || What is on the picnic table?,red || yes || nothing,"red, yes, nothing",red,0.1667,356
candidate_constrained,264718005,264718,What phone number is on the sign?,0|n/a|0,,0.0,"Question: What phone number is on the sign?

Similar-image evidence:
- Q: What color is the curb below the stop sign?
  A: red
- Q: Is there a stop light?
  A: yes
- Q: What is on the picnic table?
  A: nothing

Candidate answers:
red, yes, nothing

Choose the best answer from the candidate answers if one matches the image.
If none match, answer normally.

Answer:",What color is the curb below the stop sign? || Is there a stop light? || What is on the picnic table?,red || yes || nothing,"red, yes, nothing",red,0.1429,366
candidate_constrained,264718006,264718,What modes of transportation are in the picture?,cars|car|car,,0.0,"Question: What modes of transportation are in the picture?

Similar-image evidence:
- Q: What color is the curb below the stop sign?
  A: red
- Q: Is there a stop light?
  A: yes
- Q: What is on the picnic table?
  A: nothing

Candidate answers:
red, yes, nothing

Choose the best answer from the candidate answers if one matches the image.
If none match, answer normally.

Answer:",What color is the curb below the stop sign? || Is there a stop light? || What is on the picnic table?,red || yes || nothing,"red, yes, nothing",red,0.0,381
candidate_constrained,264718007,264718,What sign is to the right of the photo?,2 hour parking|parking|2 hour parking,,0.0,"Question: What sign is to the right of the photo?

Similar-image evidence:
- Q: What color is the curb below the stop sign?
  A: red
- Q: Is there a stop light?
  A: yes
- Q: What is on the picnic table?
  A: nothing

Candidate answers:
red, yes, nothing

Choose the best answer from the candidate answers if one matches the image.
If none match, answer normally.

Answer:",What color is the curb below the stop sign? || Is there a stop light? || What is on the picnic table?,red || yes || nothing,"red, yes, nothing",red,0.1429,372
candidate_constrained,133648000,133648,Is the bat blue?,yes|yes|yes,5,0.0,"Question: Is the bat blue?

Similar-image evidence:
- Q: How many people are in this picture?
  A: 5
- Q: What sport are they playing?
  A: baseball
- Q: How many players are in the field?
  A: 6

Candidate answers:
5, baseball, 6

Choose the best answer from the candidate answers if one matches the image.
If none match, answer normally.

Answer:",How many people are in this picture? || What sport are they playing? || How many players are in the field?,5 || baseball || 6,"5, baseball, 6",5,0.0,348
candidate_constrained,133648001,133648,Is the photo colored?,yes|yes|yes,5,0.0,"Question: Is the photo colored?

Similar-image evidence:
- Q: How many people are in this picture?
  A: 5
- Q: What sport are they playing?
  A: baseball
- Q: How many players are in the field?
  A: 6

Candidate answers:
5, baseball, 6

Choose the best answer from the candidate answers if one matches the image.
If none match, answer normally.

Answer:",How many people are in this picture? || What sport are they playing? || How many players are in the field?,5 || baseball || 6,"5, baseball, 6",5,0.0,353
candidate_constrained,133648002,133648,What color is the home plate umpire's shirt?,white|black|black,,0.0,"Question: What color is the home plate umpire's shirt?

Similar-image evidence:
- Q: How many people are in this picture?
  A: 5
- Q: What sport are they playing?
  A: baseball
- Q: How many players are in the field?
  A: 6

Candidate answers:
5, baseball, 6

Choose the best answer from the candidate answers if one matches the image.
If none match, answer normally.

Answer:",How many people are in this picture? || What sport are they playing? || How many players are in the field?,5 || baseball || 6,"5, baseball, 6",5,0.0,376
candidate_constrained,133648003,133648,Which game are they playing?,baseball|baseball|baseball,5,0.0,"Question: Which game are they playing?

Similar-image evidence:
- Q: How many people are in this picture?
  A: 5
- Q: What sport are they playing?
  A: baseball
- Q: How many players are in the field?
  A: 6

Candidate answers:
5, baseball, 6

Choose the best answer from the candidate answers if one matches the image.
If none match, answer normally.

Answer:",How many people are in this picture? || What sport are they playing? || How many players are in the field?,5 || baseball || 6,"5, baseball, 6",baseball,0.4,360
candidate_constrained,459182000,459182,What are they carrying?,surfboards|surfboards|surfboards,,0.0,"Question: What are they carrying?

Similar-image evidence:
- Q: Are there any plants?
  A: no
- Q: Where do you play this sport?
  A: ocean
- Q: What are the people caring in their arms?
  A: surfboards

Candidate answers:
no, ocean, surfboards

Choose the best answer from the candidate answers if one matches the image.
If none match, answer normally.

Answer:",Are there any plants? || Where do you play this sport? || What are the people caring in their arms?,no || ocean || surfboards,"no, ocean, surfboards",no,0.0,362
candidate_constrained,459182001,459182,What is in the foreground?,rocks|rocks|rocks,,0.0,"Question: What is in the foreground?

Similar-image evidence:
- Q: Are there any plants?
  A: no
- Q: Where do you play this sport?
  A: ocean
- Q: What are the people caring in their arms?
  A: surfboards

Candidate answers:
no, ocean, surfboards

Choose the best answer from the candidate answers if one matches the image.
If none match, answer normally.

Answer:",Are there any plants? || Where do you play this sport? || What are the people caring in their arms?,no || ocean || surfboards,"no, ocean, surfboards",no,0.0,365
candidate_constrained,459182002,459182,How many people are there?,2|2|2,,0.0,"Question: How many people are there?

Similar-image evidence:
- Q: Are there any plants?
  A: no
- Q: Where do you play this sport?
  A: ocean
- Q: What are the people caring in their arms?
  A: surfboards

Candidate answers:
no, ocean, surfboards

Choose the best answer from the candidate answers if one matches the image.
If none match, answer normally.

Answer:",Are there any plants? || Where do you play this sport? || What are the people caring in their arms?,no || ocean || surfboards,"no, ocean, surfboards",surfboards,0.2,365
candidate_constrained,395801000,395801,Is it morning or evening?,evening|morning|morning,white,0.0,"Question: Is it morning or evening?

Similar-image evidence:
- Q: What color is the front of the store on the left?
  A: white
- Q: Is the road having work done?
  A: no
- Q: How many bus cars can you see?
  A: 1

Candidate answers:
white, no, 1

Choose the best answer from the candidate answers if one matches the image.
If none match, answer normally.

Answer:",What color is the front of the store on the left? || Is the road having work done? || How many bus cars can you see?,white || no || 1,"white, no, 1",white,0.0,363
candidate_constrained,395801001,395801,How much does parking in the lot cost?,nothing|free|free,,0.0,"Question: How much does parking in the lot cost?

Similar-image evidence:
- Q: What color is the front of the store on the left?
  A: white
- Q: Is the road having work done?
  A: no
- Q: How many bus cars can you see?
  A: 1

Candidate answers:
white, no, 1

Choose the best answer from the candidate answers if one matches the image.
If none match, answer normally.

Answer:",What color is the front of the store on the left? || Is the road having work done? || How many bus cars can you see?,white || no || 1,"white, no, 1",white,0.0,376
candidate_constrained,395801002,395801,What is on the road?,car|car|cars,white,0.0,"Question: What is on the road?

Similar-image evidence:
- Q: What color is the front of the store on the left?
  A: white
- Q: Is the road having work done?
  A: no
- Q: How many bus cars can you see?
  A: 1

Candidate answers:
white, no, 1

Choose the best answer from the candidate answers if one matches the image.
If none match, answer normally.

Answer:",What color is the front of the store on the left? || Is the road having work done? || How many bus cars can you see?,white || no || 1,"white, no, 1",no,0.25,358
candidate_constrained,395801003,395801,How many people are in the picture?,7|7|11,white,0.0,"Question: How many people are in the picture?

Similar-image evidence:
- Q: What color is the front of the store on the left?
  A: white
- Q: Is the road having work done?
  A: no
- Q: How many bus cars can you see?
  A: 1

Candidate answers:
white, no, 1

Choose the best answer from the candidate answers if one matches the image.
If none match, answer normally.

Answer:",What color is the front of the store on the left? || Is the road having work done? || How many bus cars can you see?,white || no || 1,"white, no, 1",1,0.1429,373
candidate_constrained,395801004,395801,Do the people know each other?,no|no|no,white,0.0,"Question: Do the people know each other?

Similar-image evidence:
- Q: What color is the front of the store on the left?
  A: white
- Q: Is the road having work done?
  A: no
- Q: How many bus cars can you see?
  A: 1

Candidate answers:
white, no, 1

Choose the best answer from the candidate answers if one matches the image.
If none match, answer normally.

Answer:",What color is the front of the store on the left? || Is the road having work done? || How many bus cars can you see?,white || no || 1,"white, no, 1",white,0.0,368
candidate_constrained,395801005,395801,How could you carry things if you were riding this bike?,there is no bike|on my back|backpack,,0.0,"Question: How could you carry things if you were riding this bike?

Similar-image evidence:
- Q: What color is the front of the store on the left?
  A: white
- Q: Is the road having work done?
  A: no
- Q: How many bus cars can you see?
  A: 1

Candidate answers:
white, no, 1

Choose the best answer from the candidate answers if one matches the image.
If none match, answer normally.

Answer:",What color is the front of the store on the left? || Is the road having work done? || How many bus cars can you see?,white || no || 1,"white, no, 1",1,0.1,394
candidate_constrained,395801006,395801,How many people are in this scene?,25|15|9,white,0.0,"Question: How many people are in this scene?

Similar-image evidence:
- Q: What color is the front of the store on the left?
  A: white
- Q: Is the road having work done?
  A: no
- Q: How many bus cars can you see?
  A: 1

Candidate answers:
white, no, 1

Choose the best answer from the candidate answers if one matches the image.
If none match, answer normally.

Answer:",What color is the front of the store on the left? || Is the road having work done? || How many bus cars can you see?,white || no || 1,"white, no, 1",1,0.1429,372
candidate_constrained,395801007,395801,What time is it?,6:00|6:00|12:30,white,0.0,"Question: What time is it?

Similar-image evidence:
- Q: What color is the front of the store on the left?
  A: white
- Q: Is the road having work done?
  A: no
- Q: How many bus cars can you see?
  A: 1

Candidate answers:
white, no, 1

Choose the best answer from the candidate answers if one matches the image.
If none match, answer normally.

Answer:",What color is the front of the store on the left? || Is the road having work done? || How many bus cars can you see?,white || no || 1,"white, no, 1",white,0.0,354
candidate_constrained,264730000,264730,How many arches are under the clock?,2|2|2,roman,0.0,"Question: How many arches are under the clock?

Similar-image evidence:
- Q: What kind of numbers are on this clock?
  A: roman
- Q: How many bells?
  A: 3
- Q: Is there a painting over the arch?
  A: yes

Candidate answers:
roman, 3, yes

Choose the best answer from the candidate answers if one matches the image.
If none match, answer normally.

Answer:",What kind of numbers are on this clock? || How many bells? || Is there a painting over the arch?,roman || 3 || yes,"roman, 3, yes",3,0.2,356
candidate_constrained,264730001,264730,What time is it?,10:50|10:49|8:45,roman,0.0,"Question: What time is it?

Similar-image evidence:
- Q: What kind of numbers are on this clock?
  A: roman
- Q: How many bells?
  A: 3
- Q: Is there a painting over the arch?
  A: yes

Candidate answers:
roman, 3, yes

Choose the best answer from the candidate answers if one matches the image.
If none match, answer normally.

Answer:",What kind of numbers are on this clock? || How many bells? || Is there a painting over the arch?,roman || 3 || yes,"roman, 3, yes",roman,0.0,336
candidate_constrained,264730002,264730,Is a daytime or nighttime scene depicted?,nighttime|nighttime|night,roman,0.0,"Question: Is a daytime or nighttime scene depicted?

Similar-image evidence:
- Q: What kind of numbers are on this clock?
  A: roman
- Q: How many bells?
  A: 3
- Q: Is there a painting over the arch?
  A: yes

Candidate answers:
roman, 3, yes

Choose the best answer from the candidate answers if one matches the image.
If none match, answer normally.

Answer:",What kind of numbers are on this clock? || How many bells? || Is there a painting over the arch?,roman || 3 || yes,"roman, 3, yes",roman,0.0,361
candidate_constrained,264730003,264730,What kind of numbers are on the clock?,roman numerals|roman|roman numerals,roman,1.0,"Question: What kind of numbers are on the clock?

Similar-image evidence:
- Q: What kind of numbers are on this clock?
  A: roman
- Q: How many bells?
  A: 3
- Q: Is there a painting over the arch?
  A: yes

Candidate answers:
roman, 3, yes

Choose the best answer from the candidate answers if one matches the image.
If none match, answer normally.

Answer:",What kind of numbers are on this clock? || How many bells? || Is there a painting over the arch?,roman || 3 || yes,"roman, 3, yes",roman,1.0,358
candidate_constrained,2587000,2587,Which food contains the most potassium?,banana|banana|banana,,0.0,"Question: Which food contains the most potassium?

Similar-image evidence:
- Q: Is the donut filled?
  A: no
- Q: What's the name of the largest pastry?
  A: donut
- Q: How many bananas are pictured?
  A: 2

Candidate answers:
no, donut, 2

Choose the best answer from the candidate answers if one matches the image.
If none match, answer normally.

Answer:",Is the donut filled? || What's the name of the largest pastry? || How many bananas are pictured?,no || donut || 2,"no, donut, 2",no,0.0,357
candidate_constrained,2587001,2587,What is not healthy in the baggie?,donut|doughnut|donut,,0.0,"Question: What is not healthy in the baggie?

Similar-image evidence:
- Q: Is the donut filled?
  A: no
- Q: What's the name of the largest pastry?
  A: donut
- Q: How many bananas are pictured?
  A: 2

Candidate answers:
no, donut, 2

Choose the best answer from the candidate answers if one matches the image.
If none match, answer normally.

Answer:",Is the donut filled? || What's the name of the largest pastry? || How many bananas are pictured?,no || donut || 2,"no, donut, 2",no,0.0,352
question_match_priority,2529010,2529,Is there snow on the ground?,no|no|no,Q: Is there a blue car?,0.0,"Question: Is there snow on the ground?

Retrieved evidence from visually similar images:
1. Q: Is there a blue car?
   A: no
2. Q: Are the street lights turned on?
   A: no
3. Q: What color is the building with the clock on it?
   A: white

Best question-matched evidence:
Q: Is there a blue car?
A: no

Instruction:
If the best question-matched evidence is relevant to the current image, strongly prefer that answer.
Otherwise answer from the image.

Answer:",Is there a blue car? || Are the street lights turned on? || What color is the building with the clock on it?,no || no || white,"no, white",no,0.0,459
question_match_priority,2532000,2532,Is the skier going downhill?,no|no|yes,,0.0,"Question: Is the skier going downhill?

Retrieved evidence from visually similar images:
1. Q: What weather conditions appear in this scene?
   A: cloudy
2. Q: What color is the backpack?
   A: red
3. Q: Does the shadow fall to the skiers left or to the right?
   A: left

Best question-matched evidence:
Q: What weather conditions appear in this scene?
A: cloudy

Instruction:
If the best question-matched evidence is relevant to the current image, strongly prefer that answer.
Otherwise answer from the image.

Answer:",What weather conditions appear in this scene? || What color is the backpack? || Does the shadow fall to the skiers left or to the right?,cloudy || red || left,"cloudy, red, left",cloudy,0.0,520
question_match_priority,2532001,2532,How do you know this skier is not alone on the mountain?,someone had to take photo|tracks|other ski tracks and footprints,,0.0,"Question: How do you know this skier is not alone on the mountain?

Retrieved evidence from visually similar images:
1. Q: What weather conditions appear in this scene?
   A: cloudy
2. Q: What color is the backpack?
   A: red
3. Q: Does the shadow fall to the skiers left or to the right?
   A: left

Best question-matched evidence:
Q: What weather conditions appear in this scene?
A: cloudy

Instruction:
If the best question-matched evidence is relevant to the current image, strongly prefer that answer.
Otherwise answer from the image.

Answer:",What weather conditions appear in this scene? || What color is the backpack? || Does the shadow fall to the skiers left or to the right?,cloudy || red || left,"cloudy, red, left",cloudy,0.0,548
question_match_priority,2532002,2532,How cold is it?,cold|15 degrees|freezing,,0.0,"Question: How cold is it?

Retrieved evidence from visually similar images:
1. Q: What weather conditions appear in this scene?
   A: cloudy
2. Q: What color is the backpack?
   A: red
3. Q: Does the shadow fall to the skiers left or to the right?
   A: left

Best question-matched evidence:
Q: What weather conditions appear in this scene?
A: cloudy

Instruction:
If the best question-matched evidence is relevant to the current image, strongly prefer that answer.
Otherwise answer from the image.

Answer:",What weather conditions appear in this scene? || What color is the backpack? || Does the shadow fall to the skiers left or to the right?,cloudy || red || left,"cloudy, red, left",cloudy,0.0,507
question_match_priority,2532003,2532,Is it a sunny or cloudy day?,sunny|cloudy|cloudy,,0.0,"Question: Is it a sunny or cloudy day?

Retrieved evidence from visually similar images:
1. Q: What weather conditions appear in this scene?
   A: cloudy
2. Q: What color is the backpack?
   A: red
3. Q: Does the shadow fall to the skiers left or to the right?
   A: left

Best question-matched evidence:
Q: Does the shadow fall to the skiers left or to the right?
A: left

Instruction:
If the best question-matched evidence is relevant to the current image, strongly prefer that answer.
Otherwise answer from the image.

Answer:",What weather conditions appear in this scene? || What color is the backpack? || Does the shadow fall to the skiers left or to the right?,cloudy || red || left,"cloudy, red, left",left,0.1111,529
question_match_priority,2532004,2532,What color is the sky?,blue|blue|blue,,0.0,"Question: What color is the sky?

Retrieved evidence from visually similar images:
1. Q: What weather conditions appear in this scene?
   A: cloudy
2. Q: What color is the backpack?
   A: red
3. Q: Does the shadow fall to the skiers left or to the right?
   A: left

Best question-matched evidence:
Q: What color is the backpack?
A: red

Instruction:
If the best question-matched evidence is relevant to the current image, strongly prefer that answer.
Otherwise answer from the image.

Answer:",What weather conditions appear in this scene? || What color is the backpack? || Does the shadow fall to the skiers left or to the right?,cloudy || red || left,"cloudy, red, left",red,0.3333,493
question_match_priority,395749000,395749,What filter is being used in this image?,black and white|black & white|black and white,,0.0,"Question: What filter is being used in this image?

Retrieved evidence from visually similar images:
1. Q: How many people are on the bench?
   A: 4
2. Q: Is the man alone on the bench?
   A: yes
3. Q: Are they on the beach?
   A: no

Best question-matched evidence:
Q: How many people are on the bench?
A: 4

Instruction:
If the best question-matched evidence is relevant to the current image, strongly prefer that answer.
Otherwise answer from the image.

Answer:",How many people are on the bench? || Is the man alone on the bench? || Are they on the beach?,4 || yes || no,"4, yes, no",4,0.0,465
question_match_priority,395749001,395749,Are all the people elderly?,no|yes|no,How many people are on the bench?,0.0,"Question: Are all the people elderly?

Retrieved evidence from visually similar images:
1. Q: How many people are on the bench?
   A: 4
2. Q: Is the man alone on the bench?
   A: yes
3. Q: Are they on the beach?
   A: no

Best question-matched evidence:
Q: How many people are on the bench?
A: 4

Instruction:
If the best question-matched evidence is relevant to the current image, strongly prefer that answer.
Otherwise answer from the image.

Answer:",How many people are on the bench? || Is the man alone on the bench? || Are they on the beach?,4 || yes || no,"4, yes, no",4,0.2,452
question_match_priority,395749002,395749,How many people can be seen?,4|4|4,How many people are on the bench?,0.0,"Question: How many people can be seen?

Retrieved evidence from visually similar images:
1. Q: How many people are on the bench?
   A: 4
2. Q: Is the man alone on the bench?
   A: yes
3. Q: Are they on the beach?
   A: no

Best question-matched evidence:
Q: How many people are on the bench?
A: 4

Instruction:
If the best question-matched evidence is relevant to the current image, strongly prefer that answer.
Otherwise answer from the image.

Answer:",How many people are on the bench? || Is the man alone on the bench? || Are they on the beach?,4 || yes || no,"4, yes, no",4,0.5,453
question_match_priority,395749003,395749,What ocean might this be?,atlantic|antarctic|atlantic,,0.0,"Question: What ocean might this be?

Retrieved evidence from visually similar images:
1. Q: How many people are on the bench?
   A: 4
2. Q: Is the man alone on the bench?
   A: yes
3. Q: Are they on the beach?
   A: no

Best question-matched evidence:
Q: How many people are on the bench?
A: 4

Instruction:
If the best question-matched evidence is relevant to the current image, strongly prefer that answer.
Otherwise answer from the image.

Answer:",How many people are on the bench? || Is the man alone on the bench? || Are they on the beach?,4 || yes || no,"4, yes, no",4,0.0,450
question_match_priority,395749004,395749,How many people are in the photo?,4|4|4,,0.0,"Question: How many people are in the photo?

Retrieved evidence from visually similar images:
1. Q: How many people are on the bench?
   A: 4
2. Q: Is the man alone on the bench?
   A: yes
3. Q: Are they on the beach?
   A: no

Best question-matched evidence:
Q: How many people are on the bench?
A: 4

Instruction:
If the best question-matched evidence is relevant to the current image, strongly prefer that answer.
Otherwise answer from the image.

Answer:",How many people are on the bench? || Is the man alone on the bench? || Are they on the beach?,4 || yes || no,"4, yes, no",4,0.5,458
question_match_priority,395752000,395752,What color are the mums in the front of the photo?,"pink|red|pink, red, yellow",,0.0,"Question: What color are the mums in the front of the photo?

Retrieved evidence from visually similar images:
1. Q: Which route is the red bus running?
   A: special
2. Q: How many levels is the bus?
   A: 1
3. Q: Does the train carry passengers?
   A: yes

Best question-matched evidence:
Q: Which route is the red bus running?
A: special

Instruction:
If the best question-matched evidence is relevant to the current image, strongly prefer that answer.
Otherwise answer from the image.

Answer:",Which route is the red bus running? || How many levels is the bus? || Does the train carry passengers?,special || 1 || yes,"special, 1, yes",special,0.0,497
question_match_priority,395752001,395752,Can a mail truck fit behind the bus to pick up the mail?,yes|yes|yes,,0.0,"Question: Can a mail truck fit behind the bus to pick up the mail?

Retrieved evidence from visually similar images:
1. Q: Which route is the red bus running?
   A: special
2. Q: How many levels is the bus?
   A: 1
3. Q: Does the train carry passengers?
   A: yes

Best question-matched evidence:
Q: How many levels is the bus?
A: 1

Instruction:
If the best question-matched evidence is relevant to the current image, strongly prefer that answer.
Otherwise answer from the image.

Answer:",Which route is the red bus running? || How many levels is the bus? || Does the train carry passengers?,special || 1 || yes,"special, 1, yes",1,0.1111,489
question_match_priority,395752002,395752,"What  ""Over the Rainbow"" singer sang about this vehicle?",judy garland|judy garland|train,,0.0,"Question: What  ""Over the Rainbow"" singer sang about this vehicle?

Retrieved evidence from visually similar images:
1. Q: Which route is the red bus running?
   A: special
2. Q: How many levels is the bus?
   A: 1
3. Q: Does the train carry passengers?
   A: yes

Best question-matched evidence:
Q: Which route is the red bus running?
A: special

Instruction:
If the best question-matched evidence is relevant to the current image, strongly prefer that answer.
Otherwise answer from the image.

Answer:",Which route is the red bus running? || How many levels is the bus? || Does the train carry passengers?,special || 1 || yes,"special, 1, yes",special,0.0,503
question_match_priority,395752003,395752,What color are the hubcaps?,red|red|red,,0.0,"Question: What color are the hubcaps?

Retrieved evidence from visually similar images:
1. Q: Which route is the red bus running?
   A: special
2. Q: How many levels is the bus?
   A: 1
3. Q: Does the train carry passengers?
   A: yes

Best question-matched evidence:
Q: Which route is the red bus running?
A: special

Instruction:
If the best question-matched evidence is relevant to the current image, strongly prefer that answer.
Otherwise answer from the image.

Answer:",Which route is the red bus running? || How many levels is the bus? || Does the train carry passengers?,special || 1 || yes,"special, 1, yes",special,0.0,474
question_match_priority,395752004,395752,Is someone getting on this street car?,yes|yes|yes,,0.0,"Question: Is someone getting on this street car?

Retrieved evidence from visually similar images:
1. Q: Which route is the red bus running?
   A: special
2. Q: How many levels is the bus?
   A: 1
3. Q: Does the train carry passengers?
   A: yes

Best question-matched evidence:
Q: Which route is the red bus running?
A: special

Instruction:
If the best question-matched evidence is relevant to the current image, strongly prefer that answer.
Otherwise answer from the image.

Answer:",Which route is the red bus running? || How many levels is the bus? || Does the train carry passengers?,special || 1 || yes,"special, 1, yes",special,0.0,485
question_match_priority,264683000,264683,Is this airplane inside?,yes|yes|yes,,0.0,"Question: Is this airplane inside?

Retrieved evidence from visually similar images:
1. Q: What is hanging?
   A: planes
2. Q: What is the ID number of the plane?
   A: 0230
3. Q: What number is on the side?
   A: 23

Best question-matched evidence:
Q: What is hanging?
A: planes

Instruction:
If the best question-matched evidence is relevant to the current image, strongly prefer that answer.
Otherwise answer from the image.

Answer:",What is hanging? || What is the ID number of the plane? || What number is on the side?,planes || 0230 || 23,"planes, 0230, 23",planes,0.0,436
question_match_priority,264683001,264683,What airline does the plane fly for?,air france|air france|air france,Q: What is the ID number of the plane,0.0,"Question: What airline does the plane fly for?

Retrieved evidence from visually similar images:
1. Q: What is hanging?
   A: planes
2. Q: What is the ID number of the plane?
   A: 0230
3. Q: What number is on the side?
   A: 23

Best question-matched evidence:
Q: What is the ID number of the plane?
A: 0230

Instruction:
If the best question-matched evidence is relevant to the current image, strongly prefer that answer.
Otherwise answer from the image.

Answer:",What is hanging? || What is the ID number of the plane? || What number is on the side?,planes || 0230 || 23,"planes, 0230, 23",0230,0.2,465
question_match_priority,264683002,264683,Are there planes hanging?,yes|yes|yes,,0.0,"Question: Are there planes hanging?

Retrieved evidence from visually similar images:
1. Q: What is hanging?
   A: planes
2. Q: What is the ID number of the plane?
   A: 0230
3. Q: What number is on the side?
   A: 23

Best question-matched evidence:
Q: What is hanging?
A: planes

Instruction:
If the best question-matched evidence is relevant to the current image, strongly prefer that answer.
Otherwise answer from the image.

Answer:",What is hanging? || What is the ID number of the plane? || What number is on the side?,planes || 0230 || 23,"planes, 0230, 23",planes,0.5,437
question_match_priority,264686000,264686,How many side tables are there?,2|2|2,,0.0,"Question: How many side tables are there?

Retrieved evidence from visually similar images:
1. Q: What light source is here?
   A: sun
2. Q: Is there a Turkish style rug on the floor?
   A: no
3. Q: Is the room messy?
   A: no

Best question-matched evidence:
Q: What light source is here?
A: sun

Instruction:
If the best question-matched evidence is relevant to the current image, strongly prefer that answer.
Otherwise answer from the image.

Answer:",What light source is here? || Is there a Turkish style rug on the floor? || Is the room messy?,sun || no || no,"sun, no",sun,0.0,453
question_match_priority,264686001,264686,How many windows are on the wall?,3|3|3,,0.0,"Question: How many windows are on the wall?

Retrieved evidence from visually similar images:
1. Q: What light source is here?
   A: sun
2. Q: Is there a Turkish style rug on the floor?
   A: no
3. Q: Is the room messy?
   A: no

Best question-matched evidence:
Q: What light source is here?
A: sun

Instruction:
If the best question-matched evidence is relevant to the current image, strongly prefer that answer.
Otherwise answer from the image.

Answer:",What light source is here? || Is there a Turkish style rug on the floor? || Is the room messy?,sun || no || no,"sun, no",sun,0.0,455
question_match_priority,264686002,264686,Is the TV a tube or flat screen?,tube|tube|tube,,0.0,"Question: Is the TV a tube or flat screen?

Retrieved evidence from visually similar images:
1. Q: What light source is here?
   A: sun
2. Q: Is there a Turkish style rug on the floor?
   A: no
3. Q: Is the room messy?
   A: no

Best question-matched evidence:
Q: What light source is here?
A: sun

Instruction:
If the best question-matched evidence is relevant to the current image, strongly prefer that answer.
Otherwise answer from the image.

Answer:",What light source is here? || Is there a Turkish style rug on the floor? || Is the room messy?,sun || no || no,"sun, no",sun,0.0,454
question_match_priority,133619000,133619,What type of truck is it?,fire engine|fire truck|service truck,,0.0,"Question: What type of truck is it?

Retrieved evidence from visually similar images:
1. Q: Do you see a firefighter in the picture?
   A: no
2. Q: Is this a fire truck?
   A: yes
3. Q: How many headlights are on the truck?
   A: 8

Best question-matched evidence:
Q: Is this a fire truck?
A: yes

Instruction:
If the best question-matched evidence is relevant to the current image, strongly prefer that answer.
Otherwise answer from the image.

Answer:",Do you see a firefighter in the picture? || Is this a fire truck? || How many headlights are on the truck?,no || yes || 8,"no, yes, 8",yes,0.3333,453
question_match_priority,133619001,133619,What time of day is it?,night|night|night,,0.0,"Question: What time of day is it?

Retrieved evidence from visually similar images:
1. Q: Do you see a firefighter in the picture?
   A: no
2. Q: Is this a fire truck?
   A: yes
3. Q: How many headlights are on the truck?
   A: 8

Best question-matched evidence:
Q: Do you see a firefighter in the picture?
A: no

Instruction:
If the best question-matched evidence is relevant to the current image, strongly prefer that answer.
Otherwise answer from the image.

Answer:",Do you see a firefighter in the picture? || Is this a fire truck? || How many headlights are on the truck?,no || yes || 8,"no, yes, 8",no,0.0,469
question_match_priority,133619002,133619,What color is the light above the hood of the truck?,yellow|blue|blue,,0.0,"Question: What color is the light above the hood of the truck?

Retrieved evidence from visually similar images:
1. Q: Do you see a firefighter in the picture?
   A: no
2. Q: Is this a fire truck?
   A: yes
3. Q: How many headlights are on the truck?
   A: 8

Best question-matched evidence:
Q: Is this a fire truck?
A: yes

Instruction:
If the best question-matched evidence is relevant to the current image, strongly prefer that answer.
Otherwise answer from the image.

Answer:",Do you see a firefighter in the picture? || Is this a fire truck? || How many headlights are on the truck?,no || yes || 8,"no, yes, 8",yes,0.1667,480
question_match_priority,133620000,133620,Why does the woman have her hair up?,uniform|on duty|uniform,,0.0,"Question: Why does the woman have her hair up?

Retrieved evidence from visually similar images:
1. Q: What color is the boys sweatshirt?
   A: blue
2. Q: Does she have a wrist watch?
   A: yes
3. Q: What is the woman reading?
   A: book

Best question-matched evidence:
Q: What is the woman reading?
A: book

Instruction:
If the best question-matched evidence is relevant to the current image, strongly prefer that answer.
Otherwise answer from the image.

Answer:",What color is the boys sweatshirt? || Does she have a wrist watch? || What is the woman reading?,blue || yes || book,"blue, yes, book",book,0.2,465
question_match_priority,133620001,133620,Is she wearing glasses?,yes|yes|yes,,0.0,"Question: Is she wearing glasses?

Retrieved evidence from visually similar images:
1. Q: What color is the boys sweatshirt?
   A: blue
2. Q: Does she have a wrist watch?
   A: yes
3. Q: What is the woman reading?
   A: book

Best question-matched evidence:
Q: Does she have a wrist watch?
A: yes

Instruction:
If the best question-matched evidence is relevant to the current image, strongly prefer that answer.
Otherwise answer from the image.

Answer:",What color is the boys sweatshirt? || Does she have a wrist watch? || What is the woman reading?,blue || yes || book,"blue, yes, book",yes,0.2,453
question_match_priority,133620002,133620,What is she wearing on her head?,hat|helmet|hat,,0.0,"Question: What is she wearing on her head?

Retrieved evidence from visually similar images:
1. Q: What color is the boys sweatshirt?
   A: blue
2. Q: Does she have a wrist watch?
   A: yes
3. Q: What is the woman reading?
   A: book

Best question-matched evidence:
Q: Does she have a wrist watch?
A: yes

Instruction:
If the best question-matched evidence is relevant to the current image, strongly prefer that answer.
Otherwise answer from the image.

Answer:",What color is the boys sweatshirt? || Does she have a wrist watch? || What is the woman reading?,blue || yes || book,"blue, yes, book",yes,0.1667,462
question_match_priority,133620003,133620,Is the woman happy?,yes|yes|yes,,0.0,"Question: Is the woman happy?

Retrieved evidence from visually similar images:
1. Q: What color is the boys sweatshirt?
   A: blue
2. Q: Does she have a wrist watch?
   A: yes
3. Q: What is the woman reading?
   A: book

Best question-matched evidence:
Q: What is the woman reading?
A: book

Instruction:
If the best question-matched evidence is relevant to the current image, strongly prefer that answer.
Otherwise answer from the image.

Answer:",What color is the boys sweatshirt? || Does she have a wrist watch? || What is the woman reading?,blue || yes || book,"blue, yes, book",book,0.3333,448
question_match_priority,526837000,526837,Is this man dressed for the weather?,yes|yes|yes,,0.0,"Question: Is this man dressed for the weather?

Retrieved evidence from visually similar images:
1. Q: What are the long sticks under the person's feet?
   A: skis
2. Q: Is this a winter landscape?
   A: yes
3. Q: Is it cold?
   A: yes

Best question-matched evidence:
Q: What are the long sticks under the person's feet?
A: skis

Instruction:
If the best question-matched evidence is relevant to the current image, strongly prefer that answer.
Otherwise answer from the image.

Answer:",What are the long sticks under the person's feet? || Is this a winter landscape? || Is it cold?,skis || yes || yes,"skis, yes",skis,0.0,486
question_match_priority,526837001,526837,What is this man holding?,ski pole|ski poles|poles,,0.0,"Question: What is this man holding?

Retrieved evidence from visually similar images:
1. Q: What are the long sticks under the person's feet?
   A: skis
2. Q: Is this a winter landscape?
   A: yes
3. Q: Is it cold?
   A: yes

Best question-matched evidence:
Q: What are the long sticks under the person's feet?
A: skis

Instruction:
If the best question-matched evidence is relevant to the current image, strongly prefer that answer.
Otherwise answer from the image.

Answer:",What are the long sticks under the person's feet? || Is this a winter landscape? || Is it cold?,skis || yes || yes,"skis, yes",skis,0.0,475
question_match_priority,526837002,526837,What is covering the ground?,snow|snow|snow,,0.0,"Question: What is covering the ground?

Retrieved evidence from visually similar images:
1. Q: What are the long sticks under the person's feet?
   A: skis
2. Q: Is this a winter landscape?
   A: yes
3. Q: Is it cold?
   A: yes

Best question-matched evidence:
Q: What are the long sticks under the person's feet?
A: skis

Instruction:
If the best question-matched evidence is relevant to the current image, strongly prefer that answer.
Otherwise answer from the image.

Answer:",What are the long sticks under the person's feet? || Is this a winter landscape? || Is it cold?,skis || yes || yes,"skis, yes",skis,0.0,478
question_match_priority,133622000,133622,Are these vegetables or fruits?,vegetables|vegetables|vegetables,,0.0,"Question: Are these vegetables or fruits?

Retrieved evidence from visually similar images:
1. Q: What kind of fish is in the image?
   A: cod
2. Q: What color is the plate?
   A: white
3. Q: Is this a balanced meal?
   A: yes

Best question-matched evidence:
Q: What kind of fish is in the image?
A: cod

Instruction:
If the best question-matched evidence is relevant to the current image, strongly prefer that answer.
Otherwise answer from the image.

Answer:",What kind of fish is in the image? || What color is the plate? || Is this a balanced meal?,cod || white || yes,"cod, white, yes",cod,0.0,461
question_match_priority,133622001,133622,What is the yellow topping?,cheese|glaze|cheese,,0.0,"Question: What is the yellow topping?

Retrieved evidence from visually similar images:
1. Q: What kind of fish is in the image?
   A: cod
2. Q: What color is the plate?
   A: white
3. Q: Is this a balanced meal?
   A: yes

Best question-matched evidence:
Q: What kind of fish is in the image?
A: cod

Instruction:
If the best question-matched evidence is relevant to the current image, strongly prefer that answer.
Otherwise answer from the image.

Answer:",What kind of fish is in the image? || What color is the plate? || Is this a balanced meal?,cod || white || yes,"cod, white, yes",cod,0.0,457
question_match_priority,133622002,133622,Is this a high class dish?,yes|yes|no,,0.0,"Question: Is this a high class dish?

Retrieved evidence from visually similar images:
1. Q: What kind of fish is in the image?
   A: cod
2. Q: What color is the plate?
   A: white
3. Q: Is this a balanced meal?
   A: yes

Best question-matched evidence:
Q: What kind of fish is in the image?
A: cod

Instruction:
If the best question-matched evidence is relevant to the current image, strongly prefer that answer.
Otherwise answer from the image.

Answer:",What kind of fish is in the image? || What color is the plate? || Is this a balanced meal?,cod || white || yes,"cod, white, yes",cod,0.0,456
question_match_priority,133622003,133622,What is the long thin food with seeds?,broccoli|cake|cheese,Q: What kind of fish is in the image,0.0,"Question: What is the long thin food with seeds?

Retrieved evidence from visually similar images:
1. Q: What kind of fish is in the image?
   A: cod
2. Q: What color is the plate?
   A: white
3. Q: Is this a balanced meal?
   A: yes

Best question-matched evidence:
Q: What kind of fish is in the image?
A: cod

Instruction:
If the best question-matched evidence is relevant to the current image, strongly prefer that answer.
Otherwise answer from the image.

Answer:",What kind of fish is in the image? || What color is the plate? || Is this a balanced meal?,cod || white || yes,"cod, white, yes",cod,0.0,468
question_match_priority,133622004,133622,What is the green topping?,broccoli|broccoli|broccoli,,0.0,"Question: What is the green topping?

Retrieved evidence from visually similar images:
1. Q: What kind of fish is in the image?
   A: cod
2. Q: What color is the plate?
   A: white
3. Q: Is this a balanced meal?
   A: yes

Best question-matched evidence:
Q: What kind of fish is in the image?
A: cod

Instruction:
If the best question-matched evidence is relevant to the current image, strongly prefer that answer.
Otherwise answer from the image.

Answer:",What kind of fish is in the image? || What color is the plate? || Is this a balanced meal?,cod || white || yes,"cod, white, yes",cod,0.0,456
question_match_priority,133622005,133622,What is the yellow item pictured?,cheese|cake|cheese,,0.0,"Question: What is the yellow item pictured?

Retrieved evidence from visually similar images:
1. Q: What kind of fish is in the image?
   A: cod
2. Q: What color is the plate?
   A: white
3. Q: Is this a balanced meal?
   A: yes

Best question-matched evidence:
Q: What kind of fish is in the image?
A: cod

Instruction:
If the best question-matched evidence is relevant to the current image, strongly prefer that answer.
Otherwise answer from the image.

Answer:",What kind of fish is in the image? || What color is the plate? || Is this a balanced meal?,cod || white || yes,"cod, white, yes",cod,0.0,463
question_match_priority,133622006,133622,How are the eggs cooked?,scrambled|scramble|omelet,,0.0,"Question: How are the eggs cooked?

Retrieved evidence from visually similar images:
1. Q: What kind of fish is in the image?
   A: cod
2. Q: What color is the plate?
   A: white
3. Q: Is this a balanced meal?
   A: yes

Best question-matched evidence:
Q: What kind of fish is in the image?
A: cod

Instruction:
If the best question-matched evidence is relevant to the current image, strongly prefer that answer.
Otherwise answer from the image.

Answer:",What kind of fish is in the image? || What color is the plate? || Is this a balanced meal?,cod || white || yes,"cod, white, yes",cod,0.0,454
question_match_priority,133622007,133622,What vegetable is this?,broccoli|broccoli|broccoli,,0.0,"Question: What vegetable is this?

Retrieved evidence from visually similar images:
1. Q: What kind of fish is in the image?
   A: cod
2. Q: What color is the plate?
   A: white
3. Q: Is this a balanced meal?
   A: yes

Best question-matched evidence:
Q: What kind of fish is in the image?
A: cod

Instruction:
If the best question-matched evidence is relevant to the current image, strongly prefer that answer.
Otherwise answer from the image.

Answer:",What kind of fish is in the image? || What color is the plate? || Is this a balanced meal?,cod || white || yes,"cod, white, yes",cod,0.0,453
question_match_priority,133622008,133622,What kinds of food are on the plate?,"breakfast|spinach|eggs, spinach",Q: What kind of fish is in the image,0.0,"Question: What kinds of food are on the plate?

Retrieved evidence from visually similar images:
1. Q: What kind of fish is in the image?
   A: cod
2. Q: What color is the plate?
   A: white
3. Q: Is this a balanced meal?
   A: yes

Best question-matched evidence:
Q: What color is the plate?
A: white

Instruction:
If the best question-matched evidence is relevant to the current image, strongly prefer that answer.
Otherwise answer from the image.

Answer:",What kind of fish is in the image? || What color is the plate? || Is this a balanced meal?,cod || white || yes,"cod, white, yes",white,0.25,458
question_match_priority,22271000,22271,Is this a bright and sunny day?,no|no|no,,0.0,"Question: Is this a bright and sunny day?

Retrieved evidence from visually similar images:
1. Q: What color is the fence?
   A: orange
2. Q: Where is the hydrant?
   A: sidewalk
3. Q: Why was the train running behind?
   A: unknown

Best question-matched evidence:
Q: What color is the fence?
A: orange

Instruction:
If the best question-matched evidence is relevant to the current image, strongly prefer that answer.
Otherwise answer from the image.

Answer:",What color is the fence? || Where is the hydrant? || Why was the train running behind?,orange || sidewalk || unknown,"orange, sidewalk, unknown",orange,0.0,460
question_match_priority,22271001,22271,Are there people in the picture?,yes|yes|yes,,0.0,"Question: Are there people in the picture?

Retrieved evidence from visually similar images:
1. Q: What color is the fence?
   A: orange
2. Q: Where is the hydrant?
   A: sidewalk
3. Q: Why was the train running behind?
   A: unknown

Best question-matched evidence:
Q: What color is the fence?
A: orange

Instruction:
If the best question-matched evidence is relevant to the current image, strongly prefer that answer.
Otherwise answer from the image.

Answer:",What color is the fence? || Where is the hydrant? || Why was the train running behind?,orange || sidewalk || unknown,"orange, sidewalk, unknown",orange,0.0,461
question_match_priority,22271002,22271,What is the name of the street sign on the ground?,western ave|western ave|western ave,Q: What color is the fence?,0.0,"Question: What is the name of the street sign on the ground?

Retrieved evidence from visually similar images:
1. Q: What color is the fence?
   A: orange
2. Q: Where is the hydrant?
   A: sidewalk
3. Q: Why was the train running behind?
   A: unknown

Best question-matched evidence:
Q: What color is the fence?
A: orange

Instruction:
If the best question-matched evidence is relevant to the current image, strongly prefer that answer.
Otherwise answer from the image.

Answer:",What color is the fence? || Where is the hydrant? || Why was the train running behind?,orange || sidewalk || unknown,"orange, sidewalk, unknown",orange,0.0,479
question_match_priority,133629000,133629,Is this a public place?,no|no|no,,0.0,"Question: Is this a public place?

Retrieved evidence from visually similar images:
1. Q: What color is the chair?
   A: purple
2. Q: What type of computer is on the desk?
   A: apple
3. Q: Is there an iPhone on the table?
   A: yes

Best question-matched evidence:
Q: What color is the chair?
A: purple

Instruction:
If the best question-matched evidence is relevant to the current image, strongly prefer that answer.
Otherwise answer from the image.

Answer:",What color is the chair? || What type of computer is on the desk? || Is there an iPhone on the table?,purple || apple || yes,"purple, apple, yes",purple,0.0,460
question_match_priority,133629001,133629,What color is the desk?,brown|brown|brown,,0.0,"Question: What color is the desk?

Retrieved evidence from visually similar images:
1. Q: What color is the chair?
   A: purple
2. Q: What type of computer is on the desk?
   A: apple
3. Q: Is there an iPhone on the table?
   A: yes

Best question-matched evidence:
Q: What color is the chair?
A: purple

Instruction:
If the best question-matched evidence is relevant to the current image, strongly prefer that answer.
Otherwise answer from the image.

Answer:",What color is the chair? || What type of computer is on the desk? || Is there an iPhone on the table?,purple || apple || yes,"purple, apple, yes",purple,0.3333,460
question_match_priority,133629002,133629,How many chairs have wheels?,1|1|1,,0.0,"Question: How many chairs have wheels?

Retrieved evidence from visually similar images:
1. Q: What color is the chair?
   A: purple
2. Q: What type of computer is on the desk?
   A: apple
3. Q: Is there an iPhone on the table?
   A: yes

Best question-matched evidence:
Q: What color is the chair?
A: purple

Instruction:
If the best question-matched evidence is relevant to the current image, strongly prefer that answer.
Otherwise answer from the image.

Answer:",What color is the chair? || What type of computer is on the desk? || Is there an iPhone on the table?,purple || apple || yes,"purple, apple, yes",purple,0.0,465
question_match_priority,133629003,133629,Is this chair in the way of people who might walk through?,no|no|no,,0.0,"Question: Is this chair in the way of people who might walk through?

Retrieved evidence from visually similar images:
1. Q: What color is the chair?
   A: purple
2. Q: What type of computer is on the desk?
   A: apple
3. Q: Is there an iPhone on the table?
   A: yes

Best question-matched evidence:
Q: What color is the chair?
A: purple

Instruction:
If the best question-matched evidence is relevant to the current image, strongly prefer that answer.
Otherwise answer from the image.

Answer:",What color is the chair? || What type of computer is on the desk? || Is there an iPhone on the table?,purple || apple || yes,"purple, apple, yes",purple,0.1429,495
question_match_priority,133629004,133629,Can these items be used to make food?,no|no|no,,0.0,"Question: Can these items be used to make food?

Retrieved evidence from visually similar images:
1. Q: What color is the chair?
   A: purple
2. Q: What type of computer is on the desk?
   A: apple
3. Q: Is there an iPhone on the table?
   A: yes

Best question-matched evidence:
Q: What color is the chair?
A: purple

Instruction:
If the best question-matched evidence is relevant to the current image, strongly prefer that answer.
Otherwise answer from the image.

Answer:",What color is the chair? || What type of computer is on the desk? || Is there an iPhone on the table?,purple || apple || yes,"purple, apple, yes",purple,0.0,474
question_match_priority,133629005,133629,What do people do here?,work|work|office work,,0.0,"Question: What do people do here?

Retrieved evidence from visually similar images:
1. Q: What color is the chair?
   A: purple
2. Q: What type of computer is on the desk?
   A: apple
3. Q: Is there an iPhone on the table?
   A: yes

Best question-matched evidence:
Q: What color is the chair?
A: purple

Instruction:
If the best question-matched evidence is relevant to the current image, strongly prefer that answer.
Otherwise answer from the image.

Answer:",What color is the chair? || What type of computer is on the desk? || Is there an iPhone on the table?,purple || apple || yes,"purple, apple, yes",purple,0.0,460
question_match_priority,133629006,133629,What color is the lampshade?,off white|white|white,,0.0,"Question: What color is the lampshade?

Retrieved evidence from visually similar images:
1. Q: What color is the chair?
   A: purple
2. Q: What type of computer is on the desk?
   A: apple
3. Q: Is there an iPhone on the table?
   A: yes

Best question-matched evidence:
Q: What color is the chair?
A: purple

Instruction:
If the best question-matched evidence is relevant to the current image, strongly prefer that answer.
Otherwise answer from the image.

Answer:",What color is the chair? || What type of computer is on the desk? || Is there an iPhone on the table?,purple || apple || yes,"purple, apple, yes",purple,0.3333,465
question_match_priority,133629007,133629,What type of computer is on the desk?,mac|laptop|laptop,,0.0,"Question: What type of computer is on the desk?

Retrieved evidence from visually similar images:
1. Q: What color is the chair?
   A: purple
2. Q: What type of computer is on the desk?
   A: apple
3. Q: Is there an iPhone on the table?
   A: yes

Best question-matched evidence:
Q: What type of computer is on the desk?
A: apple

Instruction:
If the best question-matched evidence is relevant to the current image, strongly prefer that answer.
Otherwise answer from the image.

Answer:",What color is the chair? || What type of computer is on the desk? || Is there an iPhone on the table?,purple || apple || yes,"purple, apple, yes",apple,1.0,486
question_match_priority,133631000,133631,"Which is longer, the Elephant's tusks or the Elephant's trunk?",trunk|trunk|trunk,,0.0,"Question: Which is longer, the Elephant's tusks or the Elephant's trunk?

Retrieved evidence from visually similar images:
1. Q: How many elephants are there?
   A: 1
2. Q: Are the elephants drinking water?
   A: no
3. Q: Has the elephant relieved itself recently?
   A: yes

Best question-matched evidence:
Q: Has the elephant relieved itself recently?
A: yes

Instruction:
If the best question-matched evidence is relevant to the current image, strongly prefer that answer.
Otherwise answer from the image.

Answer:",How many elephants are there? || Are the elephants drinking water? || Has the elephant relieved itself recently?,1 || no || yes,"1, no, yes",yes,0.1,517
question_match_priority,133631001,133631,Is it sunny out?,yes|yes|yes,,0.0,"Question: Is it sunny out?

Retrieved evidence from visually similar images:
1. Q: How many elephants are there?
   A: 1
2. Q: Are the elephants drinking water?
   A: no
3. Q: Has the elephant relieved itself recently?
   A: yes

Best question-matched evidence:
Q: How many elephants are there?
A: 1

Instruction:
If the best question-matched evidence is relevant to the current image, strongly prefer that answer.
Otherwise answer from the image.

Answer:",How many elephants are there? || Are the elephants drinking water? || Has the elephant relieved itself recently?,1 || no || yes,"1, no, yes",1,0.0,456
question_match_priority,133631002,133631,Does the elephant need water?,yes|yes|yes,,0.0,"Question: Does the elephant need water?

Retrieved evidence from visually similar images:
1. Q: How many elephants are there?
   A: 1
2. Q: Are the elephants drinking water?
   A: no
3. Q: Has the elephant relieved itself recently?
   A: yes

Best question-matched evidence:
Q: Are the elephants drinking water?
A: no

Instruction:
If the best question-matched evidence is relevant to the current image, strongly prefer that answer.
Otherwise answer from the image.

Answer:",How many elephants are there? || Are the elephants drinking water? || Has the elephant relieved itself recently?,1 || no || yes,"1, no, yes",no,0.2,474
question_match_priority,2562000,2562,What is the color scheme of the photo?,"white|white and blue|white, blue",,0.0,"Question: What is the color scheme of the photo?

Retrieved evidence from visually similar images:
1. Q: What color is the woman's outfit?
   A: black
2. Q: What sport is the man most likely playing?
   A: tennis
3. Q: How many feet can be seen in this photo?
   A: 2

Best question-matched evidence:
Q: What color is the woman's outfit?
A: black

Instruction:
If the best question-matched evidence is relevant to the current image, strongly prefer that answer.
Otherwise answer from the image.

Answer:",What color is the woman's outfit? || What sport is the man most likely playing? || How many feet can be seen in this photo?,black || tennis || 2,"black, tennis, 2",black,0.1667,503
question_match_priority,2562001,2562,Are all the men tennis players?,yes|no|no,,0.0,"Question: Are all the men tennis players?

Retrieved evidence from visually similar images:
1. Q: What color is the woman's outfit?
   A: black
2. Q: What sport is the man most likely playing?
   A: tennis
3. Q: How many feet can be seen in this photo?
   A: 2

Best question-matched evidence:
Q: What color is the woman's outfit?
A: black

Instruction:
If the best question-matched evidence is relevant to the current image, strongly prefer that answer.
Otherwise answer from the image.

Answer:",What color is the woman's outfit? || What sport is the man most likely playing? || How many feet can be seen in this photo?,black || tennis || 2,"black, tennis, 2",black,0.0,496
question_match_priority,2562002,2562,Is the man wearing a wristband?,yes|yes|yes,,0.0,"Question: Is the man wearing a wristband?

Retrieved evidence from visually similar images:
1. Q: What color is the woman's outfit?
   A: black
2. Q: What sport is the man most likely playing?
   A: tennis
3. Q: How many feet can be seen in this photo?
   A: 2

Best question-matched evidence:
Q: What sport is the man most likely playing?
A: tennis

Instruction:
If the best question-matched evidence is relevant to the current image, strongly prefer that answer.
Otherwise answer from the image.

Answer:",What color is the woman's outfit? || What sport is the man most likely playing? || How many feet can be seen in this photo?,black || tennis || 2,"black, tennis, 2",tennis,0.1429,506
question_match_priority,2562003,2562,What two brands are shown advertised behind the tennis player?,olympus and wta|olympus and wta|wta and olympus,,0.0,"Question: What two brands are shown advertised behind the tennis player?

Retrieved evidence from visually similar images:
1. Q: What color is the woman's outfit?
   A: black
2. Q: What sport is the man most likely playing?
   A: tennis
3. Q: How many feet can be seen in this photo?
   A: 2

Best question-matched evidence:
Q: What color is the woman's outfit?
A: black

Instruction:
If the best question-matched evidence is relevant to the current image, strongly prefer that answer.
Otherwise answer from the image.

Answer:",What color is the woman's outfit? || What sport is the man most likely playing? || How many feet can be seen in this photo?,black || tennis || 2,"black, tennis, 2",black,0.0,527
question_match_priority,2562004,2562,What sport is being played?,tennis|tennis|tennis,,0.0,"Question: What sport is being played?

Retrieved evidence from visually similar images:
1. Q: What color is the woman's outfit?
   A: black
2. Q: What sport is the man most likely playing?
   A: tennis
3. Q: How many feet can be seen in this photo?
   A: 2

Best question-matched evidence:
Q: What sport is the man most likely playing?
A: tennis

Instruction:
If the best question-matched evidence is relevant to the current image, strongly prefer that answer.
Otherwise answer from the image.

Answer:",What color is the woman's outfit? || What sport is the man most likely playing? || How many feet can be seen in this photo?,black || tennis || 2,"black, tennis, 2",tennis,0.1429,502
question_match_priority,133636000,133636,What is the number on the left parking meter?,12|12|19,Q: When is the meter enforced?,0.0,"Question: What is the number on the left parking meter?

Retrieved evidence from visually similar images:
1. Q: What is this a picture of?
   A: parking meter
2. Q: When is the meter enforced?
   A: 9-6 m-f
3. Q: Does the meter work?
   A: yes

Best question-matched evidence:
Q: When is the meter enforced?
A: 9-6 m-f

Instruction:
If the best question-matched evidence is relevant to the current image, strongly prefer that answer.
Otherwise answer from the image.

Answer:",What is this a picture of? || When is the meter enforced? || Does the meter work?,parking meter || 9-6 m-f || yes,"parking meter, 9-6 m-f, yes",9-6 m-f,0.2,475
question_match_priority,133636001,133636,How much time is left?,0 time|expired|0,,0.0,"Question: How much time is left?

Retrieved evidence from visually similar images:
1. Q: What is this a picture of?
   A: parking meter
2. Q: When is the meter enforced?
   A: 9-6 m-f
3. Q: Does the meter work?
   A: yes

Best question-matched evidence:
Q: What is this a picture of?
A: parking meter

Instruction:
If the best question-matched evidence is relevant to the current image, strongly prefer that answer.
Otherwise answer from the image.

Answer:",What is this a picture of? || When is the meter enforced? || Does the meter work?,parking meter || 9-6 m-f || yes,"parking meter, 9-6 m-f, yes",parking meter,0.0,457
question_match_priority,133636002,133636,What number is the parking meter on the right?,13|13|13,,0.0,"Question: What number is the parking meter on the right?

Retrieved evidence from visually similar images:
1. Q: What is this a picture of?
   A: parking meter
2. Q: When is the meter enforced?
   A: 9-6 m-f
3. Q: Does the meter work?
   A: yes

Best question-matched evidence:
Q: When is the meter enforced?
A: 9-6 m-f

Instruction:
If the best question-matched evidence is relevant to the current image, strongly prefer that answer.
Otherwise answer from the image.

Answer:",What is this a picture of? || When is the meter enforced? || Does the meter work?,parking meter || 9-6 m-f || yes,"parking meter, 9-6 m-f, yes",9-6 m-f,0.2,476
question_match_priority,133636003,133636,Is there any cars on the street?,no|no|0,,0.0,"Question: Is there any cars on the street?

Retrieved evidence from visually similar images:
1. Q: What is this a picture of?
   A: parking meter
2. Q: When is the meter enforced?
   A: 9-6 m-f
3. Q: Does the meter work?
   A: yes

Best question-matched evidence:
Q: What is this a picture of?
A: parking meter

Instruction:
If the best question-matched evidence is relevant to the current image, strongly prefer that answer.
Otherwise answer from the image.

Answer:",What is this a picture of? || When is the meter enforced? || Does the meter work?,parking meter || 9-6 m-f || yes,"parking meter, 9-6 m-f, yes",parking meter,0.0,467
question_match_priority,133636004,133636,Are the meters rusted?,no|no|no,What is this a picture of?,0.0,"Question: Are the meters rusted?

Retrieved evidence from visually similar images:
1. Q: What is this a picture of?
   A: parking meter
2. Q: When is the meter enforced?
   A: 9-6 m-f
3. Q: Does the meter work?
   A: yes

Best question-matched evidence:
Q: What is this a picture of?
A: parking meter

Instruction:
If the best question-matched evidence is relevant to the current image, strongly prefer that answer.
Otherwise answer from the image.

Answer:",What is this a picture of? || When is the meter enforced? || Does the meter work?,parking meter || 9-6 m-f || yes,"parking meter, 9-6 m-f, yes",parking meter,0.0,457
question_match_priority,133636005,133636,Is there time remaining on the meter?,yes|yes|no,,0.0,"Question: Is there time remaining on the meter?

Retrieved evidence from visually similar images:
1. Q: What is this a picture of?
   A: parking meter
2. Q: When is the meter enforced?
   A: 9-6 m-f
3. Q: Does the meter work?
   A: yes

Best question-matched evidence:
Q: When is the meter enforced?
A: 9-6 m-f

Instruction:
If the best question-matched evidence is relevant to the current image, strongly prefer that answer.
Otherwise answer from the image.

Answer:",What is this a picture of? || When is the meter enforced? || Does the meter work?,parking meter || 9-6 m-f || yes,"parking meter, 9-6 m-f, yes",9-6 m-f,0.25,467
question_match_priority,133636006,133636,How many meters are there?,2|2|2,,0.0,"Question: How many meters are there?

Retrieved evidence from visually similar images:
1. Q: What is this a picture of?
   A: parking meter
2. Q: When is the meter enforced?
   A: 9-6 m-f
3. Q: Does the meter work?
   A: yes

Best question-matched evidence:
Q: What is this a picture of?
A: parking meter

Instruction:
If the best question-matched evidence is relevant to the current image, strongly prefer that answer.
Otherwise answer from the image.

Answer:",What is this a picture of? || When is the meter enforced? || Does the meter work?,parking meter || 9-6 m-f || yes,"parking meter, 9-6 m-f, yes",parking meter,0.0,461
question_match_priority,133645000,133645,Is there someone on the bench?,no|no|no,,0.0,"Question: Is there someone on the bench?

Retrieved evidence from visually similar images:
1. Q: What color is the two-story house?
   A: blue
2. Q: What number of boats are in this harbor?
   A: 25
3. Q: Where is word empty?
   A: boat

Best question-matched evidence:
Q: What color is the two-story house?
A: blue

Instruction:
If the best question-matched evidence is relevant to the current image, strongly prefer that answer.
Otherwise answer from the image.

Answer:",What color is the two-story house? || What number of boats are in this harbor? || Where is word empty?,blue || 25 || boat,"blue, 25, boat",blue,0.0,472
question_match_priority,133645001,133645,Are the street lights turned on?,yes|yes|yes,,0.0,"Question: Are the street lights turned on?

Retrieved evidence from visually similar images:
1. Q: What color is the two-story house?
   A: blue
2. Q: What number of boats are in this harbor?
   A: 25
3. Q: Where is word empty?
   A: boat

Best question-matched evidence:
Q: What color is the two-story house?
A: blue

Instruction:
If the best question-matched evidence is relevant to the current image, strongly prefer that answer.
Otherwise answer from the image.

Answer:",What color is the two-story house? || What number of boats are in this harbor? || Where is word empty?,blue || 25 || boat,"blue, 25, boat",blue,0.0,474
question_match_priority,133645002,133645,Is the water clear?,no|yes|yes,,0.0,"Question: Is the water clear?

Retrieved evidence from visually similar images:
1. Q: What color is the two-story house?
   A: blue
2. Q: What number of boats are in this harbor?
   A: 25
3. Q: Where is word empty?
   A: boat

Best question-matched evidence:
Q: What color is the two-story house?
A: blue

Instruction:
If the best question-matched evidence is relevant to the current image, strongly prefer that answer.
Otherwise answer from the image.

Answer:",What color is the two-story house? || What number of boats are in this harbor? || Where is word empty?,blue || 25 || boat,"blue, 25, boat",blue,0.0,461
question_match_priority,133645003,133645,What type of boat is in the water?,private|sailboat|pontoon,,0.0,"Question: What type of boat is in the water?

Retrieved evidence from visually similar images:
1. Q: What color is the two-story house?
   A: blue
2. Q: What number of boats are in this harbor?
   A: 25
3. Q: Where is word empty?
   A: boat

Best question-matched evidence:
Q: What color is the two-story house?
A: blue

Instruction:
If the best question-matched evidence is relevant to the current image, strongly prefer that answer.
Otherwise answer from the image.

Answer:",What color is the two-story house? || What number of boats are in this harbor? || Where is word empty?,blue || 25 || boat,"blue, 25, boat",blue,0.0,476
question_match_priority,264718000,264718,How long is the parking on the street?,12 hours|2 hours|7 spots,,0.0,"Question: How long is the parking on the street?

Retrieved evidence from visually similar images:
1. Q: What color is the curb below the stop sign?
   A: red
2. Q: Is there a stop light?
   A: yes
3. Q: What is on the picnic table?
   A: nothing

Best question-matched evidence:
Q: What color is the curb below the stop sign?
A: red

Instruction:
If the best question-matched evidence is relevant to the current image, strongly prefer that answer.
Otherwise answer from the image.

Answer:",What color is the curb below the stop sign? || Is there a stop light? || What is on the picnic table?,red || yes || nothing,"red, yes, nothing",red,0.0,490
question_match_priority,264718001,264718,Do you have to pay to park here?,yes|yes|yes,,0.0,"Question: Do you have to pay to park here?

Retrieved evidence from visually similar images:
1. Q: What color is the curb below the stop sign?
   A: red
2. Q: Is there a stop light?
   A: yes
3. Q: What is on the picnic table?
   A: nothing

Best question-matched evidence:
Q: What color is the curb below the stop sign?
A: red

Instruction:
If the best question-matched evidence is relevant to the current image, strongly prefer that answer.
Otherwise answer from the image.

Answer:",What color is the curb below the stop sign? || Is there a stop light? || What is on the picnic table?,red || yes || nothing,"red, yes, nothing",red,0.0,484
question_match_priority,264718002,264718,Which side of the sign is the road on?,right|left|right,,0.0,"Question: Which side of the sign is the road on?

Retrieved evidence from visually similar images:
1. Q: What color is the curb below the stop sign?
   A: red
2. Q: Is there a stop light?
   A: yes
3. Q: What is on the picnic table?
   A: nothing

Best question-matched evidence:
Q: What color is the curb below the stop sign?
A: red

Instruction:
If the best question-matched evidence is relevant to the current image, strongly prefer that answer.
Otherwise answer from the image.

Answer:",What color is the curb below the stop sign? || Is there a stop light? || What is on the picnic table?,red || yes || nothing,"red, yes, nothing",red,0.125,490
question_match_priority,264718003,264718,What does the sign read?,2 hour parking 8am to 8pm|parking|2 hour parking 8am-8pm,Q: What color is the curb below the stop,0.0,"Question: What does the sign read?

Retrieved evidence from visually similar images:
1. Q: What color is the curb below the stop sign?
   A: red
2. Q: Is there a stop light?
   A: yes
3. Q: What is on the picnic table?
   A: nothing

Best question-matched evidence:
Q: What color is the curb below the stop sign?
A: red

Instruction:
If the best question-matched evidence is relevant to the current image, strongly prefer that answer.
Otherwise answer from the image.

Answer:",What color is the curb below the stop sign? || Is there a stop light? || What is on the picnic table?,red || yes || nothing,"red, yes, nothing",red,0.1667,476
question_match_priority,264718004,264718,What does the sign say?,parking|2 hour parking|2 hour parking,Q: What color is the curb below the stop,0.0,"Question: What does the sign say?

Retrieved evidence from visually similar images:
1. Q: What color is the curb below the stop sign?
   A: red
2. Q: Is there a stop light?
   A: yes
3. Q: What is on the picnic table?
   A: nothing

Best question-matched evidence:
Q: What color is the curb below the stop sign?
A: red

Instruction:
If the best question-matched evidence is relevant to the current image, strongly prefer that answer.
Otherwise answer from the image.

Answer:",What color is the curb below the stop sign? || Is there a stop light? || What is on the picnic table?,red || yes || nothing,"red, yes, nothing",red,0.1667,475
question_match_priority,264718005,264718,What phone number is on the sign?,0|n/a|0,,0.0,"Question: What phone number is on the sign?

Retrieved evidence from visually similar images:
1. Q: What color is the curb below the stop sign?
   A: red
2. Q: Is there a stop light?
   A: yes
3. Q: What is on the picnic table?
   A: nothing

Best question-matched evidence:
Q: What color is the curb below the stop sign?
A: red

Instruction:
If the best question-matched evidence is relevant to the current image, strongly prefer that answer.
Otherwise answer from the image.

Answer:",What color is the curb below the stop sign? || Is there a stop light? || What is on the picnic table?,red || yes || nothing,"red, yes, nothing",red,0.1429,485
question_match_priority,264718006,264718,What modes of transportation are in the picture?,cars|car|car,,0.0,"Question: What modes of transportation are in the picture?

Retrieved evidence from visually similar images:
1. Q: What color is the curb below the stop sign?
   A: red
2. Q: Is there a stop light?
   A: yes
3. Q: What is on the picnic table?
   A: nothing

Best question-matched evidence:
Q: What color is the curb below the stop sign?
A: red

Instruction:
If the best question-matched evidence is relevant to the current image, strongly prefer that answer.
Otherwise answer from the image.

Answer:",What color is the curb below the stop sign? || Is there a stop light? || What is on the picnic table?,red || yes || nothing,"red, yes, nothing",red,0.0,500
question_match_priority,264718007,264718,What sign is to the right of the photo?,2 hour parking|parking|2 hour parking,Q: What color is the curb below the stop,0.0,"Question: What sign is to the right of the photo?

Retrieved evidence from visually similar images:
1. Q: What color is the curb below the stop sign?
   A: red
2. Q: Is there a stop light?
   A: yes
3. Q: What is on the picnic table?
   A: nothing

Best question-matched evidence:
Q: What color is the curb below the stop sign?
A: red

Instruction:
If the best question-matched evidence is relevant to the current image, strongly prefer that answer.
Otherwise answer from the image.

Answer:",What color is the curb below the stop sign? || Is there a stop light? || What is on the picnic table?,red || yes || nothing,"red, yes, nothing",red,0.1429,491
question_match_priority,133648000,133648,Is the bat blue?,yes|yes|yes,,0.0,"Question: Is the bat blue?

Retrieved evidence from visually similar images:
1. Q: How many people are in this picture?
   A: 5
2. Q: What sport are they playing?
   A: baseball
3. Q: How many players are in the field?
   A: 6

Best question-matched evidence:
Q: How many people are in this picture?
A: 5

Instruction:
If the best question-matched evidence is relevant to the current image, strongly prefer that answer.
Otherwise answer from the image.

Answer:",How many people are in this picture? || What sport are they playing? || How many players are in the field?,5 || baseball || 6,"5, baseball, 6",5,0.0,461
question_match_priority,133648001,133648,Is the photo colored?,yes|yes|yes,,0.0,"Question: Is the photo colored?

Retrieved evidence from visually similar images:
1. Q: How many people are in this picture?
   A: 5
2. Q: What sport are they playing?
   A: baseball
3. Q: How many players are in the field?
   A: 6

Best question-matched evidence:
Q: How many people are in this picture?
A: 5

Instruction:
If the best question-matched evidence is relevant to the current image, strongly prefer that answer.
Otherwise answer from the image.

Answer:",How many people are in this picture? || What sport are they playing? || How many players are in the field?,5 || baseball || 6,"5, baseball, 6",5,0.0,466
question_match_priority,133648002,133648,What color is the home plate umpire's shirt?,white|black|black,,0.0,"Question: What color is the home plate umpire's shirt?

Retrieved evidence from visually similar images:
1. Q: How many people are in this picture?
   A: 5
2. Q: What sport are they playing?
   A: baseball
3. Q: How many players are in the field?
   A: 6

Best question-matched evidence:
Q: How many people are in this picture?
A: 5

Instruction:
If the best question-matched evidence is relevant to the current image, strongly prefer that answer.
Otherwise answer from the image.

Answer:",How many people are in this picture? || What sport are they playing? || How many players are in the field?,5 || baseball || 6,"5, baseball, 6",5,0.0,489
question_match_priority,133648003,133648,Which game are they playing?,baseball|baseball|baseball,,0.0,"Question: Which game are they playing?

Retrieved evidence from visually similar images:
1. Q: How many people are in this picture?
   A: 5
2. Q: What sport are they playing?
   A: baseball
3. Q: How many players are in the field?
   A: 6

Best question-matched evidence:
Q: What sport are they playing?
A: baseball

Instruction:
If the best question-matched evidence is relevant to the current image, strongly prefer that answer.
Otherwise answer from the image.

Answer:",How many people are in this picture? || What sport are they playing? || How many players are in the field?,5 || baseball || 6,"5, baseball, 6",baseball,0.4,472
question_match_priority,459182000,459182,What are they carrying?,surfboards|surfboards|surfboards,,0.0,"Question: What are they carrying?

Retrieved evidence from visually similar images:
1. Q: Are there any plants?
   A: no
2. Q: Where do you play this sport?
   A: ocean
3. Q: What are the people caring in their arms?
   A: surfboards

Best question-matched evidence:
Q: Are there any plants?
A: no

Instruction:
If the best question-matched evidence is relevant to the current image, strongly prefer that answer.
Otherwise answer from the image.

Answer:",Are there any plants? || Where do you play this sport? || What are the people caring in their arms?,no || ocean || surfboards,"no, ocean, surfboards",no,0.0,454
question_match_priority,459182001,459182,What is in the foreground?,rocks|rocks|rocks,,0.0,"Question: What is in the foreground?

Retrieved evidence from visually similar images:
1. Q: Are there any plants?
   A: no
2. Q: Where do you play this sport?
   A: ocean
3. Q: What are the people caring in their arms?
   A: surfboards

Best question-matched evidence:
Q: Are there any plants?
A: no

Instruction:
If the best question-matched evidence is relevant to the current image, strongly prefer that answer.
Otherwise answer from the image.

Answer:",Are there any plants? || Where do you play this sport? || What are the people caring in their arms?,no || ocean || surfboards,"no, ocean, surfboards",no,0.0,457
question_match_priority,459182002,459182,How many people are there?,2|2|2,,0.0,"Question: How many people are there?

Retrieved evidence from visually similar images:
1. Q: Are there any plants?
   A: no
2. Q: Where do you play this sport?
   A: ocean
3. Q: What are the people caring in their arms?
   A: surfboards

Best question-matched evidence:
Q: What are the people caring in their arms?
A: surfboards

Instruction:
If the best question-matched evidence is relevant to the current image, strongly prefer that answer.
Otherwise answer from the image.

Answer:",Are there any plants? || Where do you play this sport? || What are the people caring in their arms?,no || ocean || surfboards,"no, ocean, surfboards",surfboards,0.2,485
question_match_priority,395801000,395801,Is it morning or evening?,evening|morning|morning,,0.0,"Question: Is it morning or evening?

Retrieved evidence from visually similar images:
1. Q: What color is the front of the store on the left?
   A: white
2. Q: Is the road having work done?
   A: no
3. Q: How many bus cars can you see?
   A: 1

Best question-matched evidence:
Q: What color is the front of the store on the left?
A: white

Instruction:
If the best question-matched evidence is relevant to the current image, strongly prefer that answer.
Otherwise answer from the image.

Answer:",What color is the front of the store on the left? || Is the road having work done? || How many bus cars can you see?,white || no || 1,"white, no, 1",white,0.0,495
question_match_priority,395801001,395801,How much does parking in the lot cost?,nothing|free|free,,0.0,"Question: How much does parking in the lot cost?

Retrieved evidence from visually similar images:
1. Q: What color is the front of the store on the left?
   A: white
2. Q: Is the road having work done?
   A: no
3. Q: How many bus cars can you see?
   A: 1

Best question-matched evidence:
Q: What color is the front of the store on the left?
A: white

Instruction:
If the best question-matched evidence is relevant to the current image, strongly prefer that answer.
Otherwise answer from the image.

Answer:",What color is the front of the store on the left? || Is the road having work done? || How many bus cars can you see?,white || no || 1,"white, no, 1",white,0.0,508
question_match_priority,395801002,395801,What is on the road?,car|car|cars,,0.0,"Question: What is on the road?

Retrieved evidence from visually similar images:
1. Q: What color is the front of the store on the left?
   A: white
2. Q: Is the road having work done?
   A: no
3. Q: How many bus cars can you see?
   A: 1

Best question-matched evidence:
Q: Is the road having work done?
A: no

Instruction:
If the best question-matched evidence is relevant to the current image, strongly prefer that answer.
Otherwise answer from the image.

Answer:",What color is the front of the store on the left? || Is the road having work done? || How many bus cars can you see?,white || no || 1,"white, no, 1",no,0.25,467
question_match_priority,395801003,395801,How many people are in the picture?,7|7|11,,0.0,"Question: How many people are in the picture?

Retrieved evidence from visually similar images:
1. Q: What color is the front of the store on the left?
   A: white
2. Q: Is the road having work done?
   A: no
3. Q: How many bus cars can you see?
   A: 1

Best question-matched evidence:
Q: How many bus cars can you see?
A: 1

Instruction:
If the best question-matched evidence is relevant to the current image, strongly prefer that answer.
Otherwise answer from the image.

Answer:",What color is the front of the store on the left? || Is the road having work done? || How many bus cars can you see?,white || no || 1,"white, no, 1",1,0.1429,482
question_match_priority,395801004,395801,Do the people know each other?,no|no|no,,0.0,"Question: Do the people know each other?

Retrieved evidence from visually similar images:
1. Q: What color is the front of the store on the left?
   A: white
2. Q: Is the road having work done?
   A: no
3. Q: How many bus cars can you see?
   A: 1

Best question-matched evidence:
Q: What color is the front of the store on the left?
A: white

Instruction:
If the best question-matched evidence is relevant to the current image, strongly prefer that answer.
Otherwise answer from the image.

Answer:",What color is the front of the store on the left? || Is the road having work done? || How many bus cars can you see?,white || no || 1,"white, no, 1",white,0.0,500
question_match_priority,395801005,395801,How could you carry things if you were riding this bike?,there is no bike|on my back|backpack,,0.0,"Question: How could you carry things if you were riding this bike?

Retrieved evidence from visually similar images:
1. Q: What color is the front of the store on the left?
   A: white
2. Q: Is the road having work done?
   A: no
3. Q: How many bus cars can you see?
   A: 1

Best question-matched evidence:
Q: How many bus cars can you see?
A: 1

Instruction:
If the best question-matched evidence is relevant to the current image, strongly prefer that answer.
Otherwise answer from the image.

Answer:",What color is the front of the store on the left? || Is the road having work done? || How many bus cars can you see?,white || no || 1,"white, no, 1",1,0.1,503
question_match_priority,395801006,395801,How many people are in this scene?,25|15|9,,0.0,"Question: How many people are in this scene?

Retrieved evidence from visually similar images:
1. Q: What color is the front of the store on the left?
   A: white
2. Q: Is the road having work done?
   A: no
3. Q: How many bus cars can you see?
   A: 1

Best question-matched evidence:
Q: How many bus cars can you see?
A: 1

Instruction:
If the best question-matched evidence is relevant to the current image, strongly prefer that answer.
Otherwise answer from the image.

Answer:",What color is the front of the store on the left? || Is the road having work done? || How many bus cars can you see?,white || no || 1,"white, no, 1",1,0.1429,481
question_match_priority,395801007,395801,What time is it?,6:00|6:00|12:30,,0.0,"Question: What time is it?

Retrieved evidence from visually similar images:
1. Q: What color is the front of the store on the left?
   A: white
2. Q: Is the road having work done?
   A: no
3. Q: How many bus cars can you see?
   A: 1

Best question-matched evidence:
Q: What color is the front of the store on the left?
A: white

Instruction:
If the best question-matched evidence is relevant to the current image, strongly prefer that answer.
Otherwise answer from the image.

Answer:",What color is the front of the store on the left? || Is the road having work done? || How many bus cars can you see?,white || no || 1,"white, no, 1",white,0.0,486
question_match_priority,264730000,264730,How many arches are under the clock?,2|2|2,,0.0,"Question: How many arches are under the clock?

Retrieved evidence from visually similar images:
1. Q: What kind of numbers are on this clock?
   A: roman
2. Q: How many bells?
   A: 3
3. Q: Is there a painting over the arch?
   A: yes

Best question-matched evidence:
Q: How many bells?
A: 3

Instruction:
If the best question-matched evidence is relevant to the current image, strongly prefer that answer.
Otherwise answer from the image.

Answer:",What kind of numbers are on this clock? || How many bells? || Is there a painting over the arch?,roman || 3 || yes,"roman, 3, yes",3,0.2,449
question_match_priority,264730001,264730,What time is it?,10:50|10:49|8:45,,0.0,"Question: What time is it?

Retrieved evidence from visually similar images:
1. Q: What kind of numbers are on this clock?
   A: roman
2. Q: How many bells?
   A: 3
3. Q: Is there a painting over the arch?
   A: yes

Best question-matched evidence:
Q: What kind of numbers are on this clock?
A: roman

Instruction:
If the best question-matched evidence is relevant to the current image, strongly prefer that answer.
Otherwise answer from the image.

Answer:",What kind of numbers are on this clock? || How many bells? || Is there a painting over the arch?,roman || 3 || yes,"roman, 3, yes",roman,0.0,457
question_match_priority,264730002,264730,Is a daytime or nighttime scene depicted?,nighttime|nighttime|night,,0.0,"Question: Is a daytime or nighttime scene depicted?

Retrieved evidence from visually similar images:
1. Q: What kind of numbers are on this clock?
   A: roman
2. Q: How many bells?
   A: 3
3. Q: Is there a painting over the arch?
   A: yes

Best question-matched evidence:
Q: What kind of numbers are on this clock?
A: roman

Instruction:
If the best question-matched evidence is relevant to the current image, strongly prefer that answer.
Otherwise answer from the image.

Answer:",What kind of numbers are on this clock? || How many bells? || Is there a painting over the arch?,roman || 3 || yes,"roman, 3, yes",roman,0.0,482
question_match_priority,264730003,264730,What kind of numbers are on the clock?,roman numerals|roman|roman numerals,,0.0,"Question: What kind of numbers are on the clock?

Retrieved evidence from visually similar images:
1. Q: What kind of numbers are on this clock?
   A: roman
2. Q: How many bells?
   A: 3
3. Q: Is there a painting over the arch?
   A: yes

Best question-matched evidence:
Q: What kind of numbers are on this clock?
A: roman

Instruction:
If the best question-matched evidence is relevant to the current image, strongly prefer that answer.
Otherwise answer from the image.

Answer:",What kind of numbers are on this clock? || How many bells? || Is there a painting over the arch?,roman || 3 || yes,"roman, 3, yes",roman,1.0,479
question_match_priority,2587000,2587,Which food contains the most potassium?,banana|banana|banana,,0.0,"Question: Which food contains the most potassium?

Retrieved evidence from visually similar images:
1. Q: Is the donut filled?
   A: no
2. Q: What's the name of the largest pastry?
   A: donut
3. Q: How many bananas are pictured?
   A: 2

Best question-matched evidence:
Q: Is the donut filled?
A: no

Instruction:
If the best question-matched evidence is relevant to the current image, strongly prefer that answer.
Otherwise answer from the image.

Answer:",Is the donut filled? || What's the name of the largest pastry? || How many bananas are pictured?,no || donut || 2,"no, donut, 2",no,0.0,457
question_match_priority,2587001,2587,What is not healthy in the baggie?,donut|doughnut|donut,,0.0,"Question: What is not healthy in the baggie?

Retrieved evidence from visually similar images:
1. Q: Is the donut filled?
   A: no
2. Q: What's the name of the largest pastry?
   A: donut
3. Q: How many bananas are pictured?
   A: 2

Best question-matched evidence:
Q: Is the donut filled?
A: no

Instruction:
If the best question-matched evidence is relevant to the current image, strongly prefer that answer.
Otherwise answer from the image.

Answer:",Is the donut filled? || What's the name of the largest pastry? || How many bananas are pictured?,no || donut || 2,"no, donut, 2",no,0.0,452
minimal_fewshot,2529010,2529,Is there snow on the ground?,no|no|no,no,1.0,"Q: Is there a blue car? A: no
Q: Are the street lights turned on? A: no
Q: What color is the building with the clock on it? A: white
Q: Is there snow on the ground?
A:",Is there a blue car? || Are the street lights turned on? || What color is the building with the clock on it?,no || no || white,"no, white",no,0.0,167
minimal_fewshot,2532000,2532,Is the skier going downhill?,no|no|yes,yes,1.0,"Q: What weather conditions appear in this scene? A: cloudy
Q: What color is the backpack? A: red
Q: Does the shadow fall to the skiers left or to the right? A: left
Q: Is the skier going downhill?
A:",What weather conditions appear in this scene? || What color is the backpack? || Does the shadow fall to the skiers left or to the right?,cloudy || red || left,"cloudy, red, left",cloudy,0.0,199
minimal_fewshot,2532001,2532,How do you know this skier is not alone on the mountain?,someone had to take photo|tracks|other ski tracks and footprints,not alone on the mountain,0.0,"Q: What weather conditions appear in this scene? A: cloudy
Q: What color is the backpack? A: red
Q: Does the shadow fall to the skiers left or to the right? A: left
Q: How do you know this skier is not alone on the mountain?
A:",What weather conditions appear in this scene? || What color is the backpack? || Does the shadow fall to the skiers left or to the right?,cloudy || red || left,"cloudy, red, left",cloudy,0.0,227
minimal_fewshot,2532002,2532,How cold is it?,cold|15 degrees|freezing,cold,1.0,"Q: What weather conditions appear in this scene? A: cloudy
Q: What color is the backpack? A: red
Q: Does the shadow fall to the skiers left or to the right? A: left
Q: How cold is it?
A:",What weather conditions appear in this scene? || What color is the backpack? || Does the shadow fall to the skiers left or to the right?,cloudy || red || left,"cloudy, red, left",cloudy,0.0,186
minimal_fewshot,2532003,2532,Is it a sunny or cloudy day?,sunny|cloudy|cloudy,Sunny,1.0,"Q: What weather conditions appear in this scene? A: cloudy
Q: What color is the backpack? A: red
Q: Does the shadow fall to the skiers left or to the right? A: left
Q: Is it a sunny or cloudy day?
A:",What weather conditions appear in this scene? || What color is the backpack? || Does the shadow fall to the skiers left or to the right?,cloudy || red || left,"cloudy, red, left",left,0.1111,199
minimal_fewshot,2532004,2532,What color is the sky?,blue|blue|blue,blue,1.0,"Q: What weather conditions appear in this scene? A: cloudy
Q: What color is the backpack? A: red
Q: Does the shadow fall to the skiers left or to the right? A: left
Q: What color is the sky?
A:",What weather conditions appear in this scene? || What color is the backpack? || Does the shadow fall to the skiers left or to the right?,cloudy || red || left,"cloudy, red, left",red,0.3333,193
minimal_fewshot,395749000,395749,What filter is being used in this image?,black and white|black & white|black and white,black and white,1.0,"Q: How many people are on the bench? A: 4
Q: Is the man alone on the bench? A: yes
Q: Are they on the beach? A: no
Q: What filter is being used in this image?
A:",How many people are on the bench? || Is the man alone on the bench? || Are they on the beach?,4 || yes || no,"4, yes, no",4,0.0,161
minimal_fewshot,395749001,395749,Are all the people elderly?,no|yes|no,no,1.0,"Q: How many people are on the bench? A: 4
Q: Is the man alone on the bench? A: yes
Q: Are they on the beach? A: no
Q: Are all the people elderly?
A:",How many people are on the bench? || Is the man alone on the bench? || Are they on the beach?,4 || yes || no,"4, yes, no",4,0.2,148
minimal_fewshot,395749002,395749,How many people can be seen?,4|4|4,4,1.0,"Q: How many people are on the bench? A: 4
Q: Is the man alone on the bench? A: yes
Q: Are they on the beach? A: no
Q: How many people can be seen?
A:",How many people are on the bench? || Is the man alone on the bench? || Are they on the beach?,4 || yes || no,"4, yes, no",4,0.5,149
minimal_fewshot,395749003,395749,What ocean might this be?,atlantic|antarctic|atlantic,ocean,0.0,"Q: How many people are on the bench? A: 4
Q: Is the man alone on the bench? A: yes
Q: Are they on the beach? A: no
Q: What ocean might this be?
A:",How many people are on the bench? || Is the man alone on the bench? || Are they on the beach?,4 || yes || no,"4, yes, no",4,0.0,146
minimal_fewshot,395749004,395749,How many people are in the photo?,4|4|4,4,1.0,"Q: How many people are on the bench? A: 4
Q: Is the man alone on the bench? A: yes
Q: Are they on the beach? A: no
Q: How many people are in the photo?
A:",How many people are on the bench? || Is the man alone on the bench? || Are they on the beach?,4 || yes || no,"4, yes, no",4,0.5,154
minimal_fewshot,395752000,395752,What color are the mums in the front of the photo?,"pink|red|pink, red, yellow",red,0.6667,"Q: Which route is the red bus running? A: special
Q: How many levels is the bus? A: 1
Q: Does the train carry passengers? A: yes
Q: What color are the mums in the front of the photo?
A:",Which route is the red bus running? || How many levels is the bus? || Does the train carry passengers?,special || 1 || yes,"special, 1, yes",special,0.0,185
minimal_fewshot,395752001,395752,Can a mail truck fit behind the bus to pick up the mail?,yes|yes|yes,yes,1.0,"Q: Which route is the red bus running? A: special
Q: How many levels is the bus? A: 1
Q: Does the train carry passengers? A: yes
Q: Can a mail truck fit behind the bus to pick up the mail?
A:",Which route is the red bus running? || How many levels is the bus? || Does the train carry passengers?,special || 1 || yes,"special, 1, yes",1,0.1111,191
minimal_fewshot,395752002,395752,"What  ""Over the Rainbow"" singer sang about this vehicle?",judy garland|judy garland|train,"""Over the Rainbow""",0.0,"Q: Which route is the red bus running? A: special
Q: How many levels is the bus? A: 1
Q: Does the train carry passengers? A: yes
Q: What  ""Over the Rainbow"" singer sang about this vehicle?
A:",Which route is the red bus running? || How many levels is the bus? || Does the train carry passengers?,special || 1 || yes,"special, 1, yes",special,0.0,191
minimal_fewshot,395752003,395752,What color are the hubcaps?,red|red|red,red,1.0,"Q: Which route is the red bus running? A: special
Q: How many levels is the bus? A: 1
Q: Does the train carry passengers? A: yes
Q: What color are the hubcaps?
A:",Which route is the red bus running? || How many levels is the bus? || Does the train carry passengers?,special || 1 || yes,"special, 1, yes",special,0.0,162
minimal_fewshot,395752004,395752,Is someone getting on this street car?,yes|yes|yes,yes,1.0,"Q: Which route is the red bus running? A: special
Q: How many levels is the bus? A: 1
Q: Does the train carry passengers? A: yes
Q: Is someone getting on this street car?
A:",Which route is the red bus running? || How many levels is the bus? || Does the train carry passengers?,special || 1 || yes,"special, 1, yes",special,0.0,173
minimal_fewshot,264683000,264683,Is this airplane inside?,yes|yes|yes,yes,1.0,"Q: What is hanging? A: planes
Q: What is the ID number of the plane? A: 0230
Q: What number is on the side? A: 23
Q: Is this airplane inside?
A:",What is hanging? || What is the ID number of the plane? || What number is on the side?,planes || 0230 || 23,"planes, 0230, 23",planes,0.0,144
minimal_fewshot,264683001,264683,What airline does the plane fly for?,air france|air france|air france,American Airlines,0.0,"Q: What is hanging? A: planes
Q: What is the ID number of the plane? A: 0230
Q: What number is on the side? A: 23
Q: What airline does the plane fly for?
A:",What is hanging? || What is the ID number of the plane? || What number is on the side?,planes || 0230 || 23,"planes, 0230, 23",0230,0.2,156
minimal_fewshot,264683002,264683,Are there planes hanging?,yes|yes|yes,yes,1.0,"Q: What is hanging? A: planes
Q: What is the ID number of the plane? A: 0230
Q: What number is on the side? A: 23
Q: Are there planes hanging?
A:",What is hanging? || What is the ID number of the plane? || What number is on the side?,planes || 0230 || 23,"planes, 0230, 23",planes,0.5,145
minimal_fewshot,264686000,264686,How many side tables are there?,2|2|2,two,0.0,"Q: What light source is here? A: sun
Q: Is there a Turkish style rug on the floor? A: no
Q: Is the room messy? A: no
Q: How many side tables are there?
A:",What light source is here? || Is there a Turkish style rug on the floor? || Is the room messy?,sun || no || no,"sun, no",sun,0.0,154
minimal_fewshot,264686001,264686,How many windows are on the wall?,3|3|3,3,1.0,"Q: What light source is here? A: sun
Q: Is there a Turkish style rug on the floor? A: no
Q: Is the room messy? A: no
Q: How many windows are on the wall?
A:",What light source is here? || Is there a Turkish style rug on the floor? || Is the room messy?,sun || no || no,"sun, no",sun,0.0,156
minimal_fewshot,264686002,264686,Is the TV a tube or flat screen?,tube|tube|tube,flat screen,0.0,"Q: What light source is here? A: sun
Q: Is there a Turkish style rug on the floor? A: no
Q: Is the room messy? A: no
Q: Is the TV a tube or flat screen?
A:",What light source is here? || Is there a Turkish style rug on the floor? || Is the room messy?,sun || no || no,"sun, no",sun,0.0,155
minimal_fewshot,133619000,133619,What type of truck is it?,fire engine|fire truck|service truck,fire truck,1.0,"Q: Do you see a firefighter in the picture? A: no
Q: Is this a fire truck? A: yes
Q: How many headlights are on the truck? A: 8
Q: What type of truck is it?
A:",Do you see a firefighter in the picture? || Is this a fire truck? || How many headlights are on the truck?,no || yes || 8,"no, yes, 8",yes,0.3333,159
minimal_fewshot,133619001,133619,What time of day is it?,night|night|night,night,1.0,"Q: Do you see a firefighter in the picture? A: no
Q: Is this a fire truck? A: yes
Q: How many headlights are on the truck? A: 8
Q: What time of day is it?
A:",Do you see a firefighter in the picture? || Is this a fire truck? || How many headlights are on the truck?,no || yes || 8,"no, yes, 8",no,0.0,157
minimal_fewshot,133619002,133619,What color is the light above the hood of the truck?,yellow|blue|blue,red,0.0,"Q: Do you see a firefighter in the picture? A: no
Q: Is this a fire truck? A: yes
Q: How many headlights are on the truck? A: 8
Q: What color is the light above the hood of the truck?
A:",Do you see a firefighter in the picture? || Is this a fire truck? || How many headlights are on the truck?,no || yes || 8,"no, yes, 8",yes,0.1667,186
minimal_fewshot,133620000,133620,Why does the woman have her hair up?,uniform|on duty|uniform,to keep it out of her face,0.0,"Q: What color is the boys sweatshirt? A: blue
Q: Does she have a wrist watch? A: yes
Q: What is the woman reading? A: book
Q: Why does the woman have her hair up?
A:",What color is the boys sweatshirt? || Does she have a wrist watch? || What is the woman reading?,blue || yes || book,"blue, yes, book",book,0.2,165
minimal_fewshot,133620001,133620,Is she wearing glasses?,yes|yes|yes,yes,1.0,"Q: What color is the boys sweatshirt? A: blue
Q: Does she have a wrist watch? A: yes
Q: What is the woman reading? A: book
Q: Is she wearing glasses?
A:",What color is the boys sweatshirt? || Does she have a wrist watch? || What is the woman reading?,blue || yes || book,"blue, yes, book",yes,0.2,152
minimal_fewshot,133620002,133620,What is she wearing on her head?,hat|helmet|hat,hat,1.0,"Q: What color is the boys sweatshirt? A: blue
Q: Does she have a wrist watch? A: yes
Q: What is the woman reading? A: book
Q: What is she wearing on her head?
A:",What color is the boys sweatshirt? || Does she have a wrist watch? || What is the woman reading?,blue || yes || book,"blue, yes, book",yes,0.1667,161
minimal_fewshot,133620003,133620,Is the woman happy?,yes|yes|yes,yes,1.0,"Q: What color is the boys sweatshirt? A: blue
Q: Does she have a wrist watch? A: yes
Q: What is the woman reading? A: book
Q: Is the woman happy?
A:",What color is the boys sweatshirt? || Does she have a wrist watch? || What is the woman reading?,blue || yes || book,"blue, yes, book",book,0.3333,148
minimal_fewshot,526837000,526837,Is this man dressed for the weather?,yes|yes|yes,yes,1.0,"Q: What are the long sticks under the person's feet? A: skis
Q: Is this a winter landscape? A: yes
Q: Is it cold? A: yes
Q: Is this man dressed for the weather?
A:",What are the long sticks under the person's feet? || Is this a winter landscape? || Is it cold?,skis || yes || yes,"skis, yes",skis,0.0,163
minimal_fewshot,526837001,526837,What is this man holding?,ski pole|ski poles|poles,skis,0.3333,"Q: What are the long sticks under the person's feet? A: skis
Q: Is this a winter landscape? A: yes
Q: Is it cold? A: yes
Q: What is this man holding?
A:",What are the long sticks under the person's feet? || Is this a winter landscape? || Is it cold?,skis || yes || yes,"skis, yes",skis,0.0,152
minimal_fewshot,526837002,526837,What is covering the ground?,snow|snow|snow,snow,1.0,"Q: What are the long sticks under the person's feet? A: skis
Q: Is this a winter landscape? A: yes
Q: Is it cold? A: yes
Q: What is covering the ground?
A:",What are the long sticks under the person's feet? || Is this a winter landscape? || Is it cold?,skis || yes || yes,"skis, yes",skis,0.0,155
minimal_fewshot,133622000,133622,Are these vegetables or fruits?,vegetables|vegetables|vegetables,vegetables,1.0,"Q: What kind of fish is in the image? A: cod
Q: What color is the plate? A: white
Q: Is this a balanced meal? A: yes
Q: Are these vegetables or fruits?
A:",What kind of fish is in the image? || What color is the plate? || Is this a balanced meal?,cod || white || yes,"cod, white, yes",cod,0.0,154
minimal_fewshot,133622001,133622,What is the yellow topping?,cheese|glaze|cheese,cheese,1.0,"Q: What kind of fish is in the image? A: cod
Q: What color is the plate? A: white
Q: Is this a balanced meal? A: yes
Q: What is the yellow topping?
A:",What kind of fish is in the image? || What color is the plate? || Is this a balanced meal?,cod || white || yes,"cod, white, yes",cod,0.0,150
minimal_fewshot,133622002,133622,Is this a high class dish?,yes|yes|no,no,1.0,"Q: What kind of fish is in the image? A: cod
Q: What color is the plate? A: white
Q: Is this a balanced meal? A: yes
Q: Is this a high class dish?
A:",What kind of fish is in the image? || What color is the plate? || Is this a balanced meal?,cod || white || yes,"cod, white, yes",cod,0.0,149
minimal_fewshot,133622003,133622,What is the long thin food with seeds?,broccoli|cake|cheese,Broccoli,1.0,"Q: What kind of fish is in the image? A: cod
Q: What color is the plate? A: white
Q: Is this a balanced meal? A: yes
Q: What is the long thin food with seeds?
A:",What kind of fish is in the image? || What color is the plate? || Is this a balanced meal?,cod || white || yes,"cod, white, yes",cod,0.0,161
minimal_fewshot,133622004,133622,What is the green topping?,broccoli|broccoli|broccoli,broccoli,1.0,"Q: What kind of fish is in the image? A: cod
Q: What color is the plate? A: white
Q: Is this a balanced meal? A: yes
Q: What is the green topping?
A:",What kind of fish is in the image? || What color is the plate? || Is this a balanced meal?,cod || white || yes,"cod, white, yes",cod,0.0,149
minimal_fewshot,133622005,133622,What is the yellow item pictured?,cheese|cake|cheese,Broccoli,0.0,"Q: What kind of fish is in the image? A: cod
Q: What color is the plate? A: white
Q: Is this a balanced meal? A: yes
Q: What is the yellow item pictured?
A:",What kind of fish is in the image? || What color is the plate? || Is this a balanced meal?,cod || white || yes,"cod, white, yes",cod,0.0,156
minimal_fewshot,133622006,133622,How are the eggs cooked?,scrambled|scramble|omelet,scrambled,0.6667,"Q: What kind of fish is in the image? A: cod
Q: What color is the plate? A: white
Q: Is this a balanced meal? A: yes
Q: How are the eggs cooked?
A:",What kind of fish is in the image? || What color is the plate? || Is this a balanced meal?,cod || white || yes,"cod, white, yes",cod,0.0,147
minimal_fewshot,133622007,133622,What vegetable is this?,broccoli|broccoli|broccoli,broccoli,1.0,"Q: What kind of fish is in the image? A: cod
Q: What color is the plate? A: white
Q: Is this a balanced meal? A: yes
Q: What vegetable is this?
A:",What kind of fish is in the image? || What color is the plate? || Is this a balanced meal?,cod || white || yes,"cod, white, yes",cod,0.0,146
minimal_fewshot,133622008,133622,What kinds of food are on the plate?,"breakfast|spinach|eggs, spinach","cheese, broccoli, and cod",0.0,"Q: What kind of fish is in the image? A: cod
Q: What color is the plate? A: white
Q: Is this a balanced meal? A: yes
Q: What kinds of food are on the plate?
A:",What kind of fish is in the image? || What color is the plate? || Is this a balanced meal?,cod || white || yes,"cod, white, yes",white,0.25,159
minimal_fewshot,22271000,22271,Is this a bright and sunny day?,no|no|no,no,1.0,"Q: What color is the fence? A: orange
Q: Where is the hydrant? A: sidewalk
Q: Why was the train running behind? A: unknown
Q: Is this a bright and sunny day?
A:",What color is the fence? || Where is the hydrant? || Why was the train running behind?,orange || sidewalk || unknown,"orange, sidewalk, unknown",orange,0.0,160
minimal_fewshot,22271001,22271,Are there people in the picture?,yes|yes|yes,yes,1.0,"Q: What color is the fence? A: orange
Q: Where is the hydrant? A: sidewalk
Q: Why was the train running behind? A: unknown
Q: Are there people in the picture?
A:",What color is the fence? || Where is the hydrant? || Why was the train running behind?,orange || sidewalk || unknown,"orange, sidewalk, unknown",orange,0.0,161
minimal_fewshot,22271002,22271,What is the name of the street sign on the ground?,western ave|western ave|western ave,western avenue,0.3333,"Q: What color is the fence? A: orange
Q: Where is the hydrant? A: sidewalk
Q: Why was the train running behind? A: unknown
Q: What is the name of the street sign on the ground?
A:",What color is the fence? || Where is the hydrant? || Why was the train running behind?,orange || sidewalk || unknown,"orange, sidewalk, unknown",orange,0.0,179
minimal_fewshot,133629000,133629,Is this a public place?,no|no|no,no,1.0,"Q: What color is the chair? A: purple
Q: What type of computer is on the desk? A: apple
Q: Is there an iPhone on the table? A: yes
Q: Is this a public place?
A:",What color is the chair? || What type of computer is on the desk? || Is there an iPhone on the table?,purple || apple || yes,"purple, apple, yes",purple,0.0,160
minimal_fewshot,133629001,133629,What color is the desk?,brown|brown|brown,brown,1.0,"Q: What color is the chair? A: purple
Q: What type of computer is on the desk? A: apple
Q: Is there an iPhone on the table? A: yes
Q: What color is the desk?
A:",What color is the chair? || What type of computer is on the desk? || Is there an iPhone on the table?,purple || apple || yes,"purple, apple, yes",purple,0.3333,160
minimal_fewshot,133629002,133629,How many chairs have wheels?,1|1|1,none,0.0,"Q: What color is the chair? A: purple
Q: What type of computer is on the desk? A: apple
Q: Is there an iPhone on the table? A: yes
Q: How many chairs have wheels?
A:",What color is the chair? || What type of computer is on the desk? || Is there an iPhone on the table?,purple || apple || yes,"purple, apple, yes",purple,0.0,165
minimal_fewshot,133629003,133629,Is this chair in the way of people who might walk through?,no|no|no,no,1.0,"Q: What color is the chair? A: purple
Q: What type of computer is on the desk? A: apple
Q: Is there an iPhone on the table? A: yes
Q: Is this chair in the way of people who might walk through?
A:",What color is the chair? || What type of computer is on the desk? || Is there an iPhone on the table?,purple || apple || yes,"purple, apple, yes",purple,0.1429,195
minimal_fewshot,133629004,133629,Can these items be used to make food?,no|no|no,yes,0.0,"Q: What color is the chair? A: purple
Q: What type of computer is on the desk? A: apple
Q: Is there an iPhone on the table? A: yes
Q: Can these items be used to make food?
A:",What color is the chair? || What type of computer is on the desk? || Is there an iPhone on the table?,purple || apple || yes,"purple, apple, yes",purple,0.0,174
minimal_fewshot,133629005,133629,What do people do here?,work|work|office work,work,1.0,"Q: What color is the chair? A: purple
Q: What type of computer is on the desk? A: apple
Q: Is there an iPhone on the table? A: yes
Q: What do people do here?
A:",What color is the chair? || What type of computer is on the desk? || Is there an iPhone on the table?,purple || apple || yes,"purple, apple, yes",purple,0.0,160
minimal_fewshot,133629006,133629,What color is the lampshade?,off white|white|white,purple,0.0,"Q: What color is the chair? A: purple
Q: What type of computer is on the desk? A: apple
Q: Is there an iPhone on the table? A: yes
Q: What color is the lampshade?
A:",What color is the chair? || What type of computer is on the desk? || Is there an iPhone on the table?,purple || apple || yes,"purple, apple, yes",purple,0.3333,165
minimal_fewshot,133629007,133629,What type of computer is on the desk?,mac|laptop|laptop,apple,0.6667,"Q: What color is the chair? A: purple
Q: What type of computer is on the desk? A: apple
Q: Is there an iPhone on the table? A: yes
Q: What type of computer is on the desk?
A:",What color is the chair? || What type of computer is on the desk? || Is there an iPhone on the table?,purple || apple || yes,"purple, apple, yes",apple,1.0,174
minimal_fewshot,133631000,133631,"Which is longer, the Elephant's tusks or the Elephant's trunk?",trunk|trunk|trunk,elephant's trunk,0.3333,"Q: How many elephants are there? A: 1
Q: Are the elephants drinking water? A: no
Q: Has the elephant relieved itself recently? A: yes
Q: Which is longer, the Elephant's tusks or the Elephant's trunk?
A:",How many elephants are there? || Are the elephants drinking water? || Has the elephant relieved itself recently?,1 || no || yes,"1, no, yes",yes,0.1,202
minimal_fewshot,133631001,133631,Is it sunny out?,yes|yes|yes,yes,1.0,"Q: How many elephants are there? A: 1
Q: Are the elephants drinking water? A: no
Q: Has the elephant relieved itself recently? A: yes
Q: Is it sunny out?
A:",How many elephants are there? || Are the elephants drinking water? || Has the elephant relieved itself recently?,1 || no || yes,"1, no, yes",1,0.0,156
minimal_fewshot,133631002,133631,Does the elephant need water?,yes|yes|yes,yes,1.0,"Q: How many elephants are there? A: 1
Q: Are the elephants drinking water? A: no
Q: Has the elephant relieved itself recently? A: yes
Q: Does the elephant need water?
A:",How many elephants are there? || Are the elephants drinking water? || Has the elephant relieved itself recently?,1 || no || yes,"1, no, yes",no,0.2,169
minimal_fewshot,2562000,2562,What is the color scheme of the photo?,"white|white and blue|white, blue",white and blue,1.0,"Q: What color is the woman's outfit? A: black
Q: What sport is the man most likely playing? A: tennis
Q: How many feet can be seen in this photo? A: 2
Q: What is the color scheme of the photo?
A:",What color is the woman's outfit? || What sport is the man most likely playing? || How many feet can be seen in this photo?,black || tennis || 2,"black, tennis, 2",black,0.1667,195
minimal_fewshot,2562001,2562,Are all the men tennis players?,yes|no|no,yes,1.0,"Q: What color is the woman's outfit? A: black
Q: What sport is the man most likely playing? A: tennis
Q: How many feet can be seen in this photo? A: 2
Q: Are all the men tennis players?
A:",What color is the woman's outfit? || What sport is the man most likely playing? || How many feet can be seen in this photo?,black || tennis || 2,"black, tennis, 2",black,0.0,188
minimal_fewshot,2562002,2562,Is the man wearing a wristband?,yes|yes|yes,yes,1.0,"Q: What color is the woman's outfit? A: black
Q: What sport is the man most likely playing? A: tennis
Q: How many feet can be seen in this photo? A: 2
Q: Is the man wearing a wristband?
A:",What color is the woman's outfit? || What sport is the man most likely playing? || How many feet can be seen in this photo?,black || tennis || 2,"black, tennis, 2",tennis,0.1429,188
minimal_fewshot,2562003,2562,What two brands are shown advertised behind the tennis player?,olympus and wta|olympus and wta|wta and olympus,Nike and Wilson,0.0,"Q: What color is the woman's outfit? A: black
Q: What sport is the man most likely playing? A: tennis
Q: How many feet can be seen in this photo? A: 2
Q: What two brands are shown advertised behind the tennis player?
A:",What color is the woman's outfit? || What sport is the man most likely playing? || How many feet can be seen in this photo?,black || tennis || 2,"black, tennis, 2",black,0.0,219
minimal_fewshot,2562004,2562,What sport is being played?,tennis|tennis|tennis,tennis,1.0,"Q: What color is the woman's outfit? A: black
Q: What sport is the man most likely playing? A: tennis
Q: How many feet can be seen in this photo? A: 2
Q: What sport is being played?
A:",What color is the woman's outfit? || What sport is the man most likely playing? || How many feet can be seen in this photo?,black || tennis || 2,"black, tennis, 2",tennis,0.1429,184
minimal_fewshot,133636000,133636,What is the number on the left parking meter?,12|12|19,9-6 m-f,0.0,"Q: What is this a picture of? A: parking meter
Q: When is the meter enforced? A: 9-6 m-f
Q: Does the meter work? A: yes
Q: What is the number on the left parking meter?
A:",What is this a picture of? || When is the meter enforced? || Does the meter work?,parking meter || 9-6 m-f || yes,"parking meter, 9-6 m-f, yes",9-6 m-f,0.2,171
minimal_fewshot,133636001,133636,How much time is left?,0 time|expired|0,30 minutes,0.0,"Q: What is this a picture of? A: parking meter
Q: When is the meter enforced? A: 9-6 m-f
Q: Does the meter work? A: yes
Q: How much time is left?
A:",What is this a picture of? || When is the meter enforced? || Does the meter work?,parking meter || 9-6 m-f || yes,"parking meter, 9-6 m-f, yes",parking meter,0.0,148
minimal_fewshot,133636002,133636,What number is the parking meter on the right?,13|13|13,9-6,0.0,"Q: What is this a picture of? A: parking meter
Q: When is the meter enforced? A: 9-6 m-f
Q: Does the meter work? A: yes
Q: What number is the parking meter on the right?
A:",What is this a picture of? || When is the meter enforced? || Does the meter work?,parking meter || 9-6 m-f || yes,"parking meter, 9-6 m-f, yes",9-6 m-f,0.2,172
minimal_fewshot,133636003,133636,Is there any cars on the street?,no|no|0,yes,0.0,"Q: What is this a picture of? A: parking meter
Q: When is the meter enforced? A: 9-6 m-f
Q: Does the meter work? A: yes
Q: Is there any cars on the street?
A:",What is this a picture of? || When is the meter enforced? || Does the meter work?,parking meter || 9-6 m-f || yes,"parking meter, 9-6 m-f, yes",parking meter,0.0,158
minimal_fewshot,133636004,133636,Are the meters rusted?,no|no|no,no,1.0,"Q: What is this a picture of? A: parking meter
Q: When is the meter enforced? A: 9-6 m-f
Q: Does the meter work? A: yes
Q: Are the meters rusted?
A:",What is this a picture of? || When is the meter enforced? || Does the meter work?,parking meter || 9-6 m-f || yes,"parking meter, 9-6 m-f, yes",parking meter,0.0,148
minimal_fewshot,133636005,133636,Is there time remaining on the meter?,yes|yes|no,yes,0.6667,"Q: What is this a picture of? A: parking meter
Q: When is the meter enforced? A: 9-6 m-f
Q: Does the meter work? A: yes
Q: Is there time remaining on the meter?
A:",What is this a picture of? || When is the meter enforced? || Does the meter work?,parking meter || 9-6 m-f || yes,"parking meter, 9-6 m-f, yes",9-6 m-f,0.25,163
minimal_fewshot,133636006,133636,How many meters are there?,2|2|2,two,0.0,"Q: What is this a picture of? A: parking meter
Q: When is the meter enforced? A: 9-6 m-f
Q: Does the meter work? A: yes
Q: How many meters are there?
A:",What is this a picture of? || When is the meter enforced? || Does the meter work?,parking meter || 9-6 m-f || yes,"parking meter, 9-6 m-f, yes",parking meter,0.0,152
minimal_fewshot,133645000,133645,Is there someone on the bench?,no|no|no,no,1.0,"Q: What color is the two-story house? A: blue
Q: What number of boats are in this harbor? A: 25
Q: Where is word empty? A: boat
Q: Is there someone on the bench?
A:",What color is the two-story house? || What number of boats are in this harbor? || Where is word empty?,blue || 25 || boat,"blue, 25, boat",blue,0.0,164
minimal_fewshot,133645001,133645,Are the street lights turned on?,yes|yes|yes,yes,1.0,"Q: What color is the two-story house? A: blue
Q: What number of boats are in this harbor? A: 25
Q: Where is word empty? A: boat
Q: Are the street lights turned on?
A:",What color is the two-story house? || What number of boats are in this harbor? || Where is word empty?,blue || 25 || boat,"blue, 25, boat",blue,0.0,166
minimal_fewshot,133645002,133645,Is the water clear?,no|yes|yes,yes,1.0,"Q: What color is the two-story house? A: blue
Q: What number of boats are in this harbor? A: 25
Q: Where is word empty? A: boat
Q: Is the water clear?
A:",What color is the two-story house? || What number of boats are in this harbor? || Where is word empty?,blue || 25 || boat,"blue, 25, boat",blue,0.0,153
minimal_fewshot,133645003,133645,What type of boat is in the water?,private|sailboat|pontoon,boat,0.0,"Q: What color is the two-story house? A: blue
Q: What number of boats are in this harbor? A: 25
Q: Where is word empty? A: boat
Q: What type of boat is in the water?
A:",What color is the two-story house? || What number of boats are in this harbor? || Where is word empty?,blue || 25 || boat,"blue, 25, boat",blue,0.0,168
minimal_fewshot,264718000,264718,How long is the parking on the street?,12 hours|2 hours|7 spots,2 hours,0.6667,"Q: What color is the curb below the stop sign? A: red
Q: Is there a stop light? A: yes
Q: What is on the picnic table? A: nothing
Q: How long is the parking on the street?
A:",What color is the curb below the stop sign? || Is there a stop light? || What is on the picnic table?,red || yes || nothing,"red, yes, nothing",red,0.0,174
minimal_fewshot,264718001,264718,Do you have to pay to park here?,yes|yes|yes,yes,1.0,"Q: What color is the curb below the stop sign? A: red
Q: Is there a stop light? A: yes
Q: What is on the picnic table? A: nothing
Q: Do you have to pay to park here?
A:",What color is the curb below the stop sign? || Is there a stop light? || What is on the picnic table?,red || yes || nothing,"red, yes, nothing",red,0.0,168
minimal_fewshot,264718002,264718,Which side of the sign is the road on?,right|left|right,both sides,0.0,"Q: What color is the curb below the stop sign? A: red
Q: Is there a stop light? A: yes
Q: What is on the picnic table? A: nothing
Q: Which side of the sign is the road on?
A:",What color is the curb below the stop sign? || Is there a stop light? || What is on the picnic table?,red || yes || nothing,"red, yes, nothing",red,0.125,174
minimal_fewshot,264718003,264718,What does the sign read?,2 hour parking 8am to 8pm|parking|2 hour parking 8am-8pm,no parking,0.0,"Q: What color is the curb below the stop sign? A: red
Q: Is there a stop light? A: yes
Q: What is on the picnic table? A: nothing
Q: What does the sign read?
A:",What color is the curb below the stop sign? || Is there a stop light? || What is on the picnic table?,red || yes || nothing,"red, yes, nothing",red,0.1667,160
minimal_fewshot,264718004,264718,What does the sign say?,parking|2 hour parking|2 hour parking,"""no parking""",0.0,"Q: What color is the curb below the stop sign? A: red
Q: Is there a stop light? A: yes
Q: What is on the picnic table? A: nothing
Q: What does the sign say?
A:",What color is the curb below the stop sign? || Is there a stop light? || What is on the picnic table?,red || yes || nothing,"red, yes, nothing",red,0.1667,159
minimal_fewshot,264718005,264718,What phone number is on the sign?,0|n/a|0,555-1234,0.0,"Q: What color is the curb below the stop sign? A: red
Q: Is there a stop light? A: yes
Q: What is on the picnic table? A: nothing
Q: What phone number is on the sign?
A:",What color is the curb below the stop sign? || Is there a stop light? || What is on the picnic table?,red || yes || nothing,"red, yes, nothing",red,0.1429,169
minimal_fewshot,264718006,264718,What modes of transportation are in the picture?,cars|car|car,"cars, buses, and trucks",0.0,"Q: What color is the curb below the stop sign? A: red
Q: Is there a stop light? A: yes
Q: What is on the picnic table? A: nothing
Q: What modes of transportation are in the picture?
A:",What color is the curb below the stop sign? || Is there a stop light? || What is on the picnic table?,red || yes || nothing,"red, yes, nothing",red,0.0,184
minimal_fewshot,264718007,264718,What sign is to the right of the photo?,2 hour parking|parking|2 hour parking,parking sign,0.3333,"Q: What color is the curb below the stop sign? A: red
Q: Is there a stop light? A: yes
Q: What is on the picnic table? A: nothing
Q: What sign is to the right of the photo?
A:",What color is the curb below the stop sign? || Is there a stop light? || What is on the picnic table?,red || yes || nothing,"red, yes, nothing",red,0.1429,175
minimal_fewshot,133648000,133648,Is the bat blue?,yes|yes|yes,yes,1.0,"Q: How many people are in this picture? A: 5
Q: What sport are they playing? A: baseball
Q: How many players are in the field? A: 6
Q: Is the bat blue?
A:",How many people are in this picture? || What sport are they playing? || How many players are in the field?,5 || baseball || 6,"5, baseball, 6",5,0.0,154
minimal_fewshot,133648001,133648,Is the photo colored?,yes|yes|yes,no,0.0,"Q: How many people are in this picture? A: 5
Q: What sport are they playing? A: baseball
Q: How many players are in the field? A: 6
Q: Is the photo colored?
A:",How many people are in this picture? || What sport are they playing? || How many players are in the field?,5 || baseball || 6,"5, baseball, 6",5,0.0,159
minimal_fewshot,133648002,133648,What color is the home plate umpire's shirt?,white|black|black,blue,0.0,"Q: How many people are in this picture? A: 5
Q: What sport are they playing? A: baseball
Q: How many players are in the field? A: 6
Q: What color is the home plate umpire's shirt?
A:",How many people are in this picture? || What sport are they playing? || How many players are in the field?,5 || baseball || 6,"5, baseball, 6",5,0.0,182
minimal_fewshot,133648003,133648,Which game are they playing?,baseball|baseball|baseball,baseball game,0.0,"Q: How many people are in this picture? A: 5
Q: What sport are they playing? A: baseball
Q: How many players are in the field? A: 6
Q: Which game are they playing?
A:",How many people are in this picture? || What sport are they playing? || How many players are in the field?,5 || baseball || 6,"5, baseball, 6",baseball,0.4,166
minimal_fewshot,459182000,459182,What are they carrying?,surfboards|surfboards|surfboards,surfboards,1.0,"Q: Are there any plants? A: no
Q: Where do you play this sport? A: ocean
Q: What are the people caring in their arms? A: surfboards
Q: What are they carrying?
A:",Are there any plants? || Where do you play this sport? || What are the people caring in their arms?,no || ocean || surfboards,"no, ocean, surfboards",no,0.0,161
minimal_fewshot,459182001,459182,What is in the foreground?,rocks|rocks|rocks,ocean,0.0,"Q: Are there any plants? A: no
Q: Where do you play this sport? A: ocean
Q: What are the people caring in their arms? A: surfboards
Q: What is in the foreground?
A:",Are there any plants? || Where do you play this sport? || What are the people caring in their arms?,no || ocean || surfboards,"no, ocean, surfboards",no,0.0,164
minimal_fewshot,459182002,459182,How many people are there?,2|2|2,two,0.0,"Q: Are there any plants? A: no
Q: Where do you play this sport? A: ocean
Q: What are the people caring in their arms? A: surfboards
Q: How many people are there?
A:",Are there any plants? || Where do you play this sport? || What are the people caring in their arms?,no || ocean || surfboards,"no, ocean, surfboards",surfboards,0.2,164
minimal_fewshot,395801000,395801,Is it morning or evening?,evening|morning|morning,morning,1.0,"Q: What color is the front of the store on the left? A: white
Q: Is the road having work done? A: no
Q: How many bus cars can you see? A: 1
Q: Is it morning or evening?
A:",What color is the front of the store on the left? || Is the road having work done? || How many bus cars can you see?,white || no || 1,"white, no, 1",white,0.0,171
minimal_fewshot,395801001,395801,How much does parking in the lot cost?,nothing|free|free,$1.00,0.0,"Q: What color is the front of the store on the left? A: white
Q: Is the road having work done? A: no
Q: How many bus cars can you see? A: 1
Q: How much does parking in the lot cost?
A:",What color is the front of the store on the left? || Is the road having work done? || How many bus cars can you see?,white || no || 1,"white, no, 1",white,0.0,184
minimal_fewshot,395801002,395801,What is on the road?,car|car|cars,street sign,0.0,"Q: What color is the front of the store on the left? A: white
Q: Is the road having work done? A: no
Q: How many bus cars can you see? A: 1
Q: What is on the road?
A:",What color is the front of the store on the left? || Is the road having work done? || How many bus cars can you see?,white || no || 1,"white, no, 1",no,0.25,166
minimal_fewshot,395801003,395801,How many people are in the picture?,7|7|11,2,0.0,"Q: What color is the front of the store on the left? A: white
Q: Is the road having work done? A: no
Q: How many bus cars can you see? A: 1
Q: How many people are in the picture?
A:",What color is the front of the store on the left? || Is the road having work done? || How many bus cars can you see?,white || no || 1,"white, no, 1",1,0.1429,181
minimal_fewshot,395801004,395801,Do the people know each other?,no|no|no,yes,0.0,"Q: What color is the front of the store on the left? A: white
Q: Is the road having work done? A: no
Q: How many bus cars can you see? A: 1
Q: Do the people know each other?
A:",What color is the front of the store on the left? || Is the road having work done? || How many bus cars can you see?,white || no || 1,"white, no, 1",white,0.0,176
minimal_fewshot,395801005,395801,How could you carry things if you were riding this bike?,there is no bike|on my back|backpack,you couldn't,0.0,"Q: What color is the front of the store on the left? A: white
Q: Is the road having work done? A: no
Q: How many bus cars can you see? A: 1
Q: How could you carry things if you were riding this bike?
A:",What color is the front of the store on the left? || Is the road having work done? || How many bus cars can you see?,white || no || 1,"white, no, 1",1,0.1,202
minimal_fewshot,395801006,395801,How many people are in this scene?,25|15|9,2,0.0,"Q: What color is the front of the store on the left? A: white
Q: Is the road having work done? A: no
Q: How many bus cars can you see? A: 1
Q: How many people are in this scene?
A:",What color is the front of the store on the left? || Is the road having work done? || How many bus cars can you see?,white || no || 1,"white, no, 1",1,0.1429,180
minimal_fewshot,395801007,395801,What time is it?,6:00|6:00|12:30,7:30 am,0.0,"Q: What color is the front of the store on the left? A: white
Q: Is the road having work done? A: no
Q: How many bus cars can you see? A: 1
Q: What time is it?
A:",What color is the front of the store on the left? || Is the road having work done? || How many bus cars can you see?,white || no || 1,"white, no, 1",white,0.0,162
minimal_fewshot,264730000,264730,How many arches are under the clock?,2|2|2,3,0.0,"Q: What kind of numbers are on this clock? A: roman
Q: How many bells? A: 3
Q: Is there a painting over the arch? A: yes
Q: How many arches are under the clock?
A:",What kind of numbers are on this clock? || How many bells? || Is there a painting over the arch?,roman || 3 || yes,"roman, 3, yes",3,0.2,163
minimal_fewshot,264730001,264730,What time is it?,10:50|10:49|8:45,night,0.0,"Q: What kind of numbers are on this clock? A: roman
Q: How many bells? A: 3
Q: Is there a painting over the arch? A: yes
Q: What time is it?
A:",What kind of numbers are on this clock? || How many bells? || Is there a painting over the arch?,roman || 3 || yes,"roman, 3, yes",roman,0.0,143
minimal_fewshot,264730002,264730,Is a daytime or nighttime scene depicted?,nighttime|nighttime|night,daytime scene,0.0,"Q: What kind of numbers are on this clock? A: roman
Q: How many bells? A: 3
Q: Is there a painting over the arch? A: yes
Q: Is a daytime or nighttime scene depicted?
A:",What kind of numbers are on this clock? || How many bells? || Is there a painting over the arch?,roman || 3 || yes,"roman, 3, yes",roman,0.0,168
minimal_fewshot,264730003,264730,What kind of numbers are on the clock?,roman numerals|roman|roman numerals,roman,1.0,"Q: What kind of numbers are on this clock? A: roman
Q: How many bells? A: 3
Q: Is there a painting over the arch? A: yes
Q: What kind of numbers are on the clock?
A:",What kind of numbers are on this clock? || How many bells? || Is there a painting over the arch?,roman || 3 || yes,"roman, 3, yes",roman,1.0,165
minimal_fewshot,2587000,2587,Which food contains the most potassium?,banana|banana|banana,donut,0.0,"Q: Is the donut filled? A: no
Q: What's the name of the largest pastry? A: donut
Q: How many bananas are pictured? A: 2
Q: Which food contains the most potassium?
A:",Is the donut filled? || What's the name of the largest pastry? || How many bananas are pictured?,no || donut || 2,"no, donut, 2",no,0.0,165
minimal_fewshot,2587001,2587,What is not healthy in the baggie?,donut|doughnut|donut,donut and banana,0.0,"Q: Is the donut filled? A: no
Q: What's the name of the largest pastry? A: donut
Q: How many bananas are pictured? A: 2
Q: What is not healthy in the baggie?
A:",Is the donut filled? || What's the name of the largest pastry? || How many bananas are pictured?,no || donut || 2,"no, donut, 2",no,0.0,160
image_first,2529010,2529,Is there snow on the ground?,no|no|no,yes,0.0,"Look at the image and answer the question.

Question: Is there snow on the ground?

Relevant examples from similar images:
- Q: Is there a blue car?
  A: no
- Q: Are the street lights turned on?
  A: no
- Q: What color is the building with the clock on it?
  A: white

Use the examples only if they help.
Give a short answer.

Answer:",Is there a blue car? || Are the street lights turned on? || What color is the building with the clock on it?,no || no || white,"no, white",no,0.0,334
image_first,2532000,2532,Is the skier going downhill?,no|no|yes,skier is going downhill,0.0,"Look at the image and answer the question.

Question: Is the skier going downhill?

Relevant examples from similar images:
- Q: What weather conditions appear in this scene?
  A: cloudy
- Q: What color is the backpack?
  A: red
- Q: Does the shadow fall to the skiers left or to the right?
  A: left

Use the examples only if they help.
Give a short answer.

Answer:",What weather conditions appear in this scene? || What color is the backpack? || Does the shadow fall to the skiers left or to the right?,cloudy || red || left,"cloudy, red, left",cloudy,0.0,366
image_first,2532001,2532,How do you know this skier is not alone on the mountain?,someone had to take photo|tracks|other ski tracks and footprints,skier is not alone on the mountain,0.0,"Look at the image and answer the question.

Question: How do you know this skier is not alone on the mountain?

Relevant examples from similar images:
- Q: What weather conditions appear in this scene?
  A: cloudy
- Q: What color is the backpack?
  A: red
- Q: Does the shadow fall to the skiers left or to the right?
  A: left

Use the examples only if they help.
Give a short answer.

Answer:",What weather conditions appear in this scene? || What color is the backpack? || Does the shadow fall to the skiers left or to the right?,cloudy || red || left,"cloudy, red, left",cloudy,0.0,394
image_first,2532002,2532,How cold is it?,cold|15 degrees|freezing,"sky is blue, the clouds are white",0.0,"Look at the image and answer the question.

Question: How cold is it?

Relevant examples from similar images:
- Q: What weather conditions appear in this scene?
  A: cloudy
- Q: What color is the backpack?
  A: red
- Q: Does the shadow fall to the skiers left or to the right?
  A: left

Use the examples only if they help.
Give a short answer.

Answer:",What weather conditions appear in this scene? || What color is the backpack? || Does the shadow fall to the skiers left or to the right?,cloudy || red || left,"cloudy, red, left",cloudy,0.0,353
image_first,2532003,2532,Is it a sunny or cloudy day?,sunny|cloudy|cloudy,sunny day,0.0,"Look at the image and answer the question.

Question: Is it a sunny or cloudy day?

Relevant examples from similar images:
- Q: What weather conditions appear in this scene?
  A: cloudy
- Q: What color is the backpack?
  A: red
- Q: Does the shadow fall to the skiers left or to the right?
  A: left

Use the examples only if they help.
Give a short answer.

Answer:",What weather conditions appear in this scene? || What color is the backpack? || Does the shadow fall to the skiers left or to the right?,cloudy || red || left,"cloudy, red, left",left,0.1111,366
image_first,2532004,2532,What color is the sky?,blue|blue|blue,sky is blue,0.0,"Look at the image and answer the question.

Question: What color is the sky?

Relevant examples from similar images:
- Q: What weather conditions appear in this scene?
  A: cloudy
- Q: What color is the backpack?
  A: red
- Q: Does the shadow fall to the skiers left or to the right?
  A: left

Use the examples only if they help.
Give a short answer.

Answer:",What weather conditions appear in this scene? || What color is the backpack? || Does the shadow fall to the skiers left or to the right?,cloudy || red || left,"cloudy, red, left",red,0.3333,360
image_first,395749000,395749,What filter is being used in this image?,black and white|black & white|black and white,Black and white,1.0,"Look at the image and answer the question.

Question: What filter is being used in this image?

Relevant examples from similar images:
- Q: How many people are on the bench?
  A: 4
- Q: Is the man alone on the bench?
  A: yes
- Q: Are they on the beach?
  A: no

Use the examples only if they help.
Give a short answer.

Answer:",How many people are on the bench? || Is the man alone on the bench? || Are they on the beach?,4 || yes || no,"4, yes, no",4,0.0,328
image_first,395749001,395749,Are all the people elderly?,no|yes|no,4 people are on the bench,0.0,"Look at the image and answer the question.

Question: Are all the people elderly?

Relevant examples from similar images:
- Q: How many people are on the bench?
  A: 4
- Q: Is the man alone on the bench?
  A: yes
- Q: Are they on the beach?
  A: no

Use the examples only if they help.
Give a short answer.

Answer:",How many people are on the bench? || Is the man alone on the bench? || Are they on the beach?,4 || yes || no,"4, yes, no",4,0.2,315
image_first,395749002,395749,How many people can be seen?,4|4|4,4 people on the bench,0.0,"Look at the image and answer the question.

Question: How many people can be seen?

Relevant examples from similar images:
- Q: How many people are on the bench?
  A: 4
- Q: Is the man alone on the bench?
  A: yes
- Q: Are they on the beach?
  A: no

Use the examples only if they help.
Give a short answer.

Answer:",How many people are on the bench? || Is the man alone on the bench? || Are they on the beach?,4 || yes || no,"4, yes, no",4,0.5,316
image_first,395749003,395749,What ocean might this be?,atlantic|antarctic|atlantic,ocean is the ocean,0.0,"Look at the image and answer the question.

Question: What ocean might this be?

Relevant examples from similar images:
- Q: How many people are on the bench?
  A: 4
- Q: Is the man alone on the bench?
  A: yes
- Q: Are they on the beach?
  A: no

Use the examples only if they help.
Give a short answer.

Answer:",How many people are on the bench? || Is the man alone on the bench? || Are they on the beach?,4 || yes || no,"4, yes, no",4,0.0,313
image_first,395749004,395749,How many people are in the photo?,4|4|4,4 people are on the bench,0.0,"Look at the image and answer the question.

Question: How many people are in the photo?

Relevant examples from similar images:
- Q: How many people are on the bench?
  A: 4
- Q: Is the man alone on the bench?
  A: yes
- Q: Are they on the beach?
  A: no

Use the examples only if they help.
Give a short answer.

Answer:",How many people are on the bench? || Is the man alone on the bench? || Are they on the beach?,4 || yes || no,"4, yes, no",4,0.5,321
image_first,395752000,395752,What color are the mums in the front of the photo?,"pink|red|pink, red, yellow",mums are red,0.0,"Look at the image and answer the question.

Question: What color are the mums in the front of the photo?

Relevant examples from similar images:
- Q: Which route is the red bus running?
  A: special
- Q: How many levels is the bus?
  A: 1
- Q: Does the train carry passengers?
  A: yes

Use the examples only if they help.
Give a short answer.

Answer:",Which route is the red bus running? || How many levels is the bus? || Does the train carry passengers?,special || 1 || yes,"special, 1, yes",special,0.0,352
image_first,395752001,395752,Can a mail truck fit behind the bus to pick up the mail?,yes|yes|yes,yes,1.0,"Look at the image and answer the question.

Question: Can a mail truck fit behind the bus to pick up the mail?

Relevant examples from similar images:
- Q: Which route is the red bus running?
  A: special
- Q: How many levels is the bus?
  A: 1
- Q: Does the train carry passengers?
  A: yes

Use the examples only if they help.
Give a short answer.

Answer:",Which route is the red bus running? || How many levels is the bus? || Does the train carry passengers?,special || 1 || yes,"special, 1, yes",1,0.1111,358
image_first,395752002,395752,"What  ""Over the Rainbow"" singer sang about this vehicle?",judy garland|judy garland|train,This is a trolley bus,0.0,"Look at the image and answer the question.

Question: What  ""Over the Rainbow"" singer sang about this vehicle?

Relevant examples from similar images:
- Q: Which route is the red bus running?
  A: special
- Q: How many levels is the bus?
  A: 1
- Q: Does the train carry passengers?
  A: yes

Use the examples only if they help.
Give a short answer.

Answer:",Which route is the red bus running? || How many levels is the bus? || Does the train carry passengers?,special || 1 || yes,"special, 1, yes",special,0.0,358
image_first,395752003,395752,What color are the hubcaps?,red|red|red,hubcaps are red,0.0,"Look at the image and answer the question.

Question: What color are the hubcaps?

Relevant examples from similar images:
- Q: Which route is the red bus running?
  A: special
- Q: How many levels is the bus?
  A: 1
- Q: Does the train carry passengers?
  A: yes

Use the examples only if they help.
Give a short answer.

Answer:",Which route is the red bus running? || How many levels is the bus? || Does the train carry passengers?,special || 1 || yes,"special, 1, yes",special,0.0,329
image_first,395752004,395752,Is someone getting on this street car?,yes|yes|yes,red bus is a trolley bus,0.0,"Look at the image and answer the question.

Question: Is someone getting on this street car?

Relevant examples from similar images:
- Q: Which route is the red bus running?
  A: special
- Q: How many levels is the bus?
  A: 1
- Q: Does the train carry passengers?
  A: yes

Use the examples only if they help.
Give a short answer.

Answer:",Which route is the red bus running? || How many levels is the bus? || Does the train carry passengers?,special || 1 || yes,"special, 1, yes",special,0.0,340
image_first,264683000,264683,Is this airplane inside?,yes|yes|yes,airplane is inside the museum,0.0,"Look at the image and answer the question.

Question: Is this airplane inside?

Relevant examples from similar images:
- Q: What is hanging?
  A: planes
- Q: What is the ID number of the plane?
  A: 0230
- Q: What number is on the side?
  A: 23

Use the examples only if they help.
Give a short answer.

Answer:",What is hanging? || What is the ID number of the plane? || What number is on the side?,planes || 0230 || 23,"planes, 0230, 23",planes,0.0,311
image_first,264683001,264683,What airline does the plane fly for?,air france|air france|air france,plane is an air force one,0.0,"Look at the image and answer the question.

Question: What airline does the plane fly for?

Relevant examples from similar images:
- Q: What is hanging?
  A: planes
- Q: What is the ID number of the plane?
  A: 0230
- Q: What number is on the side?
  A: 23

Use the examples only if they help.
Give a short answer.

Answer:",What is hanging? || What is the ID number of the plane? || What number is on the side?,planes || 0230 || 23,"planes, 0230, 23",0230,0.2,323
image_first,264683002,264683,Are there planes hanging?,yes|yes|yes,yes,1.0,"Look at the image and answer the question.

Question: Are there planes hanging?

Relevant examples from similar images:
- Q: What is hanging?
  A: planes
- Q: What is the ID number of the plane?
  A: 0230
- Q: What number is on the side?
  A: 23

Use the examples only if they help.
Give a short answer.

Answer:",What is hanging? || What is the ID number of the plane? || What number is on the side?,planes || 0230 || 23,"planes, 0230, 23",planes,0.5,312
image_first,264686000,264686,How many side tables are there?,2|2|2,3 side tables,0.0,"Look at the image and answer the question.

Question: How many side tables are there?

Relevant examples from similar images:
- Q: What light source is here?
  A: sun
- Q: Is there a Turkish style rug on the floor?
  A: no
- Q: Is the room messy?
  A: no

Use the examples only if they help.
Give a short answer.

Answer:",What light source is here? || Is there a Turkish style rug on the floor? || Is the room messy?,sun || no || no,"sun, no",sun,0.0,321
image_first,264686001,264686,How many windows are on the wall?,3|3|3,Three windows on the wall,0.0,"Look at the image and answer the question.

Question: How many windows are on the wall?

Relevant examples from similar images:
- Q: What light source is here?
  A: sun
- Q: Is there a Turkish style rug on the floor?
  A: no
- Q: Is the room messy?
  A: no

Use the examples only if they help.
Give a short answer.

Answer:",What light source is here? || Is there a Turkish style rug on the floor? || Is the room messy?,sun || no || no,"sun, no",sun,0.0,323
image_first,264686002,264686,Is the TV a tube or flat screen?,tube|tube|tube,TV is a flat screen,0.0,"Look at the image and answer the question.

Question: Is the TV a tube or flat screen?

Relevant examples from similar images:
- Q: What light source is here?
  A: sun
- Q: Is there a Turkish style rug on the floor?
  A: no
- Q: Is the room messy?
  A: no

Use the examples only if they help.
Give a short answer.

Answer:",What light source is here? || Is there a Turkish style rug on the floor? || Is the room messy?,sun || no || no,"sun, no",sun,0.0,322
image_first,133619000,133619,What type of truck is it?,fire engine|fire truck|service truck,fire truck,1.0,"Look at the image and answer the question.

Question: What type of truck is it?

Relevant examples from similar images:
- Q: Do you see a firefighter in the picture?
  A: no
- Q: Is this a fire truck?
  A: yes
- Q: How many headlights are on the truck?
  A: 8

Use the examples only if they help.
Give a short answer.

Answer:",Do you see a firefighter in the picture? || Is this a fire truck? || How many headlights are on the truck?,no || yes || 8,"no, yes, 8",yes,0.3333,326
image_first,133619001,133619,What time of day is it?,night|night|night,night time,0.0,"Look at the image and answer the question.

Question: What time of day is it?

Relevant examples from similar images:
- Q: Do you see a firefighter in the picture?
  A: no
- Q: Is this a fire truck?
  A: yes
- Q: How many headlights are on the truck?
  A: 8

Use the examples only if they help.
Give a short answer.

Answer:",Do you see a firefighter in the picture? || Is this a fire truck? || How many headlights are on the truck?,no || yes || 8,"no, yes, 8",no,0.0,324
image_first,133619002,133619,What color is the light above the hood of the truck?,yellow|blue|blue,truck is red,0.0,"Look at the image and answer the question.

Question: What color is the light above the hood of the truck?

Relevant examples from similar images:
- Q: Do you see a firefighter in the picture?
  A: no
- Q: Is this a fire truck?
  A: yes
- Q: How many headlights are on the truck?
  A: 8

Use the examples only if they help.
Give a short answer.

Answer:",Do you see a firefighter in the picture? || Is this a fire truck? || How many headlights are on the truck?,no || yes || 8,"no, yes, 8",yes,0.1667,353
image_first,133620000,133620,Why does the woman have her hair up?,uniform|on duty|uniform,woman is a police officer,0.0,"Look at the image and answer the question.

Question: Why does the woman have her hair up?

Relevant examples from similar images:
- Q: What color is the boys sweatshirt?
  A: blue
- Q: Does she have a wrist watch?
  A: yes
- Q: What is the woman reading?
  A: book

Use the examples only if they help.
Give a short answer.

Answer:",What color is the boys sweatshirt? || Does she have a wrist watch? || What is the woman reading?,blue || yes || book,"blue, yes, book",book,0.2,332
image_first,133620001,133620,Is she wearing glasses?,yes|yes|yes,wearing glasses,0.0,"Look at the image and answer the question.

Question: Is she wearing glasses?

Relevant examples from similar images:
- Q: What color is the boys sweatshirt?
  A: blue
- Q: Does she have a wrist watch?
  A: yes
- Q: What is the woman reading?
  A: book

Use the examples only if they help.
Give a short answer.

Answer:",What color is the boys sweatshirt? || Does she have a wrist watch? || What is the woman reading?,blue || yes || book,"blue, yes, book",yes,0.2,319
image_first,133620002,133620,What is she wearing on her head?,hat|helmet|hat,police officer,0.0,"Look at the image and answer the question.

Question: What is she wearing on her head?

Relevant examples from similar images:
- Q: What color is the boys sweatshirt?
  A: blue
- Q: Does she have a wrist watch?
  A: yes
- Q: What is the woman reading?
  A: book

Use the examples only if they help.
Give a short answer.

Answer:",What color is the boys sweatshirt? || Does she have a wrist watch? || What is the woman reading?,blue || yes || book,"blue, yes, book",yes,0.1667,328
image_first,133620003,133620,Is the woman happy?,yes|yes|yes,woman is happy,0.0,"Look at the image and answer the question.

Question: Is the woman happy?

Relevant examples from similar images:
- Q: What color is the boys sweatshirt?
  A: blue
- Q: Does she have a wrist watch?
  A: yes
- Q: What is the woman reading?
  A: book

Use the examples only if they help.
Give a short answer.

Answer:",What color is the boys sweatshirt? || Does she have a wrist watch? || What is the woman reading?,blue || yes || book,"blue, yes, book",book,0.3333,315
image_first,526837000,526837,Is this man dressed for the weather?,yes|yes|yes,man is dressed for the weather,0.0,"Look at the image and answer the question.

Question: Is this man dressed for the weather?

Relevant examples from similar images:
- Q: What are the long sticks under the person's feet?
  A: skis
- Q: Is this a winter landscape?
  A: yes
- Q: Is it cold?
  A: yes

Use the examples only if they help.
Give a short answer.

Answer:",What are the long sticks under the person's feet? || Is this a winter landscape? || Is it cold?,skis || yes || yes,"skis, yes",skis,0.0,330
image_first,526837001,526837,What is this man holding?,ski pole|ski poles|poles,man is holding ski poles,0.0,"Look at the image and answer the question.

Question: What is this man holding?

Relevant examples from similar images:
- Q: What are the long sticks under the person's feet?
  A: skis
- Q: Is this a winter landscape?
  A: yes
- Q: Is it cold?
  A: yes

Use the examples only if they help.
Give a short answer.

Answer:",What are the long sticks under the person's feet? || Is this a winter landscape? || Is it cold?,skis || yes || yes,"skis, yes",skis,0.0,319
image_first,526837002,526837,What is covering the ground?,snow|snow|snow,person on skis,0.0,"Look at the image and answer the question.

Question: What is covering the ground?

Relevant examples from similar images:
- Q: What are the long sticks under the person's feet?
  A: skis
- Q: Is this a winter landscape?
  A: yes
- Q: Is it cold?
  A: yes

Use the examples only if they help.
Give a short answer.

Answer:",What are the long sticks under the person's feet? || Is this a winter landscape? || Is it cold?,skis || yes || yes,"skis, yes",skis,0.0,322
image_first,133622000,133622,Are these vegetables or fruits?,vegetables|vegetables|vegetables,These are vegetables,0.0,"Look at the image and answer the question.

Question: Are these vegetables or fruits?

Relevant examples from similar images:
- Q: What kind of fish is in the image?
  A: cod
- Q: What color is the plate?
  A: white
- Q: Is this a balanced meal?
  A: yes

Use the examples only if they help.
Give a short answer.

Answer:",What kind of fish is in the image? || What color is the plate? || Is this a balanced meal?,cod || white || yes,"cod, white, yes",cod,0.0,321
image_first,133622001,133622,What is the yellow topping?,cheese|glaze|cheese,yellow topping is bacon,0.0,"Look at the image and answer the question.

Question: What is the yellow topping?

Relevant examples from similar images:
- Q: What kind of fish is in the image?
  A: cod
- Q: What color is the plate?
  A: white
- Q: Is this a balanced meal?
  A: yes

Use the examples only if they help.
Give a short answer.

Answer:",What kind of fish is in the image? || What color is the plate? || Is this a balanced meal?,cod || white || yes,"cod, white, yes",cod,0.0,317
image_first,133622002,133622,Is this a high class dish?,yes|yes|no,This is a high class dish,0.0,"Look at the image and answer the question.

Question: Is this a high class dish?

Relevant examples from similar images:
- Q: What kind of fish is in the image?
  A: cod
- Q: What color is the plate?
  A: white
- Q: Is this a balanced meal?
  A: yes

Use the examples only if they help.
Give a short answer.

Answer:",What kind of fish is in the image? || What color is the plate? || Is this a balanced meal?,cod || white || yes,"cod, white, yes",cod,0.0,316
image_first,133622003,133622,What is the long thin food with seeds?,broccoli|cake|cheese,What is the long thin food with seeds?,0.0,"Look at the image and answer the question.

Question: What is the long thin food with seeds?

Relevant examples from similar images:
- Q: What kind of fish is in the image?
  A: cod
- Q: What color is the plate?
  A: white
- Q: Is this a balanced meal?
  A: yes

Use the examples only if they help.
Give a short answer.

Answer:",What kind of fish is in the image? || What color is the plate? || Is this a balanced meal?,cod || white || yes,"cod, white, yes",cod,0.0,328
image_first,133622004,133622,What is the green topping?,broccoli|broccoli|broccoli,green topping is broccoli,0.0,"Look at the image and answer the question.

Question: What is the green topping?

Relevant examples from similar images:
- Q: What kind of fish is in the image?
  A: cod
- Q: What color is the plate?
  A: white
- Q: Is this a balanced meal?
  A: yes

Use the examples only if they help.
Give a short answer.

Answer:",What kind of fish is in the image? || What color is the plate? || Is this a balanced meal?,cod || white || yes,"cod, white, yes",cod,0.0,316
image_first,133622005,133622,What is the yellow item pictured?,cheese|cake|cheese,yellow item pictured is a piece of quiche,0.0,"Look at the image and answer the question.

Question: What is the yellow item pictured?

Relevant examples from similar images:
- Q: What kind of fish is in the image?
  A: cod
- Q: What color is the plate?
  A: white
- Q: Is this a balanced meal?
  A: yes

Use the examples only if they help.
Give a short answer.

Answer:",What kind of fish is in the image? || What color is the plate? || Is this a balanced meal?,cod || white || yes,"cod, white, yes",cod,0.0,323
image_first,133622006,133622,How are the eggs cooked?,scrambled|scramble|omelet,eggs are cooked in bacon grease,0.0,"Look at the image and answer the question.

Question: How are the eggs cooked?

Relevant examples from similar images:
- Q: What kind of fish is in the image?
  A: cod
- Q: What color is the plate?
  A: white
- Q: Is this a balanced meal?
  A: yes

Use the examples only if they help.
Give a short answer.

Answer:",What kind of fish is in the image? || What color is the plate? || Is this a balanced meal?,cod || white || yes,"cod, white, yes",cod,0.0,314
image_first,133622007,133622,What vegetable is this?,broccoli|broccoli|broccoli,Broccoli,1.0,"Look at the image and answer the question.

Question: What vegetable is this?

Relevant examples from similar images:
- Q: What kind of fish is in the image?
  A: cod
- Q: What color is the plate?
  A: white
- Q: Is this a balanced meal?
  A: yes

Use the examples only if they help.
Give a short answer.

Answer:",What kind of fish is in the image? || What color is the plate? || Is this a balanced meal?,cod || white || yes,"cod, white, yes",cod,0.0,313
image_first,133622008,133622,What kinds of food are on the plate?,"breakfast|spinach|eggs, spinach",This is a piece of quiche,0.0,"Look at the image and answer the question.

Question: What kinds of food are on the plate?

Relevant examples from similar images:
- Q: What kind of fish is in the image?
  A: cod
- Q: What color is the plate?
  A: white
- Q: Is this a balanced meal?
  A: yes

Use the examples only if they help.
Give a short answer.

Answer:",What kind of fish is in the image? || What color is the plate? || Is this a balanced meal?,cod || white || yes,"cod, white, yes",white,0.25,326
image_first,22271000,22271,Is this a bright and sunny day?,no|no|no,This is a bright and sunny day,0.0,"Look at the image and answer the question.

Question: Is this a bright and sunny day?

Relevant examples from similar images:
- Q: What color is the fence?
  A: orange
- Q: Where is the hydrant?
  A: sidewalk
- Q: Why was the train running behind?
  A: unknown

Use the examples only if they help.
Give a short answer.

Answer:",What color is the fence? || Where is the hydrant? || Why was the train running behind?,orange || sidewalk || unknown,"orange, sidewalk, unknown",orange,0.0,327
image_first,22271001,22271,Are there people in the picture?,yes|yes|yes,people in the picture,0.0,"Look at the image and answer the question.

Question: Are there people in the picture?

Relevant examples from similar images:
- Q: What color is the fence?
  A: orange
- Q: Where is the hydrant?
  A: sidewalk
- Q: Why was the train running behind?
  A: unknown

Use the examples only if they help.
Give a short answer.

Answer:",What color is the fence? || Where is the hydrant? || Why was the train running behind?,orange || sidewalk || unknown,"orange, sidewalk, unknown",orange,0.0,328
image_first,22271002,22271,What is the name of the street sign on the ground?,western ave|western ave|western ave,street sign is on the ground,0.0,"Look at the image and answer the question.

Question: What is the name of the street sign on the ground?

Relevant examples from similar images:
- Q: What color is the fence?
  A: orange
- Q: Where is the hydrant?
  A: sidewalk
- Q: Why was the train running behind?
  A: unknown

Use the examples only if they help.
Give a short answer.

Answer:",What color is the fence? || Where is the hydrant? || Why was the train running behind?,orange || sidewalk || unknown,"orange, sidewalk, unknown",orange,0.0,346
image_first,133629000,133629,Is this a public place?,no|no|no,This is a public place,0.0,"Look at the image and answer the question.

Question: Is this a public place?

Relevant examples from similar images:
- Q: What color is the chair?
  A: purple
- Q: What type of computer is on the desk?
  A: apple
- Q: Is there an iPhone on the table?
  A: yes

Use the examples only if they help.
Give a short answer.

Answer:",What color is the chair? || What type of computer is on the desk? || Is there an iPhone on the table?,purple || apple || yes,"purple, apple, yes",purple,0.0,327
image_first,133629001,133629,What color is the desk?,brown|brown|brown,desk is brown,0.0,"Look at the image and answer the question.

Question: What color is the desk?

Relevant examples from similar images:
- Q: What color is the chair?
  A: purple
- Q: What type of computer is on the desk?
  A: apple
- Q: Is there an iPhone on the table?
  A: yes

Use the examples only if they help.
Give a short answer.

Answer:",What color is the chair? || What type of computer is on the desk? || Is there an iPhone on the table?,purple || apple || yes,"purple, apple, yes",purple,0.3333,327
image_first,133629002,133629,How many chairs have wheels?,1|1|1,How many chairs have wheels,0.0,"Look at the image and answer the question.

Question: How many chairs have wheels?

Relevant examples from similar images:
- Q: What color is the chair?
  A: purple
- Q: What type of computer is on the desk?
  A: apple
- Q: Is there an iPhone on the table?
  A: yes

Use the examples only if they help.
Give a short answer.

Answer:",What color is the chair? || What type of computer is on the desk? || Is there an iPhone on the table?,purple || apple || yes,"purple, apple, yes",purple,0.0,332
image_first,133629003,133629,Is this chair in the way of people who might walk through?,no|no|no,chair is in the way of people who might,0.0,"Look at the image and answer the question.

Question: Is this chair in the way of people who might walk through?

Relevant examples from similar images:
- Q: What color is the chair?
  A: purple
- Q: What type of computer is on the desk?
  A: apple
- Q: Is there an iPhone on the table?
  A: yes

Use the examples only if they help.
Give a short answer.

Answer:",What color is the chair? || What type of computer is on the desk? || Is there an iPhone on the table?,purple || apple || yes,"purple, apple, yes",purple,0.1429,362
image_first,133629004,133629,Can these items be used to make food?,no|no|no,yes,0.0,"Look at the image and answer the question.

Question: Can these items be used to make food?

Relevant examples from similar images:
- Q: What color is the chair?
  A: purple
- Q: What type of computer is on the desk?
  A: apple
- Q: Is there an iPhone on the table?
  A: yes

Use the examples only if they help.
Give a short answer.

Answer:",What color is the chair? || What type of computer is on the desk? || Is there an iPhone on the table?,purple || apple || yes,"purple, apple, yes",purple,0.0,341
image_first,133629005,133629,What do people do here?,work|work|office work,People sit at the desk and work,0.0,"Look at the image and answer the question.

Question: What do people do here?

Relevant examples from similar images:
- Q: What color is the chair?
  A: purple
- Q: What type of computer is on the desk?
  A: apple
- Q: Is there an iPhone on the table?
  A: yes

Use the examples only if they help.
Give a short answer.

Answer:",What color is the chair? || What type of computer is on the desk? || Is there an iPhone on the table?,purple || apple || yes,"purple, apple, yes",purple,0.0,327
image_first,133629006,133629,What color is the lampshade?,off white|white|white,lampshade is black,0.0,"Look at the image and answer the question.

Question: What color is the lampshade?

Relevant examples from similar images:
- Q: What color is the chair?
  A: purple
- Q: What type of computer is on the desk?
  A: apple
- Q: Is there an iPhone on the table?
  A: yes

Use the examples only if they help.
Give a short answer.

Answer:",What color is the chair? || What type of computer is on the desk? || Is there an iPhone on the table?,purple || apple || yes,"purple, apple, yes",purple,0.3333,332
image_first,133629007,133629,What type of computer is on the desk?,mac|laptop|laptop,laptop,1.0,"Look at the image and answer the question.

Question: What type of computer is on the desk?

Relevant examples from similar images:
- Q: What color is the chair?
  A: purple
- Q: What type of computer is on the desk?
  A: apple
- Q: Is there an iPhone on the table?
  A: yes

Use the examples only if they help.
Give a short answer.

Answer:",What color is the chair? || What type of computer is on the desk? || Is there an iPhone on the table?,purple || apple || yes,"purple, apple, yes",apple,1.0,341
image_first,133631000,133631,"Which is longer, the Elephant's tusks or the Elephant's trunk?",trunk|trunk|trunk,trunk is longer than the tusks,0.0,"Look at the image and answer the question.

Question: Which is longer, the Elephant's tusks or the Elephant's trunk?

Relevant examples from similar images:
- Q: How many elephants are there?
  A: 1
- Q: Are the elephants drinking water?
  A: no
- Q: Has the elephant relieved itself recently?
  A: yes

Use the examples only if they help.
Give a short answer.

Answer:",How many elephants are there? || Are the elephants drinking water? || Has the elephant relieved itself recently?,1 || no || yes,"1, no, yes",yes,0.1,369
image_first,133631001,133631,Is it sunny out?,yes|yes|yes,sunny out,0.0,"Look at the image and answer the question.

Question: Is it sunny out?

Relevant examples from similar images:
- Q: How many elephants are there?
  A: 1
- Q: Are the elephants drinking water?
  A: no
- Q: Has the elephant relieved itself recently?
  A: yes

Use the examples only if they help.
Give a short answer.

Answer:",How many elephants are there? || Are the elephants drinking water? || Has the elephant relieved itself recently?,1 || no || yes,"1, no, yes",1,0.0,323
image_first,133631002,133631,Does the elephant need water?,yes|yes|yes,elephant needs water,0.0,"Look at the image and answer the question.

Question: Does the elephant need water?

Relevant examples from similar images:
- Q: How many elephants are there?
  A: 1
- Q: Are the elephants drinking water?
  A: no
- Q: Has the elephant relieved itself recently?
  A: yes

Use the examples only if they help.
Give a short answer.

Answer:",How many elephants are there? || Are the elephants drinking water? || Has the elephant relieved itself recently?,1 || no || yes,"1, no, yes",no,0.2,336
image_first,2562000,2562,What is the color scheme of the photo?,"white|white and blue|white, blue",man is playing tennis,0.0,"Look at the image and answer the question.

Question: What is the color scheme of the photo?

Relevant examples from similar images:
- Q: What color is the woman's outfit?
  A: black
- Q: What sport is the man most likely playing?
  A: tennis
- Q: How many feet can be seen in this photo?
  A: 2

Use the examples only if they help.
Give a short answer.

Answer:",What color is the woman's outfit? || What sport is the man most likely playing? || How many feet can be seen in this photo?,black || tennis || 2,"black, tennis, 2",black,0.1667,362
image_first,2562001,2562,Are all the men tennis players?,yes|no|no,man is playing tennis,0.0,"Look at the image and answer the question.

Question: Are all the men tennis players?

Relevant examples from similar images:
- Q: What color is the woman's outfit?
  A: black
- Q: What sport is the man most likely playing?
  A: tennis
- Q: How many feet can be seen in this photo?
  A: 2

Use the examples only if they help.
Give a short answer.

Answer:",What color is the woman's outfit? || What sport is the man most likely playing? || How many feet can be seen in this photo?,black || tennis || 2,"black, tennis, 2",black,0.0,355
image_first,2562002,2562,Is the man wearing a wristband?,yes|yes|yes,man is wearing a wristband,0.0,"Look at the image and answer the question.

Question: Is the man wearing a wristband?

Relevant examples from similar images:
- Q: What color is the woman's outfit?
  A: black
- Q: What sport is the man most likely playing?
  A: tennis
- Q: How many feet can be seen in this photo?
  A: 2

Use the examples only if they help.
Give a short answer.

Answer:",What color is the woman's outfit? || What sport is the man most likely playing? || How many feet can be seen in this photo?,black || tennis || 2,"black, tennis, 2",tennis,0.1429,355
image_first,2562003,2562,What two brands are shown advertised behind the tennis player?,olympus and wta|olympus and wta|wta and olympus,man is playing tennis,0.0,"Look at the image and answer the question.

Question: What two brands are shown advertised behind the tennis player?

Relevant examples from similar images:
- Q: What color is the woman's outfit?
  A: black
- Q: What sport is the man most likely playing?
  A: tennis
- Q: How many feet can be seen in this photo?
  A: 2

Use the examples only if they help.
Give a short answer.

Answer:",What color is the woman's outfit? || What sport is the man most likely playing? || How many feet can be seen in this photo?,black || tennis || 2,"black, tennis, 2",black,0.0,386
image_first,2562004,2562,What sport is being played?,tennis|tennis|tennis,Tennis,1.0,"Look at the image and answer the question.

Question: What sport is being played?

Relevant examples from similar images:
- Q: What color is the woman's outfit?
  A: black
- Q: What sport is the man most likely playing?
  A: tennis
- Q: How many feet can be seen in this photo?
  A: 2

Use the examples only if they help.
Give a short answer.

Answer:",What color is the woman's outfit? || What sport is the man most likely playing? || How many feet can be seen in this photo?,black || tennis || 2,"black, tennis, 2",tennis,0.1429,351
image_first,133636000,133636,What is the number on the left parking meter?,12|12|19,This is a picture of a parking meter,0.0,"Look at the image and answer the question.

Question: What is the number on the left parking meter?

Relevant examples from similar images:
- Q: What is this a picture of?
  A: parking meter
- Q: When is the meter enforced?
  A: 9-6 m-f
- Q: Does the meter work?
  A: yes

Use the examples only if they help.
Give a short answer.

Answer:",What is this a picture of? || When is the meter enforced? || Does the meter work?,parking meter || 9-6 m-f || yes,"parking meter, 9-6 m-f, yes",9-6 m-f,0.2,338
image_first,133636001,133636,How much time is left?,0 time|expired|0,This is a picture of a parking meter,0.0,"Look at the image and answer the question.

Question: How much time is left?

Relevant examples from similar images:
- Q: What is this a picture of?
  A: parking meter
- Q: When is the meter enforced?
  A: 9-6 m-f
- Q: Does the meter work?
  A: yes

Use the examples only if they help.
Give a short answer.

Answer:",What is this a picture of? || When is the meter enforced? || Does the meter work?,parking meter || 9-6 m-f || yes,"parking meter, 9-6 m-f, yes",parking meter,0.0,315
image_first,133636002,133636,What number is the parking meter on the right?,13|13|13,parking meter is on the right,0.0,"Look at the image and answer the question.

Question: What number is the parking meter on the right?

Relevant examples from similar images:
- Q: What is this a picture of?
  A: parking meter
- Q: When is the meter enforced?
  A: 9-6 m-f
- Q: Does the meter work?
  A: yes

Use the examples only if they help.
Give a short answer.

Answer:",What is this a picture of? || When is the meter enforced? || Does the meter work?,parking meter || 9-6 m-f || yes,"parking meter, 9-6 m-f, yes",9-6 m-f,0.2,339
image_first,133636003,133636,Is there any cars on the street?,no|no|0,This is a picture of a parking meter,0.0,"Look at the image and answer the question.

Question: Is there any cars on the street?

Relevant examples from similar images:
- Q: What is this a picture of?
  A: parking meter
- Q: When is the meter enforced?
  A: 9-6 m-f
- Q: Does the meter work?
  A: yes

Use the examples only if they help.
Give a short answer.

Answer:",What is this a picture of? || When is the meter enforced? || Does the meter work?,parking meter || 9-6 m-f || yes,"parking meter, 9-6 m-f, yes",parking meter,0.0,325
image_first,133636004,133636,Are the meters rusted?,no|no|no,meters are not rusted,0.0,"Look at the image and answer the question.

Question: Are the meters rusted?

Relevant examples from similar images:
- Q: What is this a picture of?
  A: parking meter
- Q: When is the meter enforced?
  A: 9-6 m-f
- Q: Does the meter work?
  A: yes

Use the examples only if they help.
Give a short answer.

Answer:",What is this a picture of? || When is the meter enforced? || Does the meter work?,parking meter || 9-6 m-f || yes,"parking meter, 9-6 m-f, yes",parking meter,0.0,315
image_first,133636005,133636,Is there time remaining on the meter?,yes|yes|no,This is a picture of a parking meter,0.0,"Look at the image and answer the question.

Question: Is there time remaining on the meter?

Relevant examples from similar images:
- Q: What is this a picture of?
  A: parking meter
- Q: When is the meter enforced?
  A: 9-6 m-f
- Q: Does the meter work?
  A: yes

Use the examples only if they help.
Give a short answer.

Answer:",What is this a picture of? || When is the meter enforced? || Does the meter work?,parking meter || 9-6 m-f || yes,"parking meter, 9-6 m-f, yes",9-6 m-f,0.25,330
image_first,133636006,133636,How many meters are there?,2|2|2,Two parking meters,0.0,"Look at the image and answer the question.

Question: How many meters are there?

Relevant examples from similar images:
- Q: What is this a picture of?
  A: parking meter
- Q: When is the meter enforced?
  A: 9-6 m-f
- Q: Does the meter work?
  A: yes

Use the examples only if they help.
Give a short answer.

Answer:",What is this a picture of? || When is the meter enforced? || Does the meter work?,parking meter || 9-6 m-f || yes,"parking meter, 9-6 m-f, yes",parking meter,0.0,319
image_first,133645000,133645,Is there someone on the bench?,no|no|no,boat is on the dock,0.0,"Look at the image and answer the question.

Question: Is there someone on the bench?

Relevant examples from similar images:
- Q: What color is the two-story house?
  A: blue
- Q: What number of boats are in this harbor?
  A: 25
- Q: Where is word empty?
  A: boat

Use the examples only if they help.
Give a short answer.

Answer:",What color is the two-story house? || What number of boats are in this harbor? || Where is word empty?,blue || 25 || boat,"blue, 25, boat",blue,0.0,331
image_first,133645001,133645,Are the street lights turned on?,yes|yes|yes,street lights are turned on,0.0,"Look at the image and answer the question.

Question: Are the street lights turned on?

Relevant examples from similar images:
- Q: What color is the two-story house?
  A: blue
- Q: What number of boats are in this harbor?
  A: 25
- Q: Where is word empty?
  A: boat

Use the examples only if they help.
Give a short answer.

Answer:",What color is the two-story house? || What number of boats are in this harbor? || Where is word empty?,blue || 25 || boat,"blue, 25, boat",blue,0.0,333
image_first,133645002,133645,Is the water clear?,no|yes|yes,water is clear,0.0,"Look at the image and answer the question.

Question: Is the water clear?

Relevant examples from similar images:
- Q: What color is the two-story house?
  A: blue
- Q: What number of boats are in this harbor?
  A: 25
- Q: Where is word empty?
  A: boat

Use the examples only if they help.
Give a short answer.

Answer:",What color is the two-story house? || What number of boats are in this harbor? || Where is word empty?,blue || 25 || boat,"blue, 25, boat",blue,0.0,320
image_first,133645003,133645,What type of boat is in the water?,private|sailboat|pontoon,boat,0.0,"Look at the image and answer the question.

Question: What type of boat is in the water?

Relevant examples from similar images:
- Q: What color is the two-story house?
  A: blue
- Q: What number of boats are in this harbor?
  A: 25
- Q: Where is word empty?
  A: boat

Use the examples only if they help.
Give a short answer.

Answer:",What color is the two-story house? || What number of boats are in this harbor? || Where is word empty?,blue || 25 || boat,"blue, 25, boat",blue,0.0,335
image_first,264718000,264718,How long is the parking on the street?,12 hours|2 hours|7 spots,parking is on the street,0.0,"Look at the image and answer the question.

Question: How long is the parking on the street?

Relevant examples from similar images:
- Q: What color is the curb below the stop sign?
  A: red
- Q: Is there a stop light?
  A: yes
- Q: What is on the picnic table?
  A: nothing

Use the examples only if they help.
Give a short answer.

Answer:",What color is the curb below the stop sign? || Is there a stop light? || What is on the picnic table?,red || yes || nothing,"red, yes, nothing",red,0.0,341
image_first,264718001,264718,Do you have to pay to park here?,yes|yes|yes,no,1.0,"Look at the image and answer the question.

Question: Do you have to pay to park here?

Relevant examples from similar images:
- Q: What color is the curb below the stop sign?
  A: red
- Q: Is there a stop light?
  A: yes
- Q: What is on the picnic table?
  A: nothing

Use the examples only if they help.
Give a short answer.

Answer:",What color is the curb below the stop sign? || Is there a stop light? || What is on the picnic table?,red || yes || nothing,"red, yes, nothing",red,0.0,335
image_first,264718002,264718,Which side of the sign is the road on?,right|left|right,sign is on the right side of the road,0.0,"Look at the image and answer the question.

Question: Which side of the sign is the road on?

Relevant examples from similar images:
- Q: What color is the curb below the stop sign?
  A: red
- Q: Is there a stop light?
  A: yes
- Q: What is on the picnic table?
  A: nothing

Use the examples only if they help.
Give a short answer.

Answer:",What color is the curb below the stop sign? || Is there a stop light? || What is on the picnic table?,red || yes || nothing,"red, yes, nothing",red,0.125,341
image_first,264718003,264718,What does the sign read?,2 hour parking 8am to 8pm|parking|2 hour parking 8am-8pm,"sign reads ""no parking""",0.0,"Look at the image and answer the question.

Question: What does the sign read?

Relevant examples from similar images:
- Q: What color is the curb below the stop sign?
  A: red
- Q: Is there a stop light?
  A: yes
- Q: What is on the picnic table?
  A: nothing

Use the examples only if they help.
Give a short answer.

Answer:",What color is the curb below the stop sign? || Is there a stop light? || What is on the picnic table?,red || yes || nothing,"red, yes, nothing",red,0.1667,327
image_first,264718004,264718,What does the sign say?,parking|2 hour parking|2 hour parking,sign says that there is a parking lot,0.0,"Look at the image and answer the question.

Question: What does the sign say?

Relevant examples from similar images:
- Q: What color is the curb below the stop sign?
  A: red
- Q: Is there a stop light?
  A: yes
- Q: What is on the picnic table?
  A: nothing

Use the examples only if they help.
Give a short answer.

Answer:",What color is the curb below the stop sign? || Is there a stop light? || What is on the picnic table?,red || yes || nothing,"red, yes, nothing",red,0.1667,326
image_first,264718005,264718,What phone number is on the sign?,0|n/a|0,phone number on the sign is 555-12,0.0,"Look at the image and answer the question.

Question: What phone number is on the sign?

Relevant examples from similar images:
- Q: What color is the curb below the stop sign?
  A: red
- Q: Is there a stop light?
  A: yes
- Q: What is on the picnic table?
  A: nothing

Use the examples only if they help.
Give a short answer.

Answer:",What color is the curb below the stop sign? || Is there a stop light? || What is on the picnic table?,red || yes || nothing,"red, yes, nothing",red,0.1429,336
image_first,264718006,264718,What modes of transportation are in the picture?,cars|car|car,picture is of a parking lot,0.0,"Look at the image and answer the question.

Question: What modes of transportation are in the picture?

Relevant examples from similar images:
- Q: What color is the curb below the stop sign?
  A: red
- Q: Is there a stop light?
  A: yes
- Q: What is on the picnic table?
  A: nothing

Use the examples only if they help.
Give a short answer.

Answer:",What color is the curb below the stop sign? || Is there a stop light? || What is on the picnic table?,red || yes || nothing,"red, yes, nothing",red,0.0,351
image_first,264718007,264718,What sign is to the right of the photo?,2 hour parking|parking|2 hour parking,sign to the right of the photo is a,0.0,"Look at the image and answer the question.

Question: What sign is to the right of the photo?

Relevant examples from similar images:
- Q: What color is the curb below the stop sign?
  A: red
- Q: Is there a stop light?
  A: yes
- Q: What is on the picnic table?
  A: nothing

Use the examples only if they help.
Give a short answer.

Answer:",What color is the curb below the stop sign? || Is there a stop light? || What is on the picnic table?,red || yes || nothing,"red, yes, nothing",red,0.1429,342
image_first,133648000,133648,Is the bat blue?,yes|yes|yes,bat is blue,0.0,"Look at the image and answer the question.

Question: Is the bat blue?

Relevant examples from similar images:
- Q: How many people are in this picture?
  A: 5
- Q: What sport are they playing?
  A: baseball
- Q: How many players are in the field?
  A: 6

Use the examples only if they help.
Give a short answer.

Answer:",How many people are in this picture? || What sport are they playing? || How many players are in the field?,5 || baseball || 6,"5, baseball, 6",5,0.0,321
image_first,133648001,133648,Is the photo colored?,yes|yes|yes,photo is not colored,0.0,"Look at the image and answer the question.

Question: Is the photo colored?

Relevant examples from similar images:
- Q: How many people are in this picture?
  A: 5
- Q: What sport are they playing?
  A: baseball
- Q: How many players are in the field?
  A: 6

Use the examples only if they help.
Give a short answer.

Answer:",How many people are in this picture? || What sport are they playing? || How many players are in the field?,5 || baseball || 6,"5, baseball, 6",5,0.0,326
image_first,133648002,133648,What color is the home plate umpire's shirt?,white|black|black,home plate umpire's shirt is blue,0.0,"Look at the image and answer the question.

Question: What color is the home plate umpire's shirt?

Relevant examples from similar images:
- Q: How many people are in this picture?
  A: 5
- Q: What sport are they playing?
  A: baseball
- Q: How many players are in the field?
  A: 6

Use the examples only if they help.
Give a short answer.

Answer:",How many people are in this picture? || What sport are they playing? || How many players are in the field?,5 || baseball || 6,"5, baseball, 6",5,0.0,349
image_first,133648003,133648,Which game are they playing?,baseball|baseball|baseball,baseball game,0.0,"Look at the image and answer the question.

Question: Which game are they playing?

Relevant examples from similar images:
- Q: How many people are in this picture?
  A: 5
- Q: What sport are they playing?
  A: baseball
- Q: How many players are in the field?
  A: 6

Use the examples only if they help.
Give a short answer.

Answer:",How many people are in this picture? || What sport are they playing? || How many players are in the field?,5 || baseball || 6,"5, baseball, 6",baseball,0.4,333
image_first,459182000,459182,What are they carrying?,surfboards|surfboards|surfboards,carrying surfboards,0.0,"Look at the image and answer the question.

Question: What are they carrying?

Relevant examples from similar images:
- Q: Are there any plants?
  A: no
- Q: Where do you play this sport?
  A: ocean
- Q: What are the people caring in their arms?
  A: surfboards

Use the examples only if they help.
Give a short answer.

Answer:",Are there any plants? || Where do you play this sport? || What are the people caring in their arms?,no || ocean || surfboards,"no, ocean, surfboards",no,0.0,328
image_first,459182001,459182,What is in the foreground?,rocks|rocks|rocks,people are carrying surfboards,0.0,"Look at the image and answer the question.

Question: What is in the foreground?

Relevant examples from similar images:
- Q: Are there any plants?
  A: no
- Q: Where do you play this sport?
  A: ocean
- Q: What are the people caring in their arms?
  A: surfboards

Use the examples only if they help.
Give a short answer.

Answer:",Are there any plants? || Where do you play this sport? || What are the people caring in their arms?,no || ocean || surfboards,"no, ocean, surfboards",no,0.0,331
image_first,459182002,459182,How many people are there?,2|2|2,Two people are walking on the beach carrying surfboards,0.0,"Look at the image and answer the question.

Question: How many people are there?

Relevant examples from similar images:
- Q: Are there any plants?
  A: no
- Q: Where do you play this sport?
  A: ocean
- Q: What are the people caring in their arms?
  A: surfboards

Use the examples only if they help.
Give a short answer.

Answer:",Are there any plants? || Where do you play this sport? || What are the people caring in their arms?,no || ocean || surfboards,"no, ocean, surfboards",surfboards,0.2,331
image_first,395801000,395801,Is it morning or evening?,evening|morning|morning,morning,1.0,"Look at the image and answer the question.

Question: Is it morning or evening?

Relevant examples from similar images:
- Q: What color is the front of the store on the left?
  A: white
- Q: Is the road having work done?
  A: no
- Q: How many bus cars can you see?
  A: 1

Use the examples only if they help.
Give a short answer.

Answer:",What color is the front of the store on the left? || Is the road having work done? || How many bus cars can you see?,white || no || 1,"white, no, 1",white,0.0,338
image_first,395801001,395801,How much does parking in the lot cost?,nothing|free|free,Parking in the lot is free,0.0,"Look at the image and answer the question.

Question: How much does parking in the lot cost?

Relevant examples from similar images:
- Q: What color is the front of the store on the left?
  A: white
- Q: Is the road having work done?
  A: no
- Q: How many bus cars can you see?
  A: 1

Use the examples only if they help.
Give a short answer.

Answer:",What color is the front of the store on the left? || Is the road having work done? || How many bus cars can you see?,white || no || 1,"white, no, 1",white,0.0,351
image_first,395801002,395801,What is on the road?,car|car|cars,road is having work done,0.0,"Look at the image and answer the question.

Question: What is on the road?

Relevant examples from similar images:
- Q: What color is the front of the store on the left?
  A: white
- Q: Is the road having work done?
  A: no
- Q: How many bus cars can you see?
  A: 1

Use the examples only if they help.
Give a short answer.

Answer:",What color is the front of the store on the left? || Is the road having work done? || How many bus cars can you see?,white || no || 1,"white, no, 1",no,0.25,333
image_first,395801003,395801,How many people are in the picture?,7|7|11,1,0.0,"Look at the image and answer the question.

Question: How many people are in the picture?

Relevant examples from similar images:
- Q: What color is the front of the store on the left?
  A: white
- Q: Is the road having work done?
  A: no
- Q: How many bus cars can you see?
  A: 1

Use the examples only if they help.
Give a short answer.

Answer:",What color is the front of the store on the left? || Is the road having work done? || How many bus cars can you see?,white || no || 1,"white, no, 1",1,0.1429,348
image_first,395801004,395801,Do the people know each other?,no|no|no,people know each other,0.0,"Look at the image and answer the question.

Question: Do the people know each other?

Relevant examples from similar images:
- Q: What color is the front of the store on the left?
  A: white
- Q: Is the road having work done?
  A: no
- Q: How many bus cars can you see?
  A: 1

Use the examples only if they help.
Give a short answer.

Answer:",What color is the front of the store on the left? || Is the road having work done? || How many bus cars can you see?,white || no || 1,"white, no, 1",white,0.0,343
image_first,395801005,395801,How could you carry things if you were riding this bike?,there is no bike|on my back|backpack,You could carry things if you were riding this bike,0.0,"Look at the image and answer the question.

Question: How could you carry things if you were riding this bike?

Relevant examples from similar images:
- Q: What color is the front of the store on the left?
  A: white
- Q: Is the road having work done?
  A: no
- Q: How many bus cars can you see?
  A: 1

Use the examples only if they help.
Give a short answer.

Answer:",What color is the front of the store on the left? || Is the road having work done? || How many bus cars can you see?,white || no || 1,"white, no, 1",1,0.1,369
image_first,395801006,395801,How many people are in this scene?,25|15|9,1,0.0,"Look at the image and answer the question.

Question: How many people are in this scene?

Relevant examples from similar images:
- Q: What color is the front of the store on the left?
  A: white
- Q: Is the road having work done?
  A: no
- Q: How many bus cars can you see?
  A: 1

Use the examples only if they help.
Give a short answer.

Answer:",What color is the front of the store on the left? || Is the road having work done? || How many bus cars can you see?,white || no || 1,"white, no, 1",1,0.1429,347
image_first,395801007,395801,What time is it?,6:00|6:00|12:30,cloudy day,0.0,"Look at the image and answer the question.

Question: What time is it?

Relevant examples from similar images:
- Q: What color is the front of the store on the left?
  A: white
- Q: Is the road having work done?
  A: no
- Q: How many bus cars can you see?
  A: 1

Use the examples only if they help.
Give a short answer.

Answer:",What color is the front of the store on the left? || Is the road having work done? || How many bus cars can you see?,white || no || 1,"white, no, 1",white,0.0,329
image_first,264730000,264730,How many arches are under the clock?,2|2|2,3 arches under the clock,0.0,"Look at the image and answer the question.

Question: How many arches are under the clock?

Relevant examples from similar images:
- Q: What kind of numbers are on this clock?
  A: roman
- Q: How many bells?
  A: 3
- Q: Is there a painting over the arch?
  A: yes

Use the examples only if they help.
Give a short answer.

Answer:",What kind of numbers are on this clock? || How many bells? || Is there a painting over the arch?,roman || 3 || yes,"roman, 3, yes",3,0.2,330
image_first,264730001,264730,What time is it?,10:50|10:49|8:45,night,0.0,"Look at the image and answer the question.

Question: What time is it?

Relevant examples from similar images:
- Q: What kind of numbers are on this clock?
  A: roman
- Q: How many bells?
  A: 3
- Q: Is there a painting over the arch?
  A: yes

Use the examples only if they help.
Give a short answer.

Answer:",What kind of numbers are on this clock? || How many bells? || Is there a painting over the arch?,roman || 3 || yes,"roman, 3, yes",roman,0.0,310
image_first,264730002,264730,Is a daytime or nighttime scene depicted?,nighttime|nighttime|night,This is a daytime scene,0.0,"Look at the image and answer the question.

Question: Is a daytime or nighttime scene depicted?

Relevant examples from similar images:
- Q: What kind of numbers are on this clock?
  A: roman
- Q: How many bells?
  A: 3
- Q: Is there a painting over the arch?
  A: yes

Use the examples only if they help.
Give a short answer.

Answer:",What kind of numbers are on this clock? || How many bells? || Is there a painting over the arch?,roman || 3 || yes,"roman, 3, yes",roman,0.0,335
image_first,264730003,264730,What kind of numbers are on the clock?,roman numerals|roman|roman numerals,What kind of numbers are on the clock?,0.0,"Look at the image and answer the question.

Question: What kind of numbers are on the clock?

Relevant examples from similar images:
- Q: What kind of numbers are on this clock?
  A: roman
- Q: How many bells?
  A: 3
- Q: Is there a painting over the arch?
  A: yes

Use the examples only if they help.
Give a short answer.

Answer:",What kind of numbers are on this clock? || How many bells? || Is there a painting over the arch?,roman || 3 || yes,"roman, 3, yes",roman,1.0,332
image_first,2587000,2587,Which food contains the most potassium?,banana|banana|banana,donut contains the most potassium,0.0,"Look at the image and answer the question.

Question: Which food contains the most potassium?

Relevant examples from similar images:
- Q: Is the donut filled?
  A: no
- Q: What's the name of the largest pastry?
  A: donut
- Q: How many bananas are pictured?
  A: 2

Use the examples only if they help.
Give a short answer.

Answer:",Is the donut filled? || What's the name of the largest pastry? || How many bananas are pictured?,no || donut || 2,"no, donut, 2",no,0.0,332
image_first,2587001,2587,What is not healthy in the baggie?,donut|doughnut|donut,donut is not filled,0.0,"Look at the image and answer the question.

Question: What is not healthy in the baggie?

Relevant examples from similar images:
- Q: Is the donut filled?
  A: no
- Q: What's the name of the largest pastry?
  A: donut
- Q: How many bananas are pictured?
  A: 2

Use the examples only if they help.
Give a short answer.

Answer:",Is the donut filled? || What's the name of the largest pastry? || How many bananas are pictured?,no || donut || 2,"no, donut, 2",no,0.0,327
evidence_noisy_warning,2529010,2529,Is there snow on the ground?,no|no|no,no,1.0,"Question: Is there snow on the ground?

The following examples come from visually similar images. They may be helpful, but they may also be noisy:
- Q: Is there a blue car?
  A: no
- Q: Are the street lights turned on?
  A: no
- Q: What color is the building with the clock on it?
  A: white

Candidate answers:
no, white

Use the current image as the main source of truth.
Use retrieved evidence only when it clearly matches the question.

Short answer:",Is there a blue car? || Are the street lights turned on? || What color is the building with the clock on it?,no || no || white,"no, white",no,0.0,454
evidence_noisy_warning,2532000,2532,Is the skier going downhill?,no|no|yes,no,1.0,"Question: Is the skier going downhill?

The following examples come from visually similar images. They may be helpful, but they may also be noisy:
- Q: What weather conditions appear in this scene?
  A: cloudy
- Q: What color is the backpack?
  A: red
- Q: Does the shadow fall to the skiers left or to the right?
  A: left

Candidate answers:
cloudy, red, left

Use the current image as the main source of truth.
Use retrieved evidence only when it clearly matches the question.

Short answer:",What weather conditions appear in this scene? || What color is the backpack? || Does the shadow fall to the skiers left or to the right?,cloudy || red || left,"cloudy, red, left",cloudy,0.0,494
evidence_noisy_warning,2532001,2532,How do you know this skier is not alone on the mountain?,someone had to take photo|tracks|other ski tracks and footprints,sky is blue,0.0,"Question: How do you know this skier is not alone on the mountain?

The following examples come from visually similar images. They may be helpful, but they may also be noisy:
- Q: What weather conditions appear in this scene?
  A: cloudy
- Q: What color is the backpack?
  A: red
- Q: Does the shadow fall to the skiers left or to the right?
  A: left

Candidate answers:
cloudy, red, left

Use the current image as the main source of truth.
Use retrieved evidence only when it clearly matches the question.

Short answer:",What weather conditions appear in this scene? || What color is the backpack? || Does the shadow fall to the skiers left or to the right?,cloudy || red || left,"cloudy, red, left",cloudy,0.0,522
evidence_noisy_warning,2532002,2532,How cold is it?,cold|15 degrees|freezing,sky is blue,0.0,"Question: How cold is it?

The following examples come from visually similar images. They may be helpful, but they may also be noisy:
- Q: What weather conditions appear in this scene?
  A: cloudy
- Q: What color is the backpack?
  A: red
- Q: Does the shadow fall to the skiers left or to the right?
  A: left

Candidate answers:
cloudy, red, left

Use the current image as the main source of truth.
Use retrieved evidence only when it clearly matches the question.

Short answer:",What weather conditions appear in this scene? || What color is the backpack? || Does the shadow fall to the skiers left or to the right?,cloudy || red || left,"cloudy, red, left",cloudy,0.0,481
evidence_noisy_warning,2532003,2532,Is it a sunny or cloudy day?,sunny|cloudy|cloudy,,0.0,"Question: Is it a sunny or cloudy day?

The following examples come from visually similar images. They may be helpful, but they may also be noisy:
- Q: What weather conditions appear in this scene?
  A: cloudy
- Q: What color is the backpack?
  A: red
- Q: Does the shadow fall to the skiers left or to the right?
  A: left

Candidate answers:
cloudy, red, left

Use the current image as the main source of truth.
Use retrieved evidence only when it clearly matches the question.

Short answer:",What weather conditions appear in this scene? || What color is the backpack? || Does the shadow fall to the skiers left or to the right?,cloudy || red || left,"cloudy, red, left",left,0.1111,494
evidence_noisy_warning,2532004,2532,What color is the sky?,blue|blue|blue,sky is blue,0.0,"Question: What color is the sky?

The following examples come from visually similar images. They may be helpful, but they may also be noisy:
- Q: What weather conditions appear in this scene?
  A: cloudy
- Q: What color is the backpack?
  A: red
- Q: Does the shadow fall to the skiers left or to the right?
  A: left

Candidate answers:
cloudy, red, left

Use the current image as the main source of truth.
Use retrieved evidence only when it clearly matches the question.

Short answer:",What weather conditions appear in this scene? || What color is the backpack? || Does the shadow fall to the skiers left or to the right?,cloudy || red || left,"cloudy, red, left",red,0.3333,488
evidence_noisy_warning,395749000,395749,What filter is being used in this image?,black and white|black & white|black and white,,0.0,"Question: What filter is being used in this image?

The following examples come from visually similar images. They may be helpful, but they may also be noisy:
- Q: How many people are on the bench?
  A: 4
- Q: Is the man alone on the bench?
  A: yes
- Q: Are they on the beach?
  A: no

Candidate answers:
4, yes, no

Use the current image as the main source of truth.
Use retrieved evidence only when it clearly matches the question.

Short answer:",How many people are on the bench? || Is the man alone on the bench? || Are they on the beach?,4 || yes || no,"4, yes, no",4,0.0,449
evidence_noisy_warning,395749001,395749,Are all the people elderly?,no|yes|no,yes,1.0,"Question: Are all the people elderly?

The following examples come from visually similar images. They may be helpful, but they may also be noisy:
- Q: How many people are on the bench?
  A: 4
- Q: Is the man alone on the bench?
  A: yes
- Q: Are they on the beach?
  A: no

Candidate answers:
4, yes, no

Use the current image as the main source of truth.
Use retrieved evidence only when it clearly matches the question.

Short answer:",How many people are on the bench? || Is the man alone on the bench? || Are they on the beach?,4 || yes || no,"4, yes, no",4,0.2,436
evidence_noisy_warning,395749002,395749,How many people can be seen?,4|4|4,,0.0,"Question: How many people can be seen?

The following examples come from visually similar images. They may be helpful, but they may also be noisy:
- Q: How many people are on the bench?
  A: 4
- Q: Is the man alone on the bench?
  A: yes
- Q: Are they on the beach?
  A: no

Candidate answers:
4, yes, no

Use the current image as the main source of truth.
Use retrieved evidence only when it clearly matches the question.

Short answer:",How many people are on the bench? || Is the man alone on the bench? || Are they on the beach?,4 || yes || no,"4, yes, no",4,0.5,437
evidence_noisy_warning,395749003,395749,What ocean might this be?,atlantic|antarctic|atlantic,No,0.0,"Question: What ocean might this be?

The following examples come from visually similar images. They may be helpful, but they may also be noisy:
- Q: How many people are on the bench?
  A: 4
- Q: Is the man alone on the bench?
  A: yes
- Q: Are they on the beach?
  A: no

Candidate answers:
4, yes, no

Use the current image as the main source of truth.
Use retrieved evidence only when it clearly matches the question.

Short answer:",How many people are on the bench? || Is the man alone on the bench? || Are they on the beach?,4 || yes || no,"4, yes, no",4,0.0,434
evidence_noisy_warning,395749004,395749,How many people are in the photo?,4|4|4,"yes, no",0.0,"Question: How many people are in the photo?

The following examples come from visually similar images. They may be helpful, but they may also be noisy:
- Q: How many people are on the bench?
  A: 4
- Q: Is the man alone on the bench?
  A: yes
- Q: Are they on the beach?
  A: no

Candidate answers:
4, yes, no

Use the current image as the main source of truth.
Use retrieved evidence only when it clearly matches the question.

Short answer:",How many people are on the bench? || Is the man alone on the bench? || Are they on the beach?,4 || yes || no,"4, yes, no",4,0.5,442
evidence_noisy_warning,395752000,395752,What color are the mums in the front of the photo?,"pink|red|pink, red, yellow",yes,0.0,"Question: What color are the mums in the front of the photo?

The following examples come from visually similar images. They may be helpful, but they may also be noisy:
- Q: Which route is the red bus running?
  A: special
- Q: How many levels is the bus?
  A: 1
- Q: Does the train carry passengers?
  A: yes

Candidate answers:
special, 1, yes

Use the current image as the main source of truth.
Use retrieved evidence only when it clearly matches the question.

Short answer:",Which route is the red bus running? || How many levels is the bus? || Does the train carry passengers?,special || 1 || yes,"special, 1, yes",special,0.0,478
evidence_noisy_warning,395752001,395752,Can a mail truck fit behind the bus to pick up the mail?,yes|yes|yes,yes,1.0,"Question: Can a mail truck fit behind the bus to pick up the mail?

The following examples come from visually similar images. They may be helpful, but they may also be noisy:
- Q: Which route is the red bus running?
  A: special
- Q: How many levels is the bus?
  A: 1
- Q: Does the train carry passengers?
  A: yes

Candidate answers:
special, 1, yes

Use the current image as the main source of truth.
Use retrieved evidence only when it clearly matches the question.

Short answer:",Which route is the red bus running? || How many levels is the bus? || Does the train carry passengers?,special || 1 || yes,"special, 1, yes",1,0.1111,484
evidence_noisy_warning,395752002,395752,"What  ""Over the Rainbow"" singer sang about this vehicle?",judy garland|judy garland|train,yes,0.0,"Question: What  ""Over the Rainbow"" singer sang about this vehicle?

The following examples come from visually similar images. They may be helpful, but they may also be noisy:
- Q: Which route is the red bus running?
  A: special
- Q: How many levels is the bus?
  A: 1
- Q: Does the train carry passengers?
  A: yes

Candidate answers:
special, 1, yes

Use the current image as the main source of truth.
Use retrieved evidence only when it clearly matches the question.

Short answer:",Which route is the red bus running? || How many levels is the bus? || Does the train carry passengers?,special || 1 || yes,"special, 1, yes",special,0.0,484
evidence_noisy_warning,395752003,395752,What color are the hubcaps?,red|red|red,yes,0.0,"Question: What color are the hubcaps?

The following examples come from visually similar images. They may be helpful, but they may also be noisy:
- Q: Which route is the red bus running?
  A: special
- Q: How many levels is the bus?
  A: 1
- Q: Does the train carry passengers?
  A: yes

Candidate answers:
special, 1, yes

Use the current image as the main source of truth.
Use retrieved evidence only when it clearly matches the question.

Short answer:",Which route is the red bus running? || How many levels is the bus? || Does the train carry passengers?,special || 1 || yes,"special, 1, yes",special,0.0,455
evidence_noisy_warning,395752004,395752,Is someone getting on this street car?,yes|yes|yes,yes,1.0,"Question: Is someone getting on this street car?

The following examples come from visually similar images. They may be helpful, but they may also be noisy:
- Q: Which route is the red bus running?
  A: special
- Q: How many levels is the bus?
  A: 1
- Q: Does the train carry passengers?
  A: yes

Candidate answers:
special, 1, yes

Use the current image as the main source of truth.
Use retrieved evidence only when it clearly matches the question.

Short answer:",Which route is the red bus running? || How many levels is the bus? || Does the train carry passengers?,special || 1 || yes,"special, 1, yes",special,0.0,466
evidence_noisy_warning,264683000,264683,Is this airplane inside?,yes|yes|yes,yes,1.0,"Question: Is this airplane inside?

The following examples come from visually similar images. They may be helpful, but they may also be noisy:
- Q: What is hanging?
  A: planes
- Q: What is the ID number of the plane?
  A: 0230
- Q: What number is on the side?
  A: 23

Candidate answers:
planes, 0230, 23

Use the current image as the main source of truth.
Use retrieved evidence only when it clearly matches the question.

Short answer:",What is hanging? || What is the ID number of the plane? || What number is on the side?,planes || 0230 || 23,"planes, 0230, 23",planes,0.0,438
evidence_noisy_warning,264683001,264683,What airline does the plane fly for?,air france|air france|air france,plane is a Boeing 727,0.0,"Question: What airline does the plane fly for?

The following examples come from visually similar images. They may be helpful, but they may also be noisy:
- Q: What is hanging?
  A: planes
- Q: What is the ID number of the plane?
  A: 0230
- Q: What number is on the side?
  A: 23

Candidate answers:
planes, 0230, 23

Use the current image as the main source of truth.
Use retrieved evidence only when it clearly matches the question.

Short answer:",What is hanging? || What is the ID number of the plane? || What number is on the side?,planes || 0230 || 23,"planes, 0230, 23",0230,0.2,450
evidence_noisy_warning,264683002,264683,Are there planes hanging?,yes|yes|yes,yes,1.0,"Question: Are there planes hanging?

The following examples come from visually similar images. They may be helpful, but they may also be noisy:
- Q: What is hanging?
  A: planes
- Q: What is the ID number of the plane?
  A: 0230
- Q: What number is on the side?
  A: 23

Candidate answers:
planes, 0230, 23

Use the current image as the main source of truth.
Use retrieved evidence only when it clearly matches the question.

Short answer:",What is hanging? || What is the ID number of the plane? || What number is on the side?,planes || 0230 || 23,"planes, 0230, 23",planes,0.5,439
evidence_noisy_warning,264686000,264686,How many side tables are there?,2|2|2,,0.0,"Question: How many side tables are there?

The following examples come from visually similar images. They may be helpful, but they may also be noisy:
- Q: What light source is here?
  A: sun
- Q: Is there a Turkish style rug on the floor?
  A: no
- Q: Is the room messy?
  A: no

Candidate answers:
sun, no

Use the current image as the main source of truth.
Use retrieved evidence only when it clearly matches the question.

Short answer:",What light source is here? || Is there a Turkish style rug on the floor? || Is the room messy?,sun || no || no,"sun, no",sun,0.0,439
evidence_noisy_warning,264686001,264686,How many windows are on the wall?,3|3|3,No,0.0,"Question: How many windows are on the wall?

The following examples come from visually similar images. They may be helpful, but they may also be noisy:
- Q: What light source is here?
  A: sun
- Q: Is there a Turkish style rug on the floor?
  A: no
- Q: Is the room messy?
  A: no

Candidate answers:
sun, no

Use the current image as the main source of truth.
Use retrieved evidence only when it clearly matches the question.

Short answer:",What light source is here? || Is there a Turkish style rug on the floor? || Is the room messy?,sun || no || no,"sun, no",sun,0.0,441
evidence_noisy_warning,264686002,264686,Is the TV a tube or flat screen?,tube|tube|tube,,0.0,"Question: Is the TV a tube or flat screen?

The following examples come from visually similar images. They may be helpful, but they may also be noisy:
- Q: What light source is here?
  A: sun
- Q: Is there a Turkish style rug on the floor?
  A: no
- Q: Is the room messy?
  A: no

Candidate answers:
sun, no

Use the current image as the main source of truth.
Use retrieved evidence only when it clearly matches the question.

Short answer:",What light source is here? || Is there a Turkish style rug on the floor? || Is the room messy?,sun || no || no,"sun, no",sun,0.0,440
evidence_noisy_warning,133619000,133619,What type of truck is it?,fire engine|fire truck|service truck,"no, yes, 8",0.0,"Question: What type of truck is it?

The following examples come from visually similar images. They may be helpful, but they may also be noisy:
- Q: Do you see a firefighter in the picture?
  A: no
- Q: Is this a fire truck?
  A: yes
- Q: How many headlights are on the truck?
  A: 8

Candidate answers:
no, yes, 8

Use the current image as the main source of truth.
Use retrieved evidence only when it clearly matches the question.

Short answer:",Do you see a firefighter in the picture? || Is this a fire truck? || How many headlights are on the truck?,no || yes || 8,"no, yes, 8",yes,0.3333,447
evidence_noisy_warning,133619001,133619,What time of day is it?,night|night|night,"no, yes",0.0,"Question: What time of day is it?

The following examples come from visually similar images. They may be helpful, but they may also be noisy:
- Q: Do you see a firefighter in the picture?
  A: no
- Q: Is this a fire truck?
  A: yes
- Q: How many headlights are on the truck?
  A: 8

Candidate answers:
no, yes, 8

Use the current image as the main source of truth.
Use retrieved evidence only when it clearly matches the question.

Short answer:",Do you see a firefighter in the picture? || Is this a fire truck? || How many headlights are on the truck?,no || yes || 8,"no, yes, 8",no,0.0,445
evidence_noisy_warning,133619002,133619,What color is the light above the hood of the truck?,yellow|blue|blue,"no, yes, 8",0.0,"Question: What color is the light above the hood of the truck?

The following examples come from visually similar images. They may be helpful, but they may also be noisy:
- Q: Do you see a firefighter in the picture?
  A: no
- Q: Is this a fire truck?
  A: yes
- Q: How many headlights are on the truck?
  A: 8

Candidate answers:
no, yes, 8

Use the current image as the main source of truth.
Use retrieved evidence only when it clearly matches the question.

Short answer:",Do you see a firefighter in the picture? || Is this a fire truck? || How many headlights are on the truck?,no || yes || 8,"no, yes, 8",yes,0.1667,474
evidence_noisy_warning,133620000,133620,Why does the woman have her hair up?,uniform|on duty|uniform,No,0.0,"Question: Why does the woman have her hair up?

The following examples come from visually similar images. They may be helpful, but they may also be noisy:
- Q: What color is the boys sweatshirt?
  A: blue
- Q: Does she have a wrist watch?
  A: yes
- Q: What is the woman reading?
  A: book

Candidate answers:
blue, yes, book

Use the current image as the main source of truth.
Use retrieved evidence only when it clearly matches the question.

Short answer:",What color is the boys sweatshirt? || Does she have a wrist watch? || What is the woman reading?,blue || yes || book,"blue, yes, book",book,0.2,458
evidence_noisy_warning,133620001,133620,Is she wearing glasses?,yes|yes|yes,no,0.0,"Question: Is she wearing glasses?

The following examples come from visually similar images. They may be helpful, but they may also be noisy:
- Q: What color is the boys sweatshirt?
  A: blue
- Q: Does she have a wrist watch?
  A: yes
- Q: What is the woman reading?
  A: book

Candidate answers:
blue, yes, book

Use the current image as the main source of truth.
Use retrieved evidence only when it clearly matches the question.

Short answer:",What color is the boys sweatshirt? || Does she have a wrist watch? || What is the woman reading?,blue || yes || book,"blue, yes, book",yes,0.2,445
evidence_noisy_warning,133620002,133620,What is she wearing on her head?,hat|helmet|hat,No,0.0,"Question: What is she wearing on her head?

The following examples come from visually similar images. They may be helpful, but they may also be noisy:
- Q: What color is the boys sweatshirt?
  A: blue
- Q: Does she have a wrist watch?
  A: yes
- Q: What is the woman reading?
  A: book

Candidate answers:
blue, yes, book

Use the current image as the main source of truth.
Use retrieved evidence only when it clearly matches the question.

Short answer:",What color is the boys sweatshirt? || Does she have a wrist watch? || What is the woman reading?,blue || yes || book,"blue, yes, book",yes,0.1667,454
evidence_noisy_warning,133620003,133620,Is the woman happy?,yes|yes|yes,yes,1.0,"Question: Is the woman happy?

The following examples come from visually similar images. They may be helpful, but they may also be noisy:
- Q: What color is the boys sweatshirt?
  A: blue
- Q: Does she have a wrist watch?
  A: yes
- Q: What is the woman reading?
  A: book

Candidate answers:
blue, yes, book

Use the current image as the main source of truth.
Use retrieved evidence only when it clearly matches the question.

Short answer:",What color is the boys sweatshirt? || Does she have a wrist watch? || What is the woman reading?,blue || yes || book,"blue, yes, book",book,0.3333,441
evidence_noisy_warning,526837000,526837,Is this man dressed for the weather?,yes|yes|yes,yes,1.0,"Question: Is this man dressed for the weather?

The following examples come from visually similar images. They may be helpful, but they may also be noisy:
- Q: What are the long sticks under the person's feet?
  A: skis
- Q: Is this a winter landscape?
  A: yes
- Q: Is it cold?
  A: yes

Candidate answers:
skis, yes

Use the current image as the main source of truth.
Use retrieved evidence only when it clearly matches the question.

Short answer:",What are the long sticks under the person's feet? || Is this a winter landscape? || Is it cold?,skis || yes || yes,"skis, yes",skis,0.0,450
evidence_noisy_warning,526837001,526837,What is this man holding?,ski pole|ski poles|poles,skis,0.3333,"Question: What is this man holding?

The following examples come from visually similar images. They may be helpful, but they may also be noisy:
- Q: What are the long sticks under the person's feet?
  A: skis
- Q: Is this a winter landscape?
  A: yes
- Q: Is it cold?
  A: yes

Candidate answers:
skis, yes

Use the current image as the main source of truth.
Use retrieved evidence only when it clearly matches the question.

Short answer:",What are the long sticks under the person's feet? || Is this a winter landscape? || Is it cold?,skis || yes || yes,"skis, yes",skis,0.0,439
evidence_noisy_warning,526837002,526837,What is covering the ground?,snow|snow|snow,yes,0.0,"Question: What is covering the ground?

The following examples come from visually similar images. They may be helpful, but they may also be noisy:
- Q: What are the long sticks under the person's feet?
  A: skis
- Q: Is this a winter landscape?
  A: yes
- Q: Is it cold?
  A: yes

Candidate answers:
skis, yes

Use the current image as the main source of truth.
Use retrieved evidence only when it clearly matches the question.

Short answer:",What are the long sticks under the person's feet? || Is this a winter landscape? || Is it cold?,skis || yes || yes,"skis, yes",skis,0.0,442
evidence_noisy_warning,133622000,133622,Are these vegetables or fruits?,vegetables|vegetables|vegetables,yes,0.0,"Question: Are these vegetables or fruits?

The following examples come from visually similar images. They may be helpful, but they may also be noisy:
- Q: What kind of fish is in the image?
  A: cod
- Q: What color is the plate?
  A: white
- Q: Is this a balanced meal?
  A: yes

Candidate answers:
cod, white, yes

Use the current image as the main source of truth.
Use retrieved evidence only when it clearly matches the question.

Short answer:",What kind of fish is in the image? || What color is the plate? || Is this a balanced meal?,cod || white || yes,"cod, white, yes",cod,0.0,447
evidence_noisy_warning,133622001,133622,What is the yellow topping?,cheese|glaze|cheese,Yes,0.0,"Question: What is the yellow topping?

The following examples come from visually similar images. They may be helpful, but they may also be noisy:
- Q: What kind of fish is in the image?
  A: cod
- Q: What color is the plate?
  A: white
- Q: Is this a balanced meal?
  A: yes

Candidate answers:
cod, white, yes

Use the current image as the main source of truth.
Use retrieved evidence only when it clearly matches the question.

Short answer:",What kind of fish is in the image? || What color is the plate? || Is this a balanced meal?,cod || white || yes,"cod, white, yes",cod,0.0,443
evidence_noisy_warning,133622002,133622,Is this a high class dish?,yes|yes|no,yes,1.0,"Question: Is this a high class dish?

The following examples come from visually similar images. They may be helpful, but they may also be noisy:
- Q: What kind of fish is in the image?
  A: cod
- Q: What color is the plate?
  A: white
- Q: Is this a balanced meal?
  A: yes

Candidate answers:
cod, white, yes

Use the current image as the main source of truth.
Use retrieved evidence only when it clearly matches the question.

Short answer:",What kind of fish is in the image? || What color is the plate? || Is this a balanced meal?,cod || white || yes,"cod, white, yes",cod,0.0,442
evidence_noisy_warning,133622003,133622,What is the long thin food with seeds?,broccoli|cake|cheese,Yes,0.0,"Question: What is the long thin food with seeds?

The following examples come from visually similar images. They may be helpful, but they may also be noisy:
- Q: What kind of fish is in the image?
  A: cod
- Q: What color is the plate?
  A: white
- Q: Is this a balanced meal?
  A: yes

Candidate answers:
cod, white, yes

Use the current image as the main source of truth.
Use retrieved evidence only when it clearly matches the question.

Short answer:",What kind of fish is in the image? || What color is the plate? || Is this a balanced meal?,cod || white || yes,"cod, white, yes",cod,0.0,454
evidence_noisy_warning,133622004,133622,What is the green topping?,broccoli|broccoli|broccoli,Yes,0.0,"Question: What is the green topping?

The following examples come from visually similar images. They may be helpful, but they may also be noisy:
- Q: What kind of fish is in the image?
  A: cod
- Q: What color is the plate?
  A: white
- Q: Is this a balanced meal?
  A: yes

Candidate answers:
cod, white, yes

Use the current image as the main source of truth.
Use retrieved evidence only when it clearly matches the question.

Short answer:",What kind of fish is in the image? || What color is the plate? || Is this a balanced meal?,cod || white || yes,"cod, white, yes",cod,0.0,442
evidence_noisy_warning,133622005,133622,What is the yellow item pictured?,cheese|cake|cheese,Yes,0.0,"Question: What is the yellow item pictured?

The following examples come from visually similar images. They may be helpful, but they may also be noisy:
- Q: What kind of fish is in the image?
  A: cod
- Q: What color is the plate?
  A: white
- Q: Is this a balanced meal?
  A: yes

Candidate answers:
cod, white, yes

Use the current image as the main source of truth.
Use retrieved evidence only when it clearly matches the question.

Short answer:",What kind of fish is in the image? || What color is the plate? || Is this a balanced meal?,cod || white || yes,"cod, white, yes",cod,0.0,449
evidence_noisy_warning,133622006,133622,How are the eggs cooked?,scrambled|scramble|omelet,Yes,0.0,"Question: How are the eggs cooked?

The following examples come from visually similar images. They may be helpful, but they may also be noisy:
- Q: What kind of fish is in the image?
  A: cod
- Q: What color is the plate?
  A: white
- Q: Is this a balanced meal?
  A: yes

Candidate answers:
cod, white, yes

Use the current image as the main source of truth.
Use retrieved evidence only when it clearly matches the question.

Short answer:",What kind of fish is in the image? || What color is the plate? || Is this a balanced meal?,cod || white || yes,"cod, white, yes",cod,0.0,440
evidence_noisy_warning,133622007,133622,What vegetable is this?,broccoli|broccoli|broccoli,Yes,0.0,"Question: What vegetable is this?

The following examples come from visually similar images. They may be helpful, but they may also be noisy:
- Q: What kind of fish is in the image?
  A: cod
- Q: What color is the plate?
  A: white
- Q: Is this a balanced meal?
  A: yes

Candidate answers:
cod, white, yes

Use the current image as the main source of truth.
Use retrieved evidence only when it clearly matches the question.

Short answer:",What kind of fish is in the image? || What color is the plate? || Is this a balanced meal?,cod || white || yes,"cod, white, yes",cod,0.0,439
evidence_noisy_warning,133622008,133622,What kinds of food are on the plate?,"breakfast|spinach|eggs, spinach",Yes,0.0,"Question: What kinds of food are on the plate?

The following examples come from visually similar images. They may be helpful, but they may also be noisy:
- Q: What kind of fish is in the image?
  A: cod
- Q: What color is the plate?
  A: white
- Q: Is this a balanced meal?
  A: yes

Candidate answers:
cod, white, yes

Use the current image as the main source of truth.
Use retrieved evidence only when it clearly matches the question.

Short answer:",What kind of fish is in the image? || What color is the plate? || Is this a balanced meal?,cod || white || yes,"cod, white, yes",white,0.25,452
evidence_noisy_warning,22271000,22271,Is this a bright and sunny day?,no|no|no,yes,0.0,"Question: Is this a bright and sunny day?

The following examples come from visually similar images. They may be helpful, but they may also be noisy:
- Q: What color is the fence?
  A: orange
- Q: Where is the hydrant?
  A: sidewalk
- Q: Why was the train running behind?
  A: unknown

Candidate answers:
orange, sidewalk, unknown

Use the current image as the main source of truth.
Use retrieved evidence only when it clearly matches the question.

Short answer:",What color is the fence? || Where is the hydrant? || Why was the train running behind?,orange || sidewalk || unknown,"orange, sidewalk, unknown",orange,0.0,463
evidence_noisy_warning,22271001,22271,Are there people in the picture?,yes|yes|yes,yes,1.0,"Question: Are there people in the picture?

The following examples come from visually similar images. They may be helpful, but they may also be noisy:
- Q: What color is the fence?
  A: orange
- Q: Where is the hydrant?
  A: sidewalk
- Q: Why was the train running behind?
  A: unknown

Candidate answers:
orange, sidewalk, unknown

Use the current image as the main source of truth.
Use retrieved evidence only when it clearly matches the question.

Short answer:",What color is the fence? || Where is the hydrant? || Why was the train running behind?,orange || sidewalk || unknown,"orange, sidewalk, unknown",orange,0.0,464
evidence_noisy_warning,22271002,22271,What is the name of the street sign on the ground?,western ave|western ave|western ave,,0.0,"Question: What is the name of the street sign on the ground?

The following examples come from visually similar images. They may be helpful, but they may also be noisy:
- Q: What color is the fence?
  A: orange
- Q: Where is the hydrant?
  A: sidewalk
- Q: Why was the train running behind?
  A: unknown

Candidate answers:
orange, sidewalk, unknown

Use the current image as the main source of truth.
Use retrieved evidence only when it clearly matches the question.

Short answer:",What color is the fence? || Where is the hydrant? || Why was the train running behind?,orange || sidewalk || unknown,"orange, sidewalk, unknown",orange,0.0,482
evidence_noisy_warning,133629000,133629,Is this a public place?,no|no|no,yes,0.0,"Question: Is this a public place?

The following examples come from visually similar images. They may be helpful, but they may also be noisy:
- Q: What color is the chair?
  A: purple
- Q: What type of computer is on the desk?
  A: apple
- Q: Is there an iPhone on the table?
  A: yes

Candidate answers:
purple, apple, yes

Use the current image as the main source of truth.
Use retrieved evidence only when it clearly matches the question.

Short answer:",What color is the chair? || What type of computer is on the desk? || Is there an iPhone on the table?,purple || apple || yes,"purple, apple, yes",purple,0.0,456
evidence_noisy_warning,133629001,133629,What color is the desk?,brown|brown|brown,,0.0,"Question: What color is the desk?

The following examples come from visually similar images. They may be helpful, but they may also be noisy:
- Q: What color is the chair?
  A: purple
- Q: What type of computer is on the desk?
  A: apple
- Q: Is there an iPhone on the table?
  A: yes

Candidate answers:
purple, apple, yes

Use the current image as the main source of truth.
Use retrieved evidence only when it clearly matches the question.

Short answer:",What color is the chair? || What type of computer is on the desk? || Is there an iPhone on the table?,purple || apple || yes,"purple, apple, yes",purple,0.3333,456
evidence_noisy_warning,133629002,133629,How many chairs have wheels?,1|1|1,Yes,0.0,"Question: How many chairs have wheels?

The following examples come from visually similar images. They may be helpful, but they may also be noisy:
- Q: What color is the chair?
  A: purple
- Q: What type of computer is on the desk?
  A: apple
- Q: Is there an iPhone on the table?
  A: yes

Candidate answers:
purple, apple, yes

Use the current image as the main source of truth.
Use retrieved evidence only when it clearly matches the question.

Short answer:",What color is the chair? || What type of computer is on the desk? || Is there an iPhone on the table?,purple || apple || yes,"purple, apple, yes",purple,0.0,461
evidence_noisy_warning,133629003,133629,Is this chair in the way of people who might walk through?,no|no|no,no,1.0,"Question: Is this chair in the way of people who might walk through?

The following examples come from visually similar images. They may be helpful, but they may also be noisy:
- Q: What color is the chair?
  A: purple
- Q: What type of computer is on the desk?
  A: apple
- Q: Is there an iPhone on the table?
  A: yes

Candidate answers:
purple, apple, yes

Use the current image as the main source of truth.
Use retrieved evidence only when it clearly matches the question.

Short answer:",What color is the chair? || What type of computer is on the desk? || Is there an iPhone on the table?,purple || apple || yes,"purple, apple, yes",purple,0.1429,491
evidence_noisy_warning,133629004,133629,Can these items be used to make food?,no|no|no,no,1.0,"Question: Can these items be used to make food?

The following examples come from visually similar images. They may be helpful, but they may also be noisy:
- Q: What color is the chair?
  A: purple
- Q: What type of computer is on the desk?
  A: apple
- Q: Is there an iPhone on the table?
  A: yes

Candidate answers:
purple, apple, yes

Use the current image as the main source of truth.
Use retrieved evidence only when it clearly matches the question.

Short answer:",What color is the chair? || What type of computer is on the desk? || Is there an iPhone on the table?,purple || apple || yes,"purple, apple, yes",purple,0.0,470
evidence_noisy_warning,133629005,133629,What do people do here?,work|work|office work,,0.0,"Question: What do people do here?

The following examples come from visually similar images. They may be helpful, but they may also be noisy:
- Q: What color is the chair?
  A: purple
- Q: What type of computer is on the desk?
  A: apple
- Q: Is there an iPhone on the table?
  A: yes

Candidate answers:
purple, apple, yes

Use the current image as the main source of truth.
Use retrieved evidence only when it clearly matches the question.

Short answer:",What color is the chair? || What type of computer is on the desk? || Is there an iPhone on the table?,purple || apple || yes,"purple, apple, yes",purple,0.0,456
evidence_noisy_warning,133629006,133629,What color is the lampshade?,off white|white|white,,0.0,"Question: What color is the lampshade?

The following examples come from visually similar images. They may be helpful, but they may also be noisy:
- Q: What color is the chair?
  A: purple
- Q: What type of computer is on the desk?
  A: apple
- Q: Is there an iPhone on the table?
  A: yes

Candidate answers:
purple, apple, yes

Use the current image as the main source of truth.
Use retrieved evidence only when it clearly matches the question.

Short answer:",What color is the chair? || What type of computer is on the desk? || Is there an iPhone on the table?,purple || apple || yes,"purple, apple, yes",purple,0.3333,461
evidence_noisy_warning,133629007,133629,What type of computer is on the desk?,mac|laptop|laptop,,0.0,"Question: What type of computer is on the desk?

The following examples come from visually similar images. They may be helpful, but they may also be noisy:
- Q: What color is the chair?
  A: purple
- Q: What type of computer is on the desk?
  A: apple
- Q: Is there an iPhone on the table?
  A: yes

Candidate answers:
purple, apple, yes

Use the current image as the main source of truth.
Use retrieved evidence only when it clearly matches the question.

Short answer:",What color is the chair? || What type of computer is on the desk? || Is there an iPhone on the table?,purple || apple || yes,"purple, apple, yes",apple,1.0,470
evidence_noisy_warning,133631000,133631,"Which is longer, the Elephant's tusks or the Elephant's trunk?",trunk|trunk|trunk,trunk is longer,0.0,"Question: Which is longer, the Elephant's tusks or the Elephant's trunk?

The following examples come from visually similar images. They may be helpful, but they may also be noisy:
- Q: How many elephants are there?
  A: 1
- Q: Are the elephants drinking water?
  A: no
- Q: Has the elephant relieved itself recently?
  A: yes

Candidate answers:
1, no, yes

Use the current image as the main source of truth.
Use retrieved evidence only when it clearly matches the question.

Short answer:",How many elephants are there? || Are the elephants drinking water? || Has the elephant relieved itself recently?,1 || no || yes,"1, no, yes",yes,0.1,490
evidence_noisy_warning,133631001,133631,Is it sunny out?,yes|yes|yes,yes,1.0,"Question: Is it sunny out?

The following examples come from visually similar images. They may be helpful, but they may also be noisy:
- Q: How many elephants are there?
  A: 1
- Q: Are the elephants drinking water?
  A: no
- Q: Has the elephant relieved itself recently?
  A: yes

Candidate answers:
1, no, yes

Use the current image as the main source of truth.
Use retrieved evidence only when it clearly matches the question.

Short answer:",How many elephants are there? || Are the elephants drinking water? || Has the elephant relieved itself recently?,1 || no || yes,"1, no, yes",1,0.0,444
evidence_noisy_warning,133631002,133631,Does the elephant need water?,yes|yes|yes,yes,1.0,"Question: Does the elephant need water?

The following examples come from visually similar images. They may be helpful, but they may also be noisy:
- Q: How many elephants are there?
  A: 1
- Q: Are the elephants drinking water?
  A: no
- Q: Has the elephant relieved itself recently?
  A: yes

Candidate answers:
1, no, yes

Use the current image as the main source of truth.
Use retrieved evidence only when it clearly matches the question.

Short answer:",How many elephants are there? || Are the elephants drinking water? || Has the elephant relieved itself recently?,1 || no || yes,"1, no, yes",no,0.2,457
evidence_noisy_warning,2562000,2562,What is the color scheme of the photo?,"white|white and blue|white, blue",,0.0,"Question: What is the color scheme of the photo?

The following examples come from visually similar images. They may be helpful, but they may also be noisy:
- Q: What color is the woman's outfit?
  A: black
- Q: What sport is the man most likely playing?
  A: tennis
- Q: How many feet can be seen in this photo?
  A: 2

Candidate answers:
black, tennis, 2

Use the current image as the main source of truth.
Use retrieved evidence only when it clearly matches the question.

Short answer:",What color is the woman's outfit? || What sport is the man most likely playing? || How many feet can be seen in this photo?,black || tennis || 2,"black, tennis, 2",black,0.1667,489
evidence_noisy_warning,2562001,2562,Are all the men tennis players?,yes|no|no,yes,1.0,"Question: Are all the men tennis players?

The following examples come from visually similar images. They may be helpful, but they may also be noisy:
- Q: What color is the woman's outfit?
  A: black
- Q: What sport is the man most likely playing?
  A: tennis
- Q: How many feet can be seen in this photo?
  A: 2

Candidate answers:
black, tennis, 2

Use the current image as the main source of truth.
Use retrieved evidence only when it clearly matches the question.

Short answer:",What color is the woman's outfit? || What sport is the man most likely playing? || How many feet can be seen in this photo?,black || tennis || 2,"black, tennis, 2",black,0.0,482
evidence_noisy_warning,2562002,2562,Is the man wearing a wristband?,yes|yes|yes,,0.0,"Question: Is the man wearing a wristband?

The following examples come from visually similar images. They may be helpful, but they may also be noisy:
- Q: What color is the woman's outfit?
  A: black
- Q: What sport is the man most likely playing?
  A: tennis
- Q: How many feet can be seen in this photo?
  A: 2

Candidate answers:
black, tennis, 2

Use the current image as the main source of truth.
Use retrieved evidence only when it clearly matches the question.

Short answer:",What color is the woman's outfit? || What sport is the man most likely playing? || How many feet can be seen in this photo?,black || tennis || 2,"black, tennis, 2",tennis,0.1429,482
evidence_noisy_warning,2562003,2562,What two brands are shown advertised behind the tennis player?,olympus and wta|olympus and wta|wta and olympus,,0.0,"Question: What two brands are shown advertised behind the tennis player?

The following examples come from visually similar images. They may be helpful, but they may also be noisy:
- Q: What color is the woman's outfit?
  A: black
- Q: What sport is the man most likely playing?
  A: tennis
- Q: How many feet can be seen in this photo?
  A: 2

Candidate answers:
black, tennis, 2

Use the current image as the main source of truth.
Use retrieved evidence only when it clearly matches the question.

Short answer:",What color is the woman's outfit? || What sport is the man most likely playing? || How many feet can be seen in this photo?,black || tennis || 2,"black, tennis, 2",black,0.0,513
evidence_noisy_warning,2562004,2562,What sport is being played?,tennis|tennis|tennis,,0.0,"Question: What sport is being played?

The following examples come from visually similar images. They may be helpful, but they may also be noisy:
- Q: What color is the woman's outfit?
  A: black
- Q: What sport is the man most likely playing?
  A: tennis
- Q: How many feet can be seen in this photo?
  A: 2

Candidate answers:
black, tennis, 2

Use the current image as the main source of truth.
Use retrieved evidence only when it clearly matches the question.

Short answer:",What color is the woman's outfit? || What sport is the man most likely playing? || How many feet can be seen in this photo?,black || tennis || 2,"black, tennis, 2",tennis,0.1429,478
evidence_noisy_warning,133636000,133636,What is the number on the left parking meter?,12|12|19,"yes, the meter works",0.0,"Question: What is the number on the left parking meter?

The following examples come from visually similar images. They may be helpful, but they may also be noisy:
- Q: What is this a picture of?
  A: parking meter
- Q: When is the meter enforced?
  A: 9-6 m-f
- Q: Does the meter work?
  A: yes

Candidate answers:
parking meter, 9-6 m-f, yes

Use the current image as the main source of truth.
Use retrieved evidence only when it clearly matches the question.

Short answer:",What is this a picture of? || When is the meter enforced? || Does the meter work?,parking meter || 9-6 m-f || yes,"parking meter, 9-6 m-f, yes",9-6 m-f,0.2,476
evidence_noisy_warning,133636001,133636,How much time is left?,0 time|expired|0,"Yes, the meter works",0.0,"Question: How much time is left?

The following examples come from visually similar images. They may be helpful, but they may also be noisy:
- Q: What is this a picture of?
  A: parking meter
- Q: When is the meter enforced?
  A: 9-6 m-f
- Q: Does the meter work?
  A: yes

Candidate answers:
parking meter, 9-6 m-f, yes

Use the current image as the main source of truth.
Use retrieved evidence only when it clearly matches the question.

Short answer:",What is this a picture of? || When is the meter enforced? || Does the meter work?,parking meter || 9-6 m-f || yes,"parking meter, 9-6 m-f, yes",parking meter,0.0,453
evidence_noisy_warning,133636002,133636,What number is the parking meter on the right?,13|13|13,"Yes, the meter works",0.0,"Question: What number is the parking meter on the right?

The following examples come from visually similar images. They may be helpful, but they may also be noisy:
- Q: What is this a picture of?
  A: parking meter
- Q: When is the meter enforced?
  A: 9-6 m-f
- Q: Does the meter work?
  A: yes

Candidate answers:
parking meter, 9-6 m-f, yes

Use the current image as the main source of truth.
Use retrieved evidence only when it clearly matches the question.

Short answer:",What is this a picture of? || When is the meter enforced? || Does the meter work?,parking meter || 9-6 m-f || yes,"parking meter, 9-6 m-f, yes",9-6 m-f,0.2,477
evidence_noisy_warning,133636003,133636,Is there any cars on the street?,no|no|0,yes,0.0,"Question: Is there any cars on the street?

The following examples come from visually similar images. They may be helpful, but they may also be noisy:
- Q: What is this a picture of?
  A: parking meter
- Q: When is the meter enforced?
  A: 9-6 m-f
- Q: Does the meter work?
  A: yes

Candidate answers:
parking meter, 9-6 m-f, yes

Use the current image as the main source of truth.
Use retrieved evidence only when it clearly matches the question.

Short answer:",What is this a picture of? || When is the meter enforced? || Does the meter work?,parking meter || 9-6 m-f || yes,"parking meter, 9-6 m-f, yes",parking meter,0.0,463
evidence_noisy_warning,133636004,133636,Are the meters rusted?,no|no|no,yes,0.0,"Question: Are the meters rusted?

The following examples come from visually similar images. They may be helpful, but they may also be noisy:
- Q: What is this a picture of?
  A: parking meter
- Q: When is the meter enforced?
  A: 9-6 m-f
- Q: Does the meter work?
  A: yes

Candidate answers:
parking meter, 9-6 m-f, yes

Use the current image as the main source of truth.
Use retrieved evidence only when it clearly matches the question.

Short answer:",What is this a picture of? || When is the meter enforced? || Does the meter work?,parking meter || 9-6 m-f || yes,"parking meter, 9-6 m-f, yes",parking meter,0.0,453
evidence_noisy_warning,133636005,133636,Is there time remaining on the meter?,yes|yes|no,yes,0.6667,"Question: Is there time remaining on the meter?

The following examples come from visually similar images. They may be helpful, but they may also be noisy:
- Q: What is this a picture of?
  A: parking meter
- Q: When is the meter enforced?
  A: 9-6 m-f
- Q: Does the meter work?
  A: yes

Candidate answers:
parking meter, 9-6 m-f, yes

Use the current image as the main source of truth.
Use retrieved evidence only when it clearly matches the question.

Short answer:",What is this a picture of? || When is the meter enforced? || Does the meter work?,parking meter || 9-6 m-f || yes,"parking meter, 9-6 m-f, yes",9-6 m-f,0.25,468
evidence_noisy_warning,133636006,133636,How many meters are there?,2|2|2,Yes,0.0,"Question: How many meters are there?

The following examples come from visually similar images. They may be helpful, but they may also be noisy:
- Q: What is this a picture of?
  A: parking meter
- Q: When is the meter enforced?
  A: 9-6 m-f
- Q: Does the meter work?
  A: yes

Candidate answers:
parking meter, 9-6 m-f, yes

Use the current image as the main source of truth.
Use retrieved evidence only when it clearly matches the question.

Short answer:",What is this a picture of? || When is the meter enforced? || Does the meter work?,parking meter || 9-6 m-f || yes,"parking meter, 9-6 m-f, yes",parking meter,0.0,457
evidence_noisy_warning,133645000,133645,Is there someone on the bench?,no|no|no,yes,0.0,"Question: Is there someone on the bench?

The following examples come from visually similar images. They may be helpful, but they may also be noisy:
- Q: What color is the two-story house?
  A: blue
- Q: What number of boats are in this harbor?
  A: 25
- Q: Where is word empty?
  A: boat

Candidate answers:
blue, 25, boat

Use the current image as the main source of truth.
Use retrieved evidence only when it clearly matches the question.

Short answer:",What color is the two-story house? || What number of boats are in this harbor? || Where is word empty?,blue || 25 || boat,"blue, 25, boat",blue,0.0,456
evidence_noisy_warning,133645001,133645,Are the street lights turned on?,yes|yes|yes,yes,1.0,"Question: Are the street lights turned on?

The following examples come from visually similar images. They may be helpful, but they may also be noisy:
- Q: What color is the two-story house?
  A: blue
- Q: What number of boats are in this harbor?
  A: 25
- Q: Where is word empty?
  A: boat

Candidate answers:
blue, 25, boat

Use the current image as the main source of truth.
Use retrieved evidence only when it clearly matches the question.

Short answer:",What color is the two-story house? || What number of boats are in this harbor? || Where is word empty?,blue || 25 || boat,"blue, 25, boat",blue,0.0,458
evidence_noisy_warning,133645002,133645,Is the water clear?,no|yes|yes,yes,1.0,"Question: Is the water clear?

The following examples come from visually similar images. They may be helpful, but they may also be noisy:
- Q: What color is the two-story house?
  A: blue
- Q: What number of boats are in this harbor?
  A: 25
- Q: Where is word empty?
  A: boat

Candidate answers:
blue, 25, boat

Use the current image as the main source of truth.
Use retrieved evidence only when it clearly matches the question.

Short answer:",What color is the two-story house? || What number of boats are in this harbor? || Where is word empty?,blue || 25 || boat,"blue, 25, boat",blue,0.0,445
evidence_noisy_warning,133645003,133645,What type of boat is in the water?,private|sailboat|pontoon,Boat,0.0,"Question: What type of boat is in the water?

The following examples come from visually similar images. They may be helpful, but they may also be noisy:
- Q: What color is the two-story house?
  A: blue
- Q: What number of boats are in this harbor?
  A: 25
- Q: Where is word empty?
  A: boat

Candidate answers:
blue, 25, boat

Use the current image as the main source of truth.
Use retrieved evidence only when it clearly matches the question.

Short answer:",What color is the two-story house? || What number of boats are in this harbor? || Where is word empty?,blue || 25 || boat,"blue, 25, boat",blue,0.0,460
evidence_noisy_warning,264718000,264718,How long is the parking on the street?,12 hours|2 hours|7 spots,Yes,0.0,"Question: How long is the parking on the street?

The following examples come from visually similar images. They may be helpful, but they may also be noisy:
- Q: What color is the curb below the stop sign?
  A: red
- Q: Is there a stop light?
  A: yes
- Q: What is on the picnic table?
  A: nothing

Candidate answers:
red, yes, nothing

Use the current image as the main source of truth.
Use retrieved evidence only when it clearly matches the question.

Short answer:",What color is the curb below the stop sign? || Is there a stop light? || What is on the picnic table?,red || yes || nothing,"red, yes, nothing",red,0.0,469
evidence_noisy_warning,264718001,264718,Do you have to pay to park here?,yes|yes|yes,no,1.0,"Question: Do you have to pay to park here?

The following examples come from visually similar images. They may be helpful, but they may also be noisy:
- Q: What color is the curb below the stop sign?
  A: red
- Q: Is there a stop light?
  A: yes
- Q: What is on the picnic table?
  A: nothing

Candidate answers:
red, yes, nothing

Use the current image as the main source of truth.
Use retrieved evidence only when it clearly matches the question.

Short answer:",What color is the curb below the stop sign? || Is there a stop light? || What is on the picnic table?,red || yes || nothing,"red, yes, nothing",red,0.0,463
evidence_noisy_warning,264718002,264718,Which side of the sign is the road on?,right|left|right,"Yes, there is a stop light",0.0,"Question: Which side of the sign is the road on?

The following examples come from visually similar images. They may be helpful, but they may also be noisy:
- Q: What color is the curb below the stop sign?
  A: red
- Q: Is there a stop light?
  A: yes
- Q: What is on the picnic table?
  A: nothing

Candidate answers:
red, yes, nothing

Use the current image as the main source of truth.
Use retrieved evidence only when it clearly matches the question.

Short answer:",What color is the curb below the stop sign? || Is there a stop light? || What is on the picnic table?,red || yes || nothing,"red, yes, nothing",red,0.125,469
evidence_noisy_warning,264718003,264718,What does the sign read?,2 hour parking 8am to 8pm|parking|2 hour parking 8am-8pm,No,0.0,"Question: What does the sign read?

The following examples come from visually similar images. They may be helpful, but they may also be noisy:
- Q: What color is the curb below the stop sign?
  A: red
- Q: Is there a stop light?
  A: yes
- Q: What is on the picnic table?
  A: nothing

Candidate answers:
red, yes, nothing

Use the current image as the main source of truth.
Use retrieved evidence only when it clearly matches the question.

Short answer:",What color is the curb below the stop sign? || Is there a stop light? || What is on the picnic table?,red || yes || nothing,"red, yes, nothing",red,0.1667,455
evidence_noisy_warning,264718004,264718,What does the sign say?,parking|2 hour parking|2 hour parking,No,0.0,"Question: What does the sign say?

The following examples come from visually similar images. They may be helpful, but they may also be noisy:
- Q: What color is the curb below the stop sign?
  A: red
- Q: Is there a stop light?
  A: yes
- Q: What is on the picnic table?
  A: nothing

Candidate answers:
red, yes, nothing

Use the current image as the main source of truth.
Use retrieved evidence only when it clearly matches the question.

Short answer:",What color is the curb below the stop sign? || Is there a stop light? || What is on the picnic table?,red || yes || nothing,"red, yes, nothing",red,0.1667,454
evidence_noisy_warning,264718005,264718,What phone number is on the sign?,0|n/a|0,No,0.0,"Question: What phone number is on the sign?

The following examples come from visually similar images. They may be helpful, but they may also be noisy:
- Q: What color is the curb below the stop sign?
  A: red
- Q: Is there a stop light?
  A: yes
- Q: What is on the picnic table?
  A: nothing

Candidate answers:
red, yes, nothing

Use the current image as the main source of truth.
Use retrieved evidence only when it clearly matches the question.

Short answer:",What color is the curb below the stop sign? || Is there a stop light? || What is on the picnic table?,red || yes || nothing,"red, yes, nothing",red,0.1429,464
evidence_noisy_warning,264718006,264718,What modes of transportation are in the picture?,cars|car|car,"no, no, no",0.0,"Question: What modes of transportation are in the picture?

The following examples come from visually similar images. They may be helpful, but they may also be noisy:
- Q: What color is the curb below the stop sign?
  A: red
- Q: Is there a stop light?
  A: yes
- Q: What is on the picnic table?
  A: nothing

Candidate answers:
red, yes, nothing

Use the current image as the main source of truth.
Use retrieved evidence only when it clearly matches the question.

Short answer:",What color is the curb below the stop sign? || Is there a stop light? || What is on the picnic table?,red || yes || nothing,"red, yes, nothing",red,0.0,479
evidence_noisy_warning,264718007,264718,What sign is to the right of the photo?,2 hour parking|parking|2 hour parking,"yes, no, nothing",0.0,"Question: What sign is to the right of the photo?

The following examples come from visually similar images. They may be helpful, but they may also be noisy:
- Q: What color is the curb below the stop sign?
  A: red
- Q: Is there a stop light?
  A: yes
- Q: What is on the picnic table?
  A: nothing

Candidate answers:
red, yes, nothing

Use the current image as the main source of truth.
Use retrieved evidence only when it clearly matches the question.

Short answer:",What color is the curb below the stop sign? || Is there a stop light? || What is on the picnic table?,red || yes || nothing,"red, yes, nothing",red,0.1429,470
evidence_noisy_warning,133648000,133648,Is the bat blue?,yes|yes|yes,yes,1.0,"Question: Is the bat blue?

The following examples come from visually similar images. They may be helpful, but they may also be noisy:
- Q: How many people are in this picture?
  A: 5
- Q: What sport are they playing?
  A: baseball
- Q: How many players are in the field?
  A: 6

Candidate answers:
5, baseball, 6

Use the current image as the main source of truth.
Use retrieved evidence only when it clearly matches the question.

Short answer:",How many people are in this picture? || What sport are they playing? || How many players are in the field?,5 || baseball || 6,"5, baseball, 6",5,0.0,446
evidence_noisy_warning,133648001,133648,Is the photo colored?,yes|yes|yes,yes,1.0,"Question: Is the photo colored?

The following examples come from visually similar images. They may be helpful, but they may also be noisy:
- Q: How many people are in this picture?
  A: 5
- Q: What sport are they playing?
  A: baseball
- Q: How many players are in the field?
  A: 6

Candidate answers:
5, baseball, 6

Use the current image as the main source of truth.
Use retrieved evidence only when it clearly matches the question.

Short answer:",How many people are in this picture? || What sport are they playing? || How many players are in the field?,5 || baseball || 6,"5, baseball, 6",5,0.0,451
evidence_noisy_warning,133648002,133648,What color is the home plate umpire's shirt?,white|black|black,Yes,0.0,"Question: What color is the home plate umpire's shirt?

The following examples come from visually similar images. They may be helpful, but they may also be noisy:
- Q: How many people are in this picture?
  A: 5
- Q: What sport are they playing?
  A: baseball
- Q: How many players are in the field?
  A: 6

Candidate answers:
5, baseball, 6

Use the current image as the main source of truth.
Use retrieved evidence only when it clearly matches the question.

Short answer:",How many people are in this picture? || What sport are they playing? || How many players are in the field?,5 || baseball || 6,"5, baseball, 6",5,0.0,474
evidence_noisy_warning,133648003,133648,Which game are they playing?,baseball|baseball|baseball,Yes,0.0,"Question: Which game are they playing?

The following examples come from visually similar images. They may be helpful, but they may also be noisy:
- Q: How many people are in this picture?
  A: 5
- Q: What sport are they playing?
  A: baseball
- Q: How many players are in the field?
  A: 6

Candidate answers:
5, baseball, 6

Use the current image as the main source of truth.
Use retrieved evidence only when it clearly matches the question.

Short answer:",How many people are in this picture? || What sport are they playing? || How many players are in the field?,5 || baseball || 6,"5, baseball, 6",baseball,0.4,458
evidence_noisy_warning,459182000,459182,What are they carrying?,surfboards|surfboards|surfboards,"no, no",0.0,"Question: What are they carrying?

The following examples come from visually similar images. They may be helpful, but they may also be noisy:
- Q: Are there any plants?
  A: no
- Q: Where do you play this sport?
  A: ocean
- Q: What are the people caring in their arms?
  A: surfboards

Candidate answers:
no, ocean, surfboards

Use the current image as the main source of truth.
Use retrieved evidence only when it clearly matches the question.

Short answer:",Are there any plants? || Where do you play this sport? || What are the people caring in their arms?,no || ocean || surfboards,"no, ocean, surfboards",no,0.0,460
evidence_noisy_warning,459182001,459182,What is in the foreground?,rocks|rocks|rocks,No,0.0,"Question: What is in the foreground?

The following examples come from visually similar images. They may be helpful, but they may also be noisy:
- Q: Are there any plants?
  A: no
- Q: Where do you play this sport?
  A: ocean
- Q: What are the people caring in their arms?
  A: surfboards

Candidate answers:
no, ocean, surfboards

Use the current image as the main source of truth.
Use retrieved evidence only when it clearly matches the question.

Short answer:",Are there any plants? || Where do you play this sport? || What are the people caring in their arms?,no || ocean || surfboards,"no, ocean, surfboards",no,0.0,463
evidence_noisy_warning,459182002,459182,How many people are there?,2|2|2,"no, ocean, surfboards",0.0,"Question: How many people are there?

The following examples come from visually similar images. They may be helpful, but they may also be noisy:
- Q: Are there any plants?
  A: no
- Q: Where do you play this sport?
  A: ocean
- Q: What are the people caring in their arms?
  A: surfboards

Candidate answers:
no, ocean, surfboards

Use the current image as the main source of truth.
Use retrieved evidence only when it clearly matches the question.

Short answer:",Are there any plants? || Where do you play this sport? || What are the people caring in their arms?,no || ocean || surfboards,"no, ocean, surfboards",surfboards,0.2,463
evidence_noisy_warning,395801000,395801,Is it morning or evening?,evening|morning|morning,yes,0.0,"Question: Is it morning or evening?

The following examples come from visually similar images. They may be helpful, but they may also be noisy:
- Q: What color is the front of the store on the left?
  A: white
- Q: Is the road having work done?
  A: no
- Q: How many bus cars can you see?
  A: 1

Candidate answers:
white, no, 1

Use the current image as the main source of truth.
Use retrieved evidence only when it clearly matches the question.

Short answer:",What color is the front of the store on the left? || Is the road having work done? || How many bus cars can you see?,white || no || 1,"white, no, 1",white,0.0,461
evidence_noisy_warning,395801001,395801,How much does parking in the lot cost?,nothing|free|free,,0.0,"Question: How much does parking in the lot cost?

The following examples come from visually similar images. They may be helpful, but they may also be noisy:
- Q: What color is the front of the store on the left?
  A: white
- Q: Is the road having work done?
  A: no
- Q: How many bus cars can you see?
  A: 1

Candidate answers:
white, no, 1

Use the current image as the main source of truth.
Use retrieved evidence only when it clearly matches the question.

Short answer:",What color is the front of the store on the left? || Is the road having work done? || How many bus cars can you see?,white || no || 1,"white, no, 1",white,0.0,474
evidence_noisy_warning,395801002,395801,What is on the road?,car|car|cars,"No, the road is not having work done",0.0,"Question: What is on the road?

The following examples come from visually similar images. They may be helpful, but they may also be noisy:
- Q: What color is the front of the store on the left?
  A: white
- Q: Is the road having work done?
  A: no
- Q: How many bus cars can you see?
  A: 1

Candidate answers:
white, no, 1

Use the current image as the main source of truth.
Use retrieved evidence only when it clearly matches the question.

Short answer:",What color is the front of the store on the left? || Is the road having work done? || How many bus cars can you see?,white || no || 1,"white, no, 1",no,0.25,456
evidence_noisy_warning,395801003,395801,How many people are in the picture?,7|7|11,,0.0,"Question: How many people are in the picture?

The following examples come from visually similar images. They may be helpful, but they may also be noisy:
- Q: What color is the front of the store on the left?
  A: white
- Q: Is the road having work done?
  A: no
- Q: How many bus cars can you see?
  A: 1

Candidate answers:
white, no, 1

Use the current image as the main source of truth.
Use retrieved evidence only when it clearly matches the question.

Short answer:",What color is the front of the store on the left? || Is the road having work done? || How many bus cars can you see?,white || no || 1,"white, no, 1",1,0.1429,471
evidence_noisy_warning,395801004,395801,Do the people know each other?,no|no|no,no,1.0,"Question: Do the people know each other?

The following examples come from visually similar images. They may be helpful, but they may also be noisy:
- Q: What color is the front of the store on the left?
  A: white
- Q: Is the road having work done?
  A: no
- Q: How many bus cars can you see?
  A: 1

Candidate answers:
white, no, 1

Use the current image as the main source of truth.
Use retrieved evidence only when it clearly matches the question.

Short answer:",What color is the front of the store on the left? || Is the road having work done? || How many bus cars can you see?,white || no || 1,"white, no, 1",white,0.0,466
evidence_noisy_warning,395801005,395801,How could you carry things if you were riding this bike?,there is no bike|on my back|backpack,"No, the road is not having work done",0.0,"Question: How could you carry things if you were riding this bike?

The following examples come from visually similar images. They may be helpful, but they may also be noisy:
- Q: What color is the front of the store on the left?
  A: white
- Q: Is the road having work done?
  A: no
- Q: How many bus cars can you see?
  A: 1

Candidate answers:
white, no, 1

Use the current image as the main source of truth.
Use retrieved evidence only when it clearly matches the question.

Short answer:",What color is the front of the store on the left? || Is the road having work done? || How many bus cars can you see?,white || no || 1,"white, no, 1",1,0.1,492
evidence_noisy_warning,395801006,395801,How many people are in this scene?,25|15|9,,0.0,"Question: How many people are in this scene?

The following examples come from visually similar images. They may be helpful, but they may also be noisy:
- Q: What color is the front of the store on the left?
  A: white
- Q: Is the road having work done?
  A: no
- Q: How many bus cars can you see?
  A: 1

Candidate answers:
white, no, 1

Use the current image as the main source of truth.
Use retrieved evidence only when it clearly matches the question.

Short answer:",What color is the front of the store on the left? || Is the road having work done? || How many bus cars can you see?,white || no || 1,"white, no, 1",1,0.1429,470
evidence_noisy_warning,395801007,395801,What time is it?,6:00|6:00|12:30,"No, it is not",0.0,"Question: What time is it?

The following examples come from visually similar images. They may be helpful, but they may also be noisy:
- Q: What color is the front of the store on the left?
  A: white
- Q: Is the road having work done?
  A: no
- Q: How many bus cars can you see?
  A: 1

Candidate answers:
white, no, 1

Use the current image as the main source of truth.
Use retrieved evidence only when it clearly matches the question.

Short answer:",What color is the front of the store on the left? || Is the road having work done? || How many bus cars can you see?,white || no || 1,"white, no, 1",white,0.0,452
evidence_noisy_warning,264730000,264730,How many arches are under the clock?,2|2|2,"3, yes",0.0,"Question: How many arches are under the clock?

The following examples come from visually similar images. They may be helpful, but they may also be noisy:
- Q: What kind of numbers are on this clock?
  A: roman
- Q: How many bells?
  A: 3
- Q: Is there a painting over the arch?
  A: yes

Candidate answers:
roman, 3, yes

Use the current image as the main source of truth.
Use retrieved evidence only when it clearly matches the question.

Short answer:",What kind of numbers are on this clock? || How many bells? || Is there a painting over the arch?,roman || 3 || yes,"roman, 3, yes",3,0.2,454
evidence_noisy_warning,264730001,264730,What time is it?,10:50|10:49|8:45,Roman numerals,0.0,"Question: What time is it?

The following examples come from visually similar images. They may be helpful, but they may also be noisy:
- Q: What kind of numbers are on this clock?
  A: roman
- Q: How many bells?
  A: 3
- Q: Is there a painting over the arch?
  A: yes

Candidate answers:
roman, 3, yes

Use the current image as the main source of truth.
Use retrieved evidence only when it clearly matches the question.

Short answer:",What kind of numbers are on this clock? || How many bells? || Is there a painting over the arch?,roman || 3 || yes,"roman, 3, yes",roman,0.0,434
evidence_noisy_warning,264730002,264730,Is a daytime or nighttime scene depicted?,nighttime|nighttime|night,roman,0.0,"Question: Is a daytime or nighttime scene depicted?

The following examples come from visually similar images. They may be helpful, but they may also be noisy:
- Q: What kind of numbers are on this clock?
  A: roman
- Q: How many bells?
  A: 3
- Q: Is there a painting over the arch?
  A: yes

Candidate answers:
roman, 3, yes

Use the current image as the main source of truth.
Use retrieved evidence only when it clearly matches the question.

Short answer:",What kind of numbers are on this clock? || How many bells? || Is there a painting over the arch?,roman || 3 || yes,"roman, 3, yes",roman,0.0,459
evidence_noisy_warning,264730003,264730,What kind of numbers are on the clock?,roman numerals|roman|roman numerals,roman,1.0,"Question: What kind of numbers are on the clock?

The following examples come from visually similar images. They may be helpful, but they may also be noisy:
- Q: What kind of numbers are on this clock?
  A: roman
- Q: How many bells?
  A: 3
- Q: Is there a painting over the arch?
  A: yes

Candidate answers:
roman, 3, yes

Use the current image as the main source of truth.
Use retrieved evidence only when it clearly matches the question.

Short answer:",What kind of numbers are on this clock? || How many bells? || Is there a painting over the arch?,roman || 3 || yes,"roman, 3, yes",roman,1.0,456
evidence_noisy_warning,2587000,2587,Which food contains the most potassium?,banana|banana|banana,donut,0.0,"Question: Which food contains the most potassium?

The following examples come from visually similar images. They may be helpful, but they may also be noisy:
- Q: Is the donut filled?
  A: no
- Q: What's the name of the largest pastry?
  A: donut
- Q: How many bananas are pictured?
  A: 2

Candidate answers:
no, donut, 2

Use the current image as the main source of truth.
Use retrieved evidence only when it clearly matches the question.

Short answer:",Is the donut filled? || What's the name of the largest pastry? || How many bananas are pictured?,no || donut || 2,"no, donut, 2",no,0.0,455
evidence_noisy_warning,2587001,2587,What is not healthy in the baggie?,donut|doughnut|donut,"no, donut, 2",0.0,"Question: What is not healthy in the baggie?

The following examples come from visually similar images. They may be helpful, but they may also be noisy:
- Q: Is the donut filled?
  A: no
- Q: What's the name of the largest pastry?
  A: donut
- Q: How many bananas are pictured?
  A: 2

Candidate answers:
no, donut, 2

Use the current image as the main source of truth.
Use retrieved evidence only when it clearly matches the question.

Short answer:",Is the donut filled? || What's the name of the largest pastry? || How many bananas are pictured?,no || donut || 2,"no, donut, 2",no,0.0,450
caption_aware,2529010,2529,Is there snow on the ground?,no|no|no,no,1.0,"Image summary:
a clock on a pole in a residential area

Question:
Is there snow on the ground?

Retrieved evidence:
- Q: Is there a blue car?
  A: no
- Q: Are the street lights turned on?
  A: no
- Q: What color is the building with the clock on it?
  A: white

Best matching evidence answer:
no

Use the image summary, the image, and the retrieved evidence to answer briefly.
Answer:",Is there a blue car? || Are the street lights turned on? || What color is the building with the clock on it?,no || no || white,"no, white",no,0.0,384
caption_aware,2532000,2532,Is the skier going downhill?,no|no|yes,,0.0,"Image summary:
a person standing in the snow on skis

Question:
Is the skier going downhill?

Retrieved evidence:
- Q: What weather conditions appear in this scene?
  A: cloudy
- Q: What color is the backpack?
  A: red
- Q: Does the shadow fall to the skiers left or to the right?
  A: left

Best matching evidence answer:
cloudy

Use the image summary, the image, and the retrieved evidence to answer briefly.
Answer:",What weather conditions appear in this scene? || What color is the backpack? || Does the shadow fall to the skiers left or to the right?,cloudy || red || left,"cloudy, red, left",cloudy,0.0,418
caption_aware,2532001,2532,How do you know this skier is not alone on the mountain?,someone had to take photo|tracks|other ski tracks and footprints,,0.0,"Image summary:
a person standing in the snow on skis

Question:
How do you know this skier is not alone on the mountain?

Retrieved evidence:
- Q: What weather conditions appear in this scene?
  A: cloudy
- Q: What color is the backpack?
  A: red
- Q: Does the shadow fall to the skiers left or to the right?
  A: left

Best matching evidence answer:
cloudy

Use the image summary, the image, and the retrieved evidence to answer briefly.
Answer:",What weather conditions appear in this scene? || What color is the backpack? || Does the shadow fall to the skiers left or to the right?,cloudy || red || left,"cloudy, red, left",cloudy,0.0,446
caption_aware,2532002,2532,How cold is it?,cold|15 degrees|freezing,,0.0,"Image summary:
a person standing in the snow on skis

Question:
How cold is it?

Retrieved evidence:
- Q: What weather conditions appear in this scene?
  A: cloudy
- Q: What color is the backpack?
  A: red
- Q: Does the shadow fall to the skiers left or to the right?
  A: left

Best matching evidence answer:
cloudy

Use the image summary, the image, and the retrieved evidence to answer briefly.
Answer:",What weather conditions appear in this scene? || What color is the backpack? || Does the shadow fall to the skiers left or to the right?,cloudy || red || left,"cloudy, red, left",cloudy,0.0,405
caption_aware,2532003,2532,Is it a sunny or cloudy day?,sunny|cloudy|cloudy,,0.0,"Image summary:
a person standing in the snow on skis

Question:
Is it a sunny or cloudy day?

Retrieved evidence:
- Q: What weather conditions appear in this scene?
  A: cloudy
- Q: What color is the backpack?
  A: red
- Q: Does the shadow fall to the skiers left or to the right?
  A: left

Best matching evidence answer:
left

Use the image summary, the image, and the retrieved evidence to answer briefly.
Answer:",What weather conditions appear in this scene? || What color is the backpack? || Does the shadow fall to the skiers left or to the right?,cloudy || red || left,"cloudy, red, left",left,0.1111,416
caption_aware,2532004,2532,What color is the sky?,blue|blue|blue,,0.0,"Image summary:
a person standing in the snow on skis

Question:
What color is the sky?

Retrieved evidence:
- Q: What weather conditions appear in this scene?
  A: cloudy
- Q: What color is the backpack?
  A: red
- Q: Does the shadow fall to the skiers left or to the right?
  A: left

Best matching evidence answer:
red

Use the image summary, the image, and the retrieved evidence to answer briefly.
Answer:",What weather conditions appear in this scene? || What color is the backpack? || Does the shadow fall to the skiers left or to the right?,cloudy || red || left,"cloudy, red, left",red,0.3333,409
caption_aware,395749000,395749,What filter is being used in this image?,black and white|black & white|black and white,,0.0,"Image summary:
three people sitting on a bench

Question:
What filter is being used in this image?

Retrieved evidence:
- Q: How many people are on the bench?
  A: 4
- Q: Is the man alone on the bench?
  A: yes
- Q: Are they on the beach?
  A: no

Best matching evidence answer:
4

Use the image summary, the image, and the retrieved evidence to answer briefly.
Answer:",How many people are on the bench? || Is the man alone on the bench? || Are they on the beach?,4 || yes || no,"4, yes, no",4,0.0,369
caption_aware,395749001,395749,Are all the people elderly?,no|yes|no,,0.0,"Image summary:
three people sitting on a bench

Question:
Are all the people elderly?

Retrieved evidence:
- Q: How many people are on the bench?
  A: 4
- Q: Is the man alone on the bench?
  A: yes
- Q: Are they on the beach?
  A: no

Best matching evidence answer:
4

Use the image summary, the image, and the retrieved evidence to answer briefly.
Answer:",How many people are on the bench? || Is the man alone on the bench? || Are they on the beach?,4 || yes || no,"4, yes, no",4,0.2,356
caption_aware,395749002,395749,How many people can be seen?,4|4|4,,0.0,"Image summary:
three people sitting on a bench

Question:
How many people can be seen?

Retrieved evidence:
- Q: How many people are on the bench?
  A: 4
- Q: Is the man alone on the bench?
  A: yes
- Q: Are they on the beach?
  A: no

Best matching evidence answer:
4

Use the image summary, the image, and the retrieved evidence to answer briefly.
Answer:",How many people are on the bench? || Is the man alone on the bench? || Are they on the beach?,4 || yes || no,"4, yes, no",4,0.5,357
caption_aware,395749003,395749,What ocean might this be?,atlantic|antarctic|atlantic,Q: How many people are on the bench?,0.0,"Image summary:
three people sitting on a bench

Question:
What ocean might this be?

Retrieved evidence:
- Q: How many people are on the bench?
  A: 4
- Q: Is the man alone on the bench?
  A: yes
- Q: Are they on the beach?
  A: no

Best matching evidence answer:
4

Use the image summary, the image, and the retrieved evidence to answer briefly.
Answer:",How many people are on the bench? || Is the man alone on the bench? || Are they on the beach?,4 || yes || no,"4, yes, no",4,0.0,354
caption_aware,395749004,395749,How many people are in the photo?,4|4|4,4,1.0,"Image summary:
three people sitting on a bench

Question:
How many people are in the photo?

Retrieved evidence:
- Q: How many people are on the bench?
  A: 4
- Q: Is the man alone on the bench?
  A: yes
- Q: Are they on the beach?
  A: no

Best matching evidence answer:
4

Use the image summary, the image, and the retrieved evidence to answer briefly.
Answer:",How many people are on the bench? || Is the man alone on the bench? || Are they on the beach?,4 || yes || no,"4, yes, no",4,0.5,362
caption_aware,395752000,395752,What color are the mums in the front of the photo?,"pink|red|pink, red, yellow",,0.0,"Image summary:
a red and green trolley bus

Question:
What color are the mums in the front of the photo?

Retrieved evidence:
- Q: Which route is the red bus running?
  A: special
- Q: How many levels is the bus?
  A: 1
- Q: Does the train carry passengers?
  A: yes

Best matching evidence answer:
special

Use the image summary, the image, and the retrieved evidence to answer briefly.
Answer:",Which route is the red bus running? || How many levels is the bus? || Does the train carry passengers?,special || 1 || yes,"special, 1, yes",special,0.0,395
caption_aware,395752001,395752,Can a mail truck fit behind the bus to pick up the mail?,yes|yes|yes,,0.0,"Image summary:
a red and green trolley bus

Question:
Can a mail truck fit behind the bus to pick up the mail?

Retrieved evidence:
- Q: Which route is the red bus running?
  A: special
- Q: How many levels is the bus?
  A: 1
- Q: Does the train carry passengers?
  A: yes

Best matching evidence answer:
1

Use the image summary, the image, and the retrieved evidence to answer briefly.
Answer:",Which route is the red bus running? || How many levels is the bus? || Does the train carry passengers?,special || 1 || yes,"special, 1, yes",1,0.1111,395
caption_aware,395752002,395752,"What  ""Over the Rainbow"" singer sang about this vehicle?",judy garland|judy garland|train,,0.0,"Image summary:
a red and green trolley bus

Question:
What  ""Over the Rainbow"" singer sang about this vehicle?

Retrieved evidence:
- Q: Which route is the red bus running?
  A: special
- Q: How many levels is the bus?
  A: 1
- Q: Does the train carry passengers?
  A: yes

Best matching evidence answer:
special

Use the image summary, the image, and the retrieved evidence to answer briefly.
Answer:",Which route is the red bus running? || How many levels is the bus? || Does the train carry passengers?,special || 1 || yes,"special, 1, yes",special,0.0,401
caption_aware,395752003,395752,What color are the hubcaps?,red|red|red,,0.0,"Image summary:
a red and green trolley bus

Question:
What color are the hubcaps?

Retrieved evidence:
- Q: Which route is the red bus running?
  A: special
- Q: How many levels is the bus?
  A: 1
- Q: Does the train carry passengers?
  A: yes

Best matching evidence answer:
special

Use the image summary, the image, and the retrieved evidence to answer briefly.
Answer:",Which route is the red bus running? || How many levels is the bus? || Does the train carry passengers?,special || 1 || yes,"special, 1, yes",special,0.0,372
caption_aware,395752004,395752,Is someone getting on this street car?,yes|yes|yes,,0.0,"Image summary:
a red and green trolley bus

Question:
Is someone getting on this street car?

Retrieved evidence:
- Q: Which route is the red bus running?
  A: special
- Q: How many levels is the bus?
  A: 1
- Q: Does the train carry passengers?
  A: yes

Best matching evidence answer:
special

Use the image summary, the image, and the retrieved evidence to answer briefly.
Answer:",Which route is the red bus running? || How many levels is the bus? || Does the train carry passengers?,special || 1 || yes,"special, 1, yes",special,0.0,383
caption_aware,264683000,264683,Is this airplane inside?,yes|yes|yes,,0.0,"Image summary:
a large airplane inside of a building

Question:
Is this airplane inside?

Retrieved evidence:
- Q: What is hanging?
  A: planes
- Q: What is the ID number of the plane?
  A: 0230
- Q: What number is on the side?
  A: 23

Best matching evidence answer:
planes

Use the image summary, the image, and the retrieved evidence to answer briefly.
Answer:",What is hanging? || What is the ID number of the plane? || What number is on the side?,planes || 0230 || 23,"planes, 0230, 23",planes,0.0,363
caption_aware,264683001,264683,What airline does the plane fly for?,air france|air france|air france,0230,0.0,"Image summary:
a large airplane inside of a building

Question:
What airline does the plane fly for?

Retrieved evidence:
- Q: What is hanging?
  A: planes
- Q: What is the ID number of the plane?
  A: 0230
- Q: What number is on the side?
  A: 23

Best matching evidence answer:
0230

Use the image summary, the image, and the retrieved evidence to answer briefly.
Answer:",What is hanging? || What is the ID number of the plane? || What number is on the side?,planes || 0230 || 23,"planes, 0230, 23",0230,0.2,373
caption_aware,264683002,264683,Are there planes hanging?,yes|yes|yes,,0.0,"Image summary:
a large airplane inside of a building

Question:
Are there planes hanging?

Retrieved evidence:
- Q: What is hanging?
  A: planes
- Q: What is the ID number of the plane?
  A: 0230
- Q: What number is on the side?
  A: 23

Best matching evidence answer:
planes

Use the image summary, the image, and the retrieved evidence to answer briefly.
Answer:",What is hanging? || What is the ID number of the plane? || What number is on the side?,planes || 0230 || 23,"planes, 0230, 23",planes,0.5,364
caption_aware,264686000,264686,How many side tables are there?,2|2|2,,0.0,"Image summary:
a living room with a couch and a window

Question:
How many side tables are there?

Retrieved evidence:
- Q: What light source is here?
  A: sun
- Q: Is there a Turkish style rug on the floor?
  A: no
- Q: Is the room messy?
  A: no

Best matching evidence answer:
sun

Use the image summary, the image, and the retrieved evidence to answer briefly.
Answer:",What light source is here? || Is there a Turkish style rug on the floor? || Is the room messy?,sun || no || no,"sun, no",sun,0.0,372
caption_aware,264686001,264686,How many windows are on the wall?,3|3|3,,0.0,"Image summary:
a living room with a couch and a window

Question:
How many windows are on the wall?

Retrieved evidence:
- Q: What light source is here?
  A: sun
- Q: Is there a Turkish style rug on the floor?
  A: no
- Q: Is the room messy?
  A: no

Best matching evidence answer:
sun

Use the image summary, the image, and the retrieved evidence to answer briefly.
Answer:",What light source is here? || Is there a Turkish style rug on the floor? || Is the room messy?,sun || no || no,"sun, no",sun,0.0,374
caption_aware,264686002,264686,Is the TV a tube or flat screen?,tube|tube|tube,,0.0,"Image summary:
a living room with a couch and a window

Question:
Is the TV a tube or flat screen?

Retrieved evidence:
- Q: What light source is here?
  A: sun
- Q: Is there a Turkish style rug on the floor?
  A: no
- Q: Is the room messy?
  A: no

Best matching evidence answer:
sun

Use the image summary, the image, and the retrieved evidence to answer briefly.
Answer:",What light source is here? || Is there a Turkish style rug on the floor? || Is the room messy?,sun || no || no,"sun, no",sun,0.0,373
caption_aware,133619000,133619,What type of truck is it?,fire engine|fire truck|service truck,,0.0,"Image summary:
a firetruck parked in front of a building

Question:
What type of truck is it?

Retrieved evidence:
- Q: Do you see a firefighter in the picture?
  A: no
- Q: Is this a fire truck?
  A: yes
- Q: How many headlights are on the truck?
  A: 8

Best matching evidence answer:
yes

Use the image summary, the image, and the retrieved evidence to answer briefly.
Answer:",Do you see a firefighter in the picture? || Is this a fire truck? || How many headlights are on the truck?,no || yes || 8,"no, yes, 8",yes,0.3333,379
caption_aware,133619001,133619,What time of day is it?,night|night|night,,0.0,"Image summary:
a firetruck parked in front of a building

Question:
What time of day is it?

Retrieved evidence:
- Q: Do you see a firefighter in the picture?
  A: no
- Q: Is this a fire truck?
  A: yes
- Q: How many headlights are on the truck?
  A: 8

Best matching evidence answer:
no

Use the image summary, the image, and the retrieved evidence to answer briefly.
Answer:",Do you see a firefighter in the picture? || Is this a fire truck? || How many headlights are on the truck?,no || yes || 8,"no, yes, 8",no,0.0,376
caption_aware,133619002,133619,What color is the light above the hood of the truck?,yellow|blue|blue,,0.0,"Image summary:
a firetruck parked in front of a building

Question:
What color is the light above the hood of the truck?

Retrieved evidence:
- Q: Do you see a firefighter in the picture?
  A: no
- Q: Is this a fire truck?
  A: yes
- Q: How many headlights are on the truck?
  A: 8

Best matching evidence answer:
yes

Use the image summary, the image, and the retrieved evidence to answer briefly.
Answer:",Do you see a firefighter in the picture? || Is this a fire truck? || How many headlights are on the truck?,no || yes || 8,"no, yes, 8",yes,0.1667,406
caption_aware,133620000,133620,Why does the woman have her hair up?,uniform|on duty|uniform,,0.0,"Image summary:
a woman in a police uniform talking on a cell phone

Question:
Why does the woman have her hair up?

Retrieved evidence:
- Q: What color is the boys sweatshirt?
  A: blue
- Q: Does she have a wrist watch?
  A: yes
- Q: What is the woman reading?
  A: book

Best matching evidence answer:
book

Use the image summary, the image, and the retrieved evidence to answer briefly.
Answer:",What color is the boys sweatshirt? || Does she have a wrist watch? || What is the woman reading?,blue || yes || book,"blue, yes, book",book,0.2,396
caption_aware,133620001,133620,Is she wearing glasses?,yes|yes|yes,,0.0,"Image summary:
a woman in a police uniform talking on a cell phone

Question:
Is she wearing glasses?

Retrieved evidence:
- Q: What color is the boys sweatshirt?
  A: blue
- Q: Does she have a wrist watch?
  A: yes
- Q: What is the woman reading?
  A: book

Best matching evidence answer:
yes

Use the image summary, the image, and the retrieved evidence to answer briefly.
Answer:",What color is the boys sweatshirt? || Does she have a wrist watch? || What is the woman reading?,blue || yes || book,"blue, yes, book",yes,0.2,382
caption_aware,133620002,133620,What is she wearing on her head?,hat|helmet|hat,,0.0,"Image summary:
a woman in a police uniform talking on a cell phone

Question:
What is she wearing on her head?

Retrieved evidence:
- Q: What color is the boys sweatshirt?
  A: blue
- Q: Does she have a wrist watch?
  A: yes
- Q: What is the woman reading?
  A: book

Best matching evidence answer:
yes

Use the image summary, the image, and the retrieved evidence to answer briefly.
Answer:",What color is the boys sweatshirt? || Does she have a wrist watch? || What is the woman reading?,blue || yes || book,"blue, yes, book",yes,0.1667,391
caption_aware,133620003,133620,Is the woman happy?,yes|yes|yes,,0.0,"Image summary:
a woman in a police uniform talking on a cell phone

Question:
Is the woman happy?

Retrieved evidence:
- Q: What color is the boys sweatshirt?
  A: blue
- Q: Does she have a wrist watch?
  A: yes
- Q: What is the woman reading?
  A: book

Best matching evidence answer:
book

Use the image summary, the image, and the retrieved evidence to answer briefly.
Answer:",What color is the boys sweatshirt? || Does she have a wrist watch? || What is the woman reading?,blue || yes || book,"blue, yes, book",book,0.3333,379
caption_aware,526837000,526837,Is this man dressed for the weather?,yes|yes|yes,skis,0.0,"Image summary:
a person on skis in the snow

Question:
Is this man dressed for the weather?

Retrieved evidence:
- Q: What are the long sticks under the person's feet?
  A: skis
- Q: Is this a winter landscape?
  A: yes
- Q: Is it cold?
  A: yes

Best matching evidence answer:
skis

Use the image summary, the image, and the retrieved evidence to answer briefly.
Answer:",What are the long sticks under the person's feet? || Is this a winter landscape? || Is it cold?,skis || yes || yes,"skis, yes",skis,0.0,371
caption_aware,526837001,526837,What is this man holding?,ski pole|ski poles|poles,skis,0.3333,"Image summary:
a person on skis in the snow

Question:
What is this man holding?

Retrieved evidence:
- Q: What are the long sticks under the person's feet?
  A: skis
- Q: Is this a winter landscape?
  A: yes
- Q: Is it cold?
  A: yes

Best matching evidence answer:
skis

Use the image summary, the image, and the retrieved evidence to answer briefly.
Answer:",What are the long sticks under the person's feet? || Is this a winter landscape? || Is it cold?,skis || yes || yes,"skis, yes",skis,0.0,360
caption_aware,526837002,526837,What is covering the ground?,snow|snow|snow,skis,0.0,"Image summary:
a person on skis in the snow

Question:
What is covering the ground?

Retrieved evidence:
- Q: What are the long sticks under the person's feet?
  A: skis
- Q: Is this a winter landscape?
  A: yes
- Q: Is it cold?
  A: yes

Best matching evidence answer:
skis

Use the image summary, the image, and the retrieved evidence to answer briefly.
Answer:",What are the long sticks under the person's feet? || Is this a winter landscape? || Is it cold?,skis || yes || yes,"skis, yes",skis,0.0,363
caption_aware,133622000,133622,Are these vegetables or fruits?,vegetables|vegetables|vegetables,cod,0.0,"Image summary:
a slice of cheese and broccoli on a white plate

Question:
Are these vegetables or fruits?

Retrieved evidence:
- Q: What kind of fish is in the image?
  A: cod
- Q: What color is the plate?
  A: white
- Q: Is this a balanced meal?
  A: yes

Best matching evidence answer:
cod

Use the image summary, the image, and the retrieved evidence to answer briefly.
Answer:",What kind of fish is in the image? || What color is the plate? || Is this a balanced meal?,cod || white || yes,"cod, white, yes",cod,0.0,380
caption_aware,133622001,133622,What is the yellow topping?,cheese|glaze|cheese,cod,0.0,"Image summary:
a slice of cheese and broccoli on a white plate

Question:
What is the yellow topping?

Retrieved evidence:
- Q: What kind of fish is in the image?
  A: cod
- Q: What color is the plate?
  A: white
- Q: Is this a balanced meal?
  A: yes

Best matching evidence answer:
cod

Use the image summary, the image, and the retrieved evidence to answer briefly.
Answer:",What kind of fish is in the image? || What color is the plate? || Is this a balanced meal?,cod || white || yes,"cod, white, yes",cod,0.0,376
caption_aware,133622002,133622,Is this a high class dish?,yes|yes|no,cod,0.0,"Image summary:
a slice of cheese and broccoli on a white plate

Question:
Is this a high class dish?

Retrieved evidence:
- Q: What kind of fish is in the image?
  A: cod
- Q: What color is the plate?
  A: white
- Q: Is this a balanced meal?
  A: yes

Best matching evidence answer:
cod

Use the image summary, the image, and the retrieved evidence to answer briefly.
Answer:",What kind of fish is in the image? || What color is the plate? || Is this a balanced meal?,cod || white || yes,"cod, white, yes",cod,0.0,375
caption_aware,133622003,133622,What is the long thin food with seeds?,broccoli|cake|cheese,cod,0.0,"Image summary:
a slice of cheese and broccoli on a white plate

Question:
What is the long thin food with seeds?

Retrieved evidence:
- Q: What kind of fish is in the image?
  A: cod
- Q: What color is the plate?
  A: white
- Q: Is this a balanced meal?
  A: yes

Best matching evidence answer:
cod

Use the image summary, the image, and the retrieved evidence to answer briefly.
Answer:",What kind of fish is in the image? || What color is the plate? || Is this a balanced meal?,cod || white || yes,"cod, white, yes",cod,0.0,387
caption_aware,133622004,133622,What is the green topping?,broccoli|broccoli|broccoli,cod,0.0,"Image summary:
a slice of cheese and broccoli on a white plate

Question:
What is the green topping?

Retrieved evidence:
- Q: What kind of fish is in the image?
  A: cod
- Q: What color is the plate?
  A: white
- Q: Is this a balanced meal?
  A: yes

Best matching evidence answer:
cod

Use the image summary, the image, and the retrieved evidence to answer briefly.
Answer:",What kind of fish is in the image? || What color is the plate? || Is this a balanced meal?,cod || white || yes,"cod, white, yes",cod,0.0,375
caption_aware,133622005,133622,What is the yellow item pictured?,cheese|cake|cheese,cod,0.0,"Image summary:
a slice of cheese and broccoli on a white plate

Question:
What is the yellow item pictured?

Retrieved evidence:
- Q: What kind of fish is in the image?
  A: cod
- Q: What color is the plate?
  A: white
- Q: Is this a balanced meal?
  A: yes

Best matching evidence answer:
cod

Use the image summary, the image, and the retrieved evidence to answer briefly.
Answer:",What kind of fish is in the image? || What color is the plate? || Is this a balanced meal?,cod || white || yes,"cod, white, yes",cod,0.0,382
caption_aware,133622006,133622,How are the eggs cooked?,scrambled|scramble|omelet,cod,0.0,"Image summary:
a slice of cheese and broccoli on a white plate

Question:
How are the eggs cooked?

Retrieved evidence:
- Q: What kind of fish is in the image?
  A: cod
- Q: What color is the plate?
  A: white
- Q: Is this a balanced meal?
  A: yes

Best matching evidence answer:
cod

Use the image summary, the image, and the retrieved evidence to answer briefly.
Answer:",What kind of fish is in the image? || What color is the plate? || Is this a balanced meal?,cod || white || yes,"cod, white, yes",cod,0.0,373
caption_aware,133622007,133622,What vegetable is this?,broccoli|broccoli|broccoli,cod,0.0,"Image summary:
a slice of cheese and broccoli on a white plate

Question:
What vegetable is this?

Retrieved evidence:
- Q: What kind of fish is in the image?
  A: cod
- Q: What color is the plate?
  A: white
- Q: Is this a balanced meal?
  A: yes

Best matching evidence answer:
cod

Use the image summary, the image, and the retrieved evidence to answer briefly.
Answer:",What kind of fish is in the image? || What color is the plate? || Is this a balanced meal?,cod || white || yes,"cod, white, yes",cod,0.0,372
caption_aware,133622008,133622,What kinds of food are on the plate?,"breakfast|spinach|eggs, spinach",white,0.0,"Image summary:
a slice of cheese and broccoli on a white plate

Question:
What kinds of food are on the plate?

Retrieved evidence:
- Q: What kind of fish is in the image?
  A: cod
- Q: What color is the plate?
  A: white
- Q: Is this a balanced meal?
  A: yes

Best matching evidence answer:
white

Use the image summary, the image, and the retrieved evidence to answer briefly.
Answer:",What kind of fish is in the image? || What color is the plate? || Is this a balanced meal?,cod || white || yes,"cod, white, yes",white,0.25,387
caption_aware,22271000,22271,Is this a bright and sunny day?,no|no|no,,0.0,"Image summary:
a street sign on the side of the road

Question:
Is this a bright and sunny day?

Retrieved evidence:
- Q: What color is the fence?
  A: orange
- Q: Where is the hydrant?
  A: sidewalk
- Q: Why was the train running behind?
  A: unknown

Best matching evidence answer:
orange

Use the image summary, the image, and the retrieved evidence to answer briefly.
Answer:",What color is the fence? || Where is the hydrant? || Why was the train running behind?,orange || sidewalk || unknown,"orange, sidewalk, unknown",orange,0.0,379
caption_aware,22271001,22271,Are there people in the picture?,yes|yes|yes,,0.0,"Image summary:
a street sign on the side of the road

Question:
Are there people in the picture?

Retrieved evidence:
- Q: What color is the fence?
  A: orange
- Q: Where is the hydrant?
  A: sidewalk
- Q: Why was the train running behind?
  A: unknown

Best matching evidence answer:
orange

Use the image summary, the image, and the retrieved evidence to answer briefly.
Answer:",What color is the fence? || Where is the hydrant? || Why was the train running behind?,orange || sidewalk || unknown,"orange, sidewalk, unknown",orange,0.0,380
caption_aware,22271002,22271,What is the name of the street sign on the ground?,western ave|western ave|western ave,orange,0.0,"Image summary:
a street sign on the side of the road

Question:
What is the name of the street sign on the ground?

Retrieved evidence:
- Q: What color is the fence?
  A: orange
- Q: Where is the hydrant?
  A: sidewalk
- Q: Why was the train running behind?
  A: unknown

Best matching evidence answer:
orange

Use the image summary, the image, and the retrieved evidence to answer briefly.
Answer:",What color is the fence? || Where is the hydrant? || Why was the train running behind?,orange || sidewalk || unknown,"orange, sidewalk, unknown",orange,0.0,398
caption_aware,133629000,133629,Is this a public place?,no|no|no,,0.0,"Image summary:
a desk with a laptop on it

Question:
Is this a public place?

Retrieved evidence:
- Q: What color is the chair?
  A: purple
- Q: What type of computer is on the desk?
  A: apple
- Q: Is there an iPhone on the table?
  A: yes

Best matching evidence answer:
purple

Use the image summary, the image, and the retrieved evidence to answer briefly.
Answer:",What color is the chair? || What type of computer is on the desk? || Is there an iPhone on the table?,purple || apple || yes,"purple, apple, yes",purple,0.0,368
caption_aware,133629001,133629,What color is the desk?,brown|brown|brown,,0.0,"Image summary:
a desk with a laptop on it

Question:
What color is the desk?

Retrieved evidence:
- Q: What color is the chair?
  A: purple
- Q: What type of computer is on the desk?
  A: apple
- Q: Is there an iPhone on the table?
  A: yes

Best matching evidence answer:
purple

Use the image summary, the image, and the retrieved evidence to answer briefly.
Answer:",What color is the chair? || What type of computer is on the desk? || Is there an iPhone on the table?,purple || apple || yes,"purple, apple, yes",purple,0.3333,368
caption_aware,133629002,133629,How many chairs have wheels?,1|1|1,,0.0,"Image summary:
a desk with a laptop on it

Question:
How many chairs have wheels?

Retrieved evidence:
- Q: What color is the chair?
  A: purple
- Q: What type of computer is on the desk?
  A: apple
- Q: Is there an iPhone on the table?
  A: yes

Best matching evidence answer:
purple

Use the image summary, the image, and the retrieved evidence to answer briefly.
Answer:",What color is the chair? || What type of computer is on the desk? || Is there an iPhone on the table?,purple || apple || yes,"purple, apple, yes",purple,0.0,373
caption_aware,133629003,133629,Is this chair in the way of people who might walk through?,no|no|no,,0.0,"Image summary:
a desk with a laptop on it

Question:
Is this chair in the way of people who might walk through?

Retrieved evidence:
- Q: What color is the chair?
  A: purple
- Q: What type of computer is on the desk?
  A: apple
- Q: Is there an iPhone on the table?
  A: yes

Best matching evidence answer:
purple

Use the image summary, the image, and the retrieved evidence to answer briefly.
Answer:",What color is the chair? || What type of computer is on the desk? || Is there an iPhone on the table?,purple || apple || yes,"purple, apple, yes",purple,0.1429,403
caption_aware,133629004,133629,Can these items be used to make food?,no|no|no,,0.0,"Image summary:
a desk with a laptop on it

Question:
Can these items be used to make food?

Retrieved evidence:
- Q: What color is the chair?
  A: purple
- Q: What type of computer is on the desk?
  A: apple
- Q: Is there an iPhone on the table?
  A: yes

Best matching evidence answer:
purple

Use the image summary, the image, and the retrieved evidence to answer briefly.
Answer:",What color is the chair? || What type of computer is on the desk? || Is there an iPhone on the table?,purple || apple || yes,"purple, apple, yes",purple,0.0,382
caption_aware,133629005,133629,What do people do here?,work|work|office work,,0.0,"Image summary:
a desk with a laptop on it

Question:
What do people do here?

Retrieved evidence:
- Q: What color is the chair?
  A: purple
- Q: What type of computer is on the desk?
  A: apple
- Q: Is there an iPhone on the table?
  A: yes

Best matching evidence answer:
purple

Use the image summary, the image, and the retrieved evidence to answer briefly.
Answer:",What color is the chair? || What type of computer is on the desk? || Is there an iPhone on the table?,purple || apple || yes,"purple, apple, yes",purple,0.0,368
caption_aware,133629006,133629,What color is the lampshade?,off white|white|white,,0.0,"Image summary:
a desk with a laptop on it

Question:
What color is the lampshade?

Retrieved evidence:
- Q: What color is the chair?
  A: purple
- Q: What type of computer is on the desk?
  A: apple
- Q: Is there an iPhone on the table?
  A: yes

Best matching evidence answer:
purple

Use the image summary, the image, and the retrieved evidence to answer briefly.
Answer:",What color is the chair? || What type of computer is on the desk? || Is there an iPhone on the table?,purple || apple || yes,"purple, apple, yes",purple,0.3333,373
caption_aware,133629007,133629,What type of computer is on the desk?,mac|laptop|laptop,apple,0.6667,"Image summary:
a desk with a laptop on it

Question:
What type of computer is on the desk?

Retrieved evidence:
- Q: What color is the chair?
  A: purple
- Q: What type of computer is on the desk?
  A: apple
- Q: Is there an iPhone on the table?
  A: yes

Best matching evidence answer:
apple

Use the image summary, the image, and the retrieved evidence to answer briefly.
Answer:",What color is the chair? || What type of computer is on the desk? || Is there an iPhone on the table?,purple || apple || yes,"purple, apple, yes",apple,1.0,381
caption_aware,133631000,133631,"Which is longer, the Elephant's tusks or the Elephant's trunk?",trunk|trunk|trunk,,0.0,"Image summary:
an elephant standing in a dirt field

Question:
Which is longer, the Elephant's tusks or the Elephant's trunk?

Retrieved evidence:
- Q: How many elephants are there?
  A: 1
- Q: Are the elephants drinking water?
  A: no
- Q: Has the elephant relieved itself recently?
  A: yes

Best matching evidence answer:
yes

Use the image summary, the image, and the retrieved evidence to answer briefly.
Answer:",How many elephants are there? || Are the elephants drinking water? || Has the elephant relieved itself recently?,1 || no || yes,"1, no, yes",yes,0.1,417
caption_aware,133631001,133631,Is it sunny out?,yes|yes|yes,,0.0,"Image summary:
an elephant standing in a dirt field

Question:
Is it sunny out?

Retrieved evidence:
- Q: How many elephants are there?
  A: 1
- Q: Are the elephants drinking water?
  A: no
- Q: Has the elephant relieved itself recently?
  A: yes

Best matching evidence answer:
1

Use the image summary, the image, and the retrieved evidence to answer briefly.
Answer:",How many elephants are there? || Are the elephants drinking water? || Has the elephant relieved itself recently?,1 || no || yes,"1, no, yes",1,0.0,369
caption_aware,133631002,133631,Does the elephant need water?,yes|yes|yes,,0.0,"Image summary:
an elephant standing in a dirt field

Question:
Does the elephant need water?

Retrieved evidence:
- Q: How many elephants are there?
  A: 1
- Q: Are the elephants drinking water?
  A: no
- Q: Has the elephant relieved itself recently?
  A: yes

Best matching evidence answer:
no

Use the image summary, the image, and the retrieved evidence to answer briefly.
Answer:",How many elephants are there? || Are the elephants drinking water? || Has the elephant relieved itself recently?,1 || no || yes,"1, no, yes",no,0.2,383
caption_aware,2562000,2562,What is the color scheme of the photo?,"white|white and blue|white, blue",,0.0,"Image summary:
a man swinging a tennis racket at a tennis ball

Question:
What is the color scheme of the photo?

Retrieved evidence:
- Q: What color is the woman's outfit?
  A: black
- Q: What sport is the man most likely playing?
  A: tennis
- Q: How many feet can be seen in this photo?
  A: 2

Best matching evidence answer:
black

Use the image summary, the image, and the retrieved evidence to answer briefly.
Answer:",What color is the woman's outfit? || What sport is the man most likely playing? || How many feet can be seen in this photo?,black || tennis || 2,"black, tennis, 2",black,0.1667,423
caption_aware,2562001,2562,Are all the men tennis players?,yes|no|no,,0.0,"Image summary:
a man swinging a tennis racket at a tennis ball

Question:
Are all the men tennis players?

Retrieved evidence:
- Q: What color is the woman's outfit?
  A: black
- Q: What sport is the man most likely playing?
  A: tennis
- Q: How many feet can be seen in this photo?
  A: 2

Best matching evidence answer:
black

Use the image summary, the image, and the retrieved evidence to answer briefly.
Answer:",What color is the woman's outfit? || What sport is the man most likely playing? || How many feet can be seen in this photo?,black || tennis || 2,"black, tennis, 2",black,0.0,416
caption_aware,2562002,2562,Is the man wearing a wristband?,yes|yes|yes,,0.0,"Image summary:
a man swinging a tennis racket at a tennis ball

Question:
Is the man wearing a wristband?

Retrieved evidence:
- Q: What color is the woman's outfit?
  A: black
- Q: What sport is the man most likely playing?
  A: tennis
- Q: How many feet can be seen in this photo?
  A: 2

Best matching evidence answer:
tennis

Use the image summary, the image, and the retrieved evidence to answer briefly.
Answer:",What color is the woman's outfit? || What sport is the man most likely playing? || How many feet can be seen in this photo?,black || tennis || 2,"black, tennis, 2",tennis,0.1429,417
caption_aware,2562003,2562,What two brands are shown advertised behind the tennis player?,olympus and wta|olympus and wta|wta and olympus,,0.0,"Image summary:
a man swinging a tennis racket at a tennis ball

Question:
What two brands are shown advertised behind the tennis player?

Retrieved evidence:
- Q: What color is the woman's outfit?
  A: black
- Q: What sport is the man most likely playing?
  A: tennis
- Q: How many feet can be seen in this photo?
  A: 2

Best matching evidence answer:
black

Use the image summary, the image, and the retrieved evidence to answer briefly.
Answer:",What color is the woman's outfit? || What sport is the man most likely playing? || How many feet can be seen in this photo?,black || tennis || 2,"black, tennis, 2",black,0.0,447
caption_aware,2562004,2562,What sport is being played?,tennis|tennis|tennis,,0.0,"Image summary:
a man swinging a tennis racket at a tennis ball

Question:
What sport is being played?

Retrieved evidence:
- Q: What color is the woman's outfit?
  A: black
- Q: What sport is the man most likely playing?
  A: tennis
- Q: How many feet can be seen in this photo?
  A: 2

Best matching evidence answer:
tennis

Use the image summary, the image, and the retrieved evidence to answer briefly.
Answer:",What color is the woman's outfit? || What sport is the man most likely playing? || How many feet can be seen in this photo?,black || tennis || 2,"black, tennis, 2",tennis,0.1429,413
caption_aware,133636000,133636,What is the number on the left parking meter?,12|12|19,9-6 m-f,0.0,"Image summary:
a pair of parking meters

Question:
What is the number on the left parking meter?

Retrieved evidence:
- Q: What is this a picture of?
  A: parking meter
- Q: When is the meter enforced?
  A: 9-6 m-f
- Q: Does the meter work?
  A: yes

Best matching evidence answer:
9-6 m-f

Use the image summary, the image, and the retrieved evidence to answer briefly.
Answer:",What is this a picture of? || When is the meter enforced? || Does the meter work?,parking meter || 9-6 m-f || yes,"parking meter, 9-6 m-f, yes",9-6 m-f,0.2,378
caption_aware,133636001,133636,How much time is left?,0 time|expired|0,parking meter,0.0,"Image summary:
a pair of parking meters

Question:
How much time is left?

Retrieved evidence:
- Q: What is this a picture of?
  A: parking meter
- Q: When is the meter enforced?
  A: 9-6 m-f
- Q: Does the meter work?
  A: yes

Best matching evidence answer:
parking meter

Use the image summary, the image, and the retrieved evidence to answer briefly.
Answer:",What is this a picture of? || When is the meter enforced? || Does the meter work?,parking meter || 9-6 m-f || yes,"parking meter, 9-6 m-f, yes",parking meter,0.0,361
caption_aware,133636002,133636,What number is the parking meter on the right?,13|13|13,9-6 m-f,0.0,"Image summary:
a pair of parking meters

Question:
What number is the parking meter on the right?

Retrieved evidence:
- Q: What is this a picture of?
  A: parking meter
- Q: When is the meter enforced?
  A: 9-6 m-f
- Q: Does the meter work?
  A: yes

Best matching evidence answer:
9-6 m-f

Use the image summary, the image, and the retrieved evidence to answer briefly.
Answer:",What is this a picture of? || When is the meter enforced? || Does the meter work?,parking meter || 9-6 m-f || yes,"parking meter, 9-6 m-f, yes",9-6 m-f,0.2,379
caption_aware,133636003,133636,Is there any cars on the street?,no|no|0,parking meter,0.0,"Image summary:
a pair of parking meters

Question:
Is there any cars on the street?

Retrieved evidence:
- Q: What is this a picture of?
  A: parking meter
- Q: When is the meter enforced?
  A: 9-6 m-f
- Q: Does the meter work?
  A: yes

Best matching evidence answer:
parking meter

Use the image summary, the image, and the retrieved evidence to answer briefly.
Answer:",What is this a picture of? || When is the meter enforced? || Does the meter work?,parking meter || 9-6 m-f || yes,"parking meter, 9-6 m-f, yes",parking meter,0.0,371
caption_aware,133636004,133636,Are the meters rusted?,no|no|no,parking meter,0.0,"Image summary:
a pair of parking meters

Question:
Are the meters rusted?

Retrieved evidence:
- Q: What is this a picture of?
  A: parking meter
- Q: When is the meter enforced?
  A: 9-6 m-f
- Q: Does the meter work?
  A: yes

Best matching evidence answer:
parking meter

Use the image summary, the image, and the retrieved evidence to answer briefly.
Answer:",What is this a picture of? || When is the meter enforced? || Does the meter work?,parking meter || 9-6 m-f || yes,"parking meter, 9-6 m-f, yes",parking meter,0.0,361
caption_aware,133636005,133636,Is there time remaining on the meter?,yes|yes|no,9-6 m-f,0.0,"Image summary:
a pair of parking meters

Question:
Is there time remaining on the meter?

Retrieved evidence:
- Q: What is this a picture of?
  A: parking meter
- Q: When is the meter enforced?
  A: 9-6 m-f
- Q: Does the meter work?
  A: yes

Best matching evidence answer:
9-6 m-f

Use the image summary, the image, and the retrieved evidence to answer briefly.
Answer:",What is this a picture of? || When is the meter enforced? || Does the meter work?,parking meter || 9-6 m-f || yes,"parking meter, 9-6 m-f, yes",9-6 m-f,0.25,370
caption_aware,133636006,133636,How many meters are there?,2|2|2,parking meter,0.0,"Image summary:
a pair of parking meters

Question:
How many meters are there?

Retrieved evidence:
- Q: What is this a picture of?
  A: parking meter
- Q: When is the meter enforced?
  A: 9-6 m-f
- Q: Does the meter work?
  A: yes

Best matching evidence answer:
parking meter

Use the image summary, the image, and the retrieved evidence to answer briefly.
Answer:",What is this a picture of? || When is the meter enforced? || Does the meter work?,parking meter || 9-6 m-f || yes,"parking meter, 9-6 m-f, yes",parking meter,0.0,365
caption_aware,133645000,133645,Is there someone on the bench?,no|no|no,,0.0,"Image summary:
a boat on the water

Question:
Is there someone on the bench?

Retrieved evidence:
- Q: What color is the two-story house?
  A: blue
- Q: What number of boats are in this harbor?
  A: 25
- Q: Where is word empty?
  A: boat

Best matching evidence answer:
blue

Use the image summary, the image, and the retrieved evidence to answer briefly.
Answer:",What color is the two-story house? || What number of boats are in this harbor? || Where is word empty?,blue || 25 || boat,"blue, 25, boat",blue,0.0,363
caption_aware,133645001,133645,Are the street lights turned on?,yes|yes|yes,,0.0,"Image summary:
a boat on the water

Question:
Are the street lights turned on?

Retrieved evidence:
- Q: What color is the two-story house?
  A: blue
- Q: What number of boats are in this harbor?
  A: 25
- Q: Where is word empty?
  A: boat

Best matching evidence answer:
blue

Use the image summary, the image, and the retrieved evidence to answer briefly.
Answer:",What color is the two-story house? || What number of boats are in this harbor? || Where is word empty?,blue || 25 || boat,"blue, 25, boat",blue,0.0,365
caption_aware,133645002,133645,Is the water clear?,no|yes|yes,,0.0,"Image summary:
a boat on the water

Question:
Is the water clear?

Retrieved evidence:
- Q: What color is the two-story house?
  A: blue
- Q: What number of boats are in this harbor?
  A: 25
- Q: Where is word empty?
  A: boat

Best matching evidence answer:
blue

Use the image summary, the image, and the retrieved evidence to answer briefly.
Answer:",What color is the two-story house? || What number of boats are in this harbor? || Where is word empty?,blue || 25 || boat,"blue, 25, boat",blue,0.0,352
caption_aware,133645003,133645,What type of boat is in the water?,private|sailboat|pontoon,blue,0.0,"Image summary:
a boat on the water

Question:
What type of boat is in the water?

Retrieved evidence:
- Q: What color is the two-story house?
  A: blue
- Q: What number of boats are in this harbor?
  A: 25
- Q: Where is word empty?
  A: boat

Best matching evidence answer:
blue

Use the image summary, the image, and the retrieved evidence to answer briefly.
Answer:",What color is the two-story house? || What number of boats are in this harbor? || Where is word empty?,blue || 25 || boat,"blue, 25, boat",blue,0.0,367
caption_aware,264718000,264718,How long is the parking on the street?,12 hours|2 hours|7 spots,,0.0,"Image summary:
a parking sign on a pole

Question:
How long is the parking on the street?

Retrieved evidence:
- Q: What color is the curb below the stop sign?
  A: red
- Q: Is there a stop light?
  A: yes
- Q: What is on the picnic table?
  A: nothing

Best matching evidence answer:
red

Use the image summary, the image, and the retrieved evidence to answer briefly.
Answer:",What color is the curb below the stop sign? || Is there a stop light? || What is on the picnic table?,red || yes || nothing,"red, yes, nothing",red,0.0,377
caption_aware,264718001,264718,Do you have to pay to park here?,yes|yes|yes,,0.0,"Image summary:
a parking sign on a pole

Question:
Do you have to pay to park here?

Retrieved evidence:
- Q: What color is the curb below the stop sign?
  A: red
- Q: Is there a stop light?
  A: yes
- Q: What is on the picnic table?
  A: nothing

Best matching evidence answer:
red

Use the image summary, the image, and the retrieved evidence to answer briefly.
Answer:",What color is the curb below the stop sign? || Is there a stop light? || What is on the picnic table?,red || yes || nothing,"red, yes, nothing",red,0.0,371
caption_aware,264718002,264718,Which side of the sign is the road on?,right|left|right,,0.0,"Image summary:
a parking sign on a pole

Question:
Which side of the sign is the road on?

Retrieved evidence:
- Q: What color is the curb below the stop sign?
  A: red
- Q: Is there a stop light?
  A: yes
- Q: What is on the picnic table?
  A: nothing

Best matching evidence answer:
red

Use the image summary, the image, and the retrieved evidence to answer briefly.
Answer:",What color is the curb below the stop sign? || Is there a stop light? || What is on the picnic table?,red || yes || nothing,"red, yes, nothing",red,0.125,377
caption_aware,264718003,264718,What does the sign read?,2 hour parking 8am to 8pm|parking|2 hour parking 8am-8pm,,0.0,"Image summary:
a parking sign on a pole

Question:
What does the sign read?

Retrieved evidence:
- Q: What color is the curb below the stop sign?
  A: red
- Q: Is there a stop light?
  A: yes
- Q: What is on the picnic table?
  A: nothing

Best matching evidence answer:
red

Use the image summary, the image, and the retrieved evidence to answer briefly.
Answer:",What color is the curb below the stop sign? || Is there a stop light? || What is on the picnic table?,red || yes || nothing,"red, yes, nothing",red,0.1667,363
caption_aware,264718004,264718,What does the sign say?,parking|2 hour parking|2 hour parking,,0.0,"Image summary:
a parking sign on a pole

Question:
What does the sign say?

Retrieved evidence:
- Q: What color is the curb below the stop sign?
  A: red
- Q: Is there a stop light?
  A: yes
- Q: What is on the picnic table?
  A: nothing

Best matching evidence answer:
red

Use the image summary, the image, and the retrieved evidence to answer briefly.
Answer:",What color is the curb below the stop sign? || Is there a stop light? || What is on the picnic table?,red || yes || nothing,"red, yes, nothing",red,0.1667,362
caption_aware,264718005,264718,What phone number is on the sign?,0|n/a|0,,0.0,"Image summary:
a parking sign on a pole

Question:
What phone number is on the sign?

Retrieved evidence:
- Q: What color is the curb below the stop sign?
  A: red
- Q: Is there a stop light?
  A: yes
- Q: What is on the picnic table?
  A: nothing

Best matching evidence answer:
red

Use the image summary, the image, and the retrieved evidence to answer briefly.
Answer:",What color is the curb below the stop sign? || Is there a stop light? || What is on the picnic table?,red || yes || nothing,"red, yes, nothing",red,0.1429,372
caption_aware,264718006,264718,What modes of transportation are in the picture?,cars|car|car,,0.0,"Image summary:
a parking sign on a pole

Question:
What modes of transportation are in the picture?

Retrieved evidence:
- Q: What color is the curb below the stop sign?
  A: red
- Q: Is there a stop light?
  A: yes
- Q: What is on the picnic table?
  A: nothing

Best matching evidence answer:
red

Use the image summary, the image, and the retrieved evidence to answer briefly.
Answer:",What color is the curb below the stop sign? || Is there a stop light? || What is on the picnic table?,red || yes || nothing,"red, yes, nothing",red,0.0,387
caption_aware,264718007,264718,What sign is to the right of the photo?,2 hour parking|parking|2 hour parking,,0.0,"Image summary:
a parking sign on a pole

Question:
What sign is to the right of the photo?

Retrieved evidence:
- Q: What color is the curb below the stop sign?
  A: red
- Q: Is there a stop light?
  A: yes
- Q: What is on the picnic table?
  A: nothing

Best matching evidence answer:
red

Use the image summary, the image, and the retrieved evidence to answer briefly.
Answer:",What color is the curb below the stop sign? || Is there a stop light? || What is on the picnic table?,red || yes || nothing,"red, yes, nothing",red,0.1429,378
caption_aware,133648000,133648,Is the bat blue?,yes|yes|yes,,0.0,"Image summary:
a baseball game being played behind a chain link fence

Question:
Is the bat blue?

Retrieved evidence:
- Q: How many people are in this picture?
  A: 5
- Q: What sport are they playing?
  A: baseball
- Q: How many players are in the field?
  A: 6

Best matching evidence answer:
5

Use the image summary, the image, and the retrieved evidence to answer briefly.
Answer:",How many people are in this picture? || What sport are they playing? || How many players are in the field?,5 || baseball || 6,"5, baseball, 6",5,0.0,385
caption_aware,133648001,133648,Is the photo colored?,yes|yes|yes,,0.0,"Image summary:
a baseball game being played behind a chain link fence

Question:
Is the photo colored?

Retrieved evidence:
- Q: How many people are in this picture?
  A: 5
- Q: What sport are they playing?
  A: baseball
- Q: How many players are in the field?
  A: 6

Best matching evidence answer:
5

Use the image summary, the image, and the retrieved evidence to answer briefly.
Answer:",How many people are in this picture? || What sport are they playing? || How many players are in the field?,5 || baseball || 6,"5, baseball, 6",5,0.0,390
caption_aware,133648002,133648,What color is the home plate umpire's shirt?,white|black|black,,0.0,"Image summary:
a baseball game being played behind a chain link fence

Question:
What color is the home plate umpire's shirt?

Retrieved evidence:
- Q: How many people are in this picture?
  A: 5
- Q: What sport are they playing?
  A: baseball
- Q: How many players are in the field?
  A: 6

Best matching evidence answer:
5

Use the image summary, the image, and the retrieved evidence to answer briefly.
Answer:",How many people are in this picture? || What sport are they playing? || How many players are in the field?,5 || baseball || 6,"5, baseball, 6",5,0.0,413
caption_aware,133648003,133648,Which game are they playing?,baseball|baseball|baseball,baseball,1.0,"Image summary:
a baseball game being played behind a chain link fence

Question:
Which game are they playing?

Retrieved evidence:
- Q: How many people are in this picture?
  A: 5
- Q: What sport are they playing?
  A: baseball
- Q: How many players are in the field?
  A: 6

Best matching evidence answer:
baseball

Use the image summary, the image, and the retrieved evidence to answer briefly.
Answer:",How many people are in this picture? || What sport are they playing? || How many players are in the field?,5 || baseball || 6,"5, baseball, 6",baseball,0.4,404
caption_aware,459182000,459182,What are they carrying?,surfboards|surfboards|surfboards,,0.0,"Image summary:
a couple of surfers walking along the beach

Question:
What are they carrying?

Retrieved evidence:
- Q: Are there any plants?
  A: no
- Q: Where do you play this sport?
  A: ocean
- Q: What are the people caring in their arms?
  A: surfboards

Best matching evidence answer:
no

Use the image summary, the image, and the retrieved evidence to answer briefly.
Answer:",Are there any plants? || Where do you play this sport? || What are the people caring in their arms?,no || ocean || surfboards,"no, ocean, surfboards",no,0.0,382
caption_aware,459182001,459182,What is in the foreground?,rocks|rocks|rocks,,0.0,"Image summary:
a couple of surfers walking along the beach

Question:
What is in the foreground?

Retrieved evidence:
- Q: Are there any plants?
  A: no
- Q: Where do you play this sport?
  A: ocean
- Q: What are the people caring in their arms?
  A: surfboards

Best matching evidence answer:
no

Use the image summary, the image, and the retrieved evidence to answer briefly.
Answer:",Are there any plants? || Where do you play this sport? || What are the people caring in their arms?,no || ocean || surfboards,"no, ocean, surfboards",no,0.0,385
caption_aware,459182002,459182,How many people are there?,2|2|2,surfboards,0.0,"Image summary:
a couple of surfers walking along the beach

Question:
How many people are there?

Retrieved evidence:
- Q: Are there any plants?
  A: no
- Q: Where do you play this sport?
  A: ocean
- Q: What are the people caring in their arms?
  A: surfboards

Best matching evidence answer:
surfboards

Use the image summary, the image, and the retrieved evidence to answer briefly.
Answer:",Are there any plants? || Where do you play this sport? || What are the people caring in their arms?,no || ocean || surfboards,"no, ocean, surfboards",surfboards,0.2,393
caption_aware,395801000,395801,Is it morning or evening?,evening|morning|morning,,0.0,"Image summary:
a woman sitting on a bench next to a street sign

Question:
Is it morning or evening?

Retrieved evidence:
- Q: What color is the front of the store on the left?
  A: white
- Q: Is the road having work done?
  A: no
- Q: How many bus cars can you see?
  A: 1

Best matching evidence answer:
white

Use the image summary, the image, and the retrieved evidence to answer briefly.
Answer:",What color is the front of the store on the left? || Is the road having work done? || How many bus cars can you see?,white || no || 1,"white, no, 1",white,0.0,400
caption_aware,395801001,395801,How much does parking in the lot cost?,nothing|free|free,,0.0,"Image summary:
a woman sitting on a bench next to a street sign

Question:
How much does parking in the lot cost?

Retrieved evidence:
- Q: What color is the front of the store on the left?
  A: white
- Q: Is the road having work done?
  A: no
- Q: How many bus cars can you see?
  A: 1

Best matching evidence answer:
white

Use the image summary, the image, and the retrieved evidence to answer briefly.
Answer:",What color is the front of the store on the left? || Is the road having work done? || How many bus cars can you see?,white || no || 1,"white, no, 1",white,0.0,413
caption_aware,395801002,395801,What is on the road?,car|car|cars,,0.0,"Image summary:
a woman sitting on a bench next to a street sign

Question:
What is on the road?

Retrieved evidence:
- Q: What color is the front of the store on the left?
  A: white
- Q: Is the road having work done?
  A: no
- Q: How many bus cars can you see?
  A: 1

Best matching evidence answer:
no

Use the image summary, the image, and the retrieved evidence to answer briefly.
Answer:",What color is the front of the store on the left? || Is the road having work done? || How many bus cars can you see?,white || no || 1,"white, no, 1",no,0.25,392
caption_aware,395801003,395801,How many people are in the picture?,7|7|11,,0.0,"Image summary:
a woman sitting on a bench next to a street sign

Question:
How many people are in the picture?

Retrieved evidence:
- Q: What color is the front of the store on the left?
  A: white
- Q: Is the road having work done?
  A: no
- Q: How many bus cars can you see?
  A: 1

Best matching evidence answer:
1

Use the image summary, the image, and the retrieved evidence to answer briefly.
Answer:",What color is the front of the store on the left? || Is the road having work done? || How many bus cars can you see?,white || no || 1,"white, no, 1",1,0.1429,406
caption_aware,395801004,395801,Do the people know each other?,no|no|no,,0.0,"Image summary:
a woman sitting on a bench next to a street sign

Question:
Do the people know each other?

Retrieved evidence:
- Q: What color is the front of the store on the left?
  A: white
- Q: Is the road having work done?
  A: no
- Q: How many bus cars can you see?
  A: 1

Best matching evidence answer:
white

Use the image summary, the image, and the retrieved evidence to answer briefly.
Answer:",What color is the front of the store on the left? || Is the road having work done? || How many bus cars can you see?,white || no || 1,"white, no, 1",white,0.0,405
caption_aware,395801005,395801,How could you carry things if you were riding this bike?,there is no bike|on my back|backpack,,0.0,"Image summary:
a woman sitting on a bench next to a street sign

Question:
How could you carry things if you were riding this bike?

Retrieved evidence:
- Q: What color is the front of the store on the left?
  A: white
- Q: Is the road having work done?
  A: no
- Q: How many bus cars can you see?
  A: 1

Best matching evidence answer:
1

Use the image summary, the image, and the retrieved evidence to answer briefly.
Answer:",What color is the front of the store on the left? || Is the road having work done? || How many bus cars can you see?,white || no || 1,"white, no, 1",1,0.1,427
caption_aware,395801006,395801,How many people are in this scene?,25|15|9,,0.0,"Image summary:
a woman sitting on a bench next to a street sign

Question:
How many people are in this scene?

Retrieved evidence:
- Q: What color is the front of the store on the left?
  A: white
- Q: Is the road having work done?
  A: no
- Q: How many bus cars can you see?
  A: 1

Best matching evidence answer:
1

Use the image summary, the image, and the retrieved evidence to answer briefly.
Answer:",What color is the front of the store on the left? || Is the road having work done? || How many bus cars can you see?,white || no || 1,"white, no, 1",1,0.1429,405
caption_aware,395801007,395801,What time is it?,6:00|6:00|12:30,white,0.0,"Image summary:
a woman sitting on a bench next to a street sign

Question:
What time is it?

Retrieved evidence:
- Q: What color is the front of the store on the left?
  A: white
- Q: Is the road having work done?
  A: no
- Q: How many bus cars can you see?
  A: 1

Best matching evidence answer:
white

Use the image summary, the image, and the retrieved evidence to answer briefly.
Answer:",What color is the front of the store on the left? || Is the road having work done? || How many bus cars can you see?,white || no || 1,"white, no, 1",white,0.0,391
caption_aware,264730000,264730,How many arches are under the clock?,2|2|2,,0.0,"Image summary:
an archway with a clock on top of it

Question:
How many arches are under the clock?

Retrieved evidence:
- Q: What kind of numbers are on this clock?
  A: roman
- Q: How many bells?
  A: 3
- Q: Is there a painting over the arch?
  A: yes

Best matching evidence answer:
3

Use the image summary, the image, and the retrieved evidence to answer briefly.
Answer:",What kind of numbers are on this clock? || How many bells? || Is there a painting over the arch?,roman || 3 || yes,"roman, 3, yes",3,0.2,376
caption_aware,264730001,264730,What time is it?,10:50|10:49|8:45,roman,0.0,"Image summary:
an archway with a clock on top of it

Question:
What time is it?

Retrieved evidence:
- Q: What kind of numbers are on this clock?
  A: roman
- Q: How many bells?
  A: 3
- Q: Is there a painting over the arch?
  A: yes

Best matching evidence answer:
roman

Use the image summary, the image, and the retrieved evidence to answer briefly.
Answer:",What kind of numbers are on this clock? || How many bells? || Is there a painting over the arch?,roman || 3 || yes,"roman, 3, yes",roman,0.0,360
caption_aware,264730002,264730,Is a daytime or nighttime scene depicted?,nighttime|nighttime|night,roman,0.0,"Image summary:
an archway with a clock on top of it

Question:
Is a daytime or nighttime scene depicted?

Retrieved evidence:
- Q: What kind of numbers are on this clock?
  A: roman
- Q: How many bells?
  A: 3
- Q: Is there a painting over the arch?
  A: yes

Best matching evidence answer:
roman

Use the image summary, the image, and the retrieved evidence to answer briefly.
Answer:",What kind of numbers are on this clock? || How many bells? || Is there a painting over the arch?,roman || 3 || yes,"roman, 3, yes",roman,0.0,385
caption_aware,264730003,264730,What kind of numbers are on the clock?,roman numerals|roman|roman numerals,roman,1.0,"Image summary:
an archway with a clock on top of it

Question:
What kind of numbers are on the clock?

Retrieved evidence:
- Q: What kind of numbers are on this clock?
  A: roman
- Q: How many bells?
  A: 3
- Q: Is there a painting over the arch?
  A: yes

Best matching evidence answer:
roman

Use the image summary, the image, and the retrieved evidence to answer briefly.
Answer:",What kind of numbers are on this clock? || How many bells? || Is there a painting over the arch?,roman || 3 || yes,"roman, 3, yes",roman,1.0,382
caption_aware,2587000,2587,Which food contains the most potassium?,banana|banana|banana,,0.0,"Image summary:
a donut and a banana in a plastic bag

Question:
Which food contains the most potassium?

Retrieved evidence:
- Q: Is the donut filled?
  A: no
- Q: What's the name of the largest pastry?
  A: donut
- Q: How many bananas are pictured?
  A: 2

Best matching evidence answer:
no

Use the image summary, the image, and the retrieved evidence to answer briefly.
Answer:",Is the donut filled? || What's the name of the largest pastry? || How many bananas are pictured?,no || donut || 2,"no, donut, 2",no,0.0,380
caption_aware,2587001,2587,What is not healthy in the baggie?,donut|doughnut|donut,,0.0,"Image summary:
a donut and a banana in a plastic bag

Question:
What is not healthy in the baggie?

Retrieved evidence:
- Q: Is the donut filled?
  A: no
- Q: What's the name of the largest pastry?
  A: donut
- Q: How many bananas are pictured?
  A: 2

Best matching evidence answer:
no

Use the image summary, the image, and the retrieved evidence to answer briefly.
Answer:",Is the donut filled? || What's the name of the largest pastry? || How many bananas are pictured?,no || donut || 2,"no, donut, 2",no,0.0,375
direct_evidence_override,2529010,2529,Is there snow on the ground?,no|no|no,no,1.0,"Question: Is there snow on the ground?

Retrieved Q&A evidence:
- Q: Is there a blue car?
  A: no
- Q: Are the street lights turned on?
  A: no
- Q: What color is the building with the clock on it?
  A: white

Most relevant retrieved answer:
no

If the most relevant retrieved answer matches the image, output it directly.
Otherwise answer from the image.

Answer:",Is there a blue car? || Are the street lights turned on? || What color is the building with the clock on it?,no || no || white,"no, white",no,0.0,364
direct_evidence_override,2532000,2532,Is the skier going downhill?,no|no|yes,,0.0,"Question: Is the skier going downhill?

Retrieved Q&A evidence:
- Q: What weather conditions appear in this scene?
  A: cloudy
- Q: What color is the backpack?
  A: red
- Q: Does the shadow fall to the skiers left or to the right?
  A: left

Most relevant retrieved answer:
cloudy

If the most relevant retrieved answer matches the image, output it directly.
Otherwise answer from the image.

Answer:",What weather conditions appear in this scene? || What color is the backpack? || Does the shadow fall to the skiers left or to the right?,cloudy || red || left,"cloudy, red, left",cloudy,0.0,400
direct_evidence_override,2532001,2532,How do you know this skier is not alone on the mountain?,someone had to take photo|tracks|other ski tracks and footprints,,0.0,"Question: How do you know this skier is not alone on the mountain?

Retrieved Q&A evidence:
- Q: What weather conditions appear in this scene?
  A: cloudy
- Q: What color is the backpack?
  A: red
- Q: Does the shadow fall to the skiers left or to the right?
  A: left

Most relevant retrieved answer:
cloudy

If the most relevant retrieved answer matches the image, output it directly.
Otherwise answer from the image.

Answer:",What weather conditions appear in this scene? || What color is the backpack? || Does the shadow fall to the skiers left or to the right?,cloudy || red || left,"cloudy, red, left",cloudy,0.0,428
direct_evidence_override,2532002,2532,How cold is it?,cold|15 degrees|freezing,,0.0,"Question: How cold is it?

Retrieved Q&A evidence:
- Q: What weather conditions appear in this scene?
  A: cloudy
- Q: What color is the backpack?
  A: red
- Q: Does the shadow fall to the skiers left or to the right?
  A: left

Most relevant retrieved answer:
cloudy

If the most relevant retrieved answer matches the image, output it directly.
Otherwise answer from the image.

Answer:",What weather conditions appear in this scene? || What color is the backpack? || Does the shadow fall to the skiers left or to the right?,cloudy || red || left,"cloudy, red, left",cloudy,0.0,387
direct_evidence_override,2532003,2532,Is it a sunny or cloudy day?,sunny|cloudy|cloudy,,0.0,"Question: Is it a sunny or cloudy day?

Retrieved Q&A evidence:
- Q: What weather conditions appear in this scene?
  A: cloudy
- Q: What color is the backpack?
  A: red
- Q: Does the shadow fall to the skiers left or to the right?
  A: left

Most relevant retrieved answer:
left

If the most relevant retrieved answer matches the image, output it directly.
Otherwise answer from the image.

Answer:",What weather conditions appear in this scene? || What color is the backpack? || Does the shadow fall to the skiers left or to the right?,cloudy || red || left,"cloudy, red, left",left,0.1111,398
direct_evidence_override,2532004,2532,What color is the sky?,blue|blue|blue,,0.0,"Question: What color is the sky?

Retrieved Q&A evidence:
- Q: What weather conditions appear in this scene?
  A: cloudy
- Q: What color is the backpack?
  A: red
- Q: Does the shadow fall to the skiers left or to the right?
  A: left

Most relevant retrieved answer:
red

If the most relevant retrieved answer matches the image, output it directly.
Otherwise answer from the image.

Answer:",What weather conditions appear in this scene? || What color is the backpack? || Does the shadow fall to the skiers left or to the right?,cloudy || red || left,"cloudy, red, left",red,0.3333,391
direct_evidence_override,395749000,395749,What filter is being used in this image?,black and white|black & white|black and white,4,0.0,"Question: What filter is being used in this image?

Retrieved Q&A evidence:
- Q: How many people are on the bench?
  A: 4
- Q: Is the man alone on the bench?
  A: yes
- Q: Are they on the beach?
  A: no

Most relevant retrieved answer:
4

If the most relevant retrieved answer matches the image, output it directly.
Otherwise answer from the image.

Answer:",How many people are on the bench? || Is the man alone on the bench? || Are they on the beach?,4 || yes || no,"4, yes, no",4,0.0,357
direct_evidence_override,395749001,395749,Are all the people elderly?,no|yes|no,4,0.0,"Question: Are all the people elderly?

Retrieved Q&A evidence:
- Q: How many people are on the bench?
  A: 4
- Q: Is the man alone on the bench?
  A: yes
- Q: Are they on the beach?
  A: no

Most relevant retrieved answer:
4

If the most relevant retrieved answer matches the image, output it directly.
Otherwise answer from the image.

Answer:",How many people are on the bench? || Is the man alone on the bench? || Are they on the beach?,4 || yes || no,"4, yes, no",4,0.2,344
direct_evidence_override,395749002,395749,How many people can be seen?,4|4|4,4,1.0,"Question: How many people can be seen?

Retrieved Q&A evidence:
- Q: How many people are on the bench?
  A: 4
- Q: Is the man alone on the bench?
  A: yes
- Q: Are they on the beach?
  A: no

Most relevant retrieved answer:
4

If the most relevant retrieved answer matches the image, output it directly.
Otherwise answer from the image.

Answer:",How many people are on the bench? || Is the man alone on the bench? || Are they on the beach?,4 || yes || no,"4, yes, no",4,0.5,345
direct_evidence_override,395749003,395749,What ocean might this be?,atlantic|antarctic|atlantic,4,0.0,"Question: What ocean might this be?

Retrieved Q&A evidence:
- Q: How many people are on the bench?
  A: 4
- Q: Is the man alone on the bench?
  A: yes
- Q: Are they on the beach?
  A: no

Most relevant retrieved answer:
4

If the most relevant retrieved answer matches the image, output it directly.
Otherwise answer from the image.

Answer:",How many people are on the bench? || Is the man alone on the bench? || Are they on the beach?,4 || yes || no,"4, yes, no",4,0.0,342
direct_evidence_override,395749004,395749,How many people are in the photo?,4|4|4,4,1.0,"Question: How many people are in the photo?

Retrieved Q&A evidence:
- Q: How many people are on the bench?
  A: 4
- Q: Is the man alone on the bench?
  A: yes
- Q: Are they on the beach?
  A: no

Most relevant retrieved answer:
4

If the most relevant retrieved answer matches the image, output it directly.
Otherwise answer from the image.

Answer:",How many people are on the bench? || Is the man alone on the bench? || Are they on the beach?,4 || yes || no,"4, yes, no",4,0.5,350
direct_evidence_override,395752000,395752,What color are the mums in the front of the photo?,"pink|red|pink, red, yellow",special,0.0,"Question: What color are the mums in the front of the photo?

Retrieved Q&A evidence:
- Q: Which route is the red bus running?
  A: special
- Q: How many levels is the bus?
  A: 1
- Q: Does the train carry passengers?
  A: yes

Most relevant retrieved answer:
special

If the most relevant retrieved answer matches the image, output it directly.
Otherwise answer from the image.

Answer:",Which route is the red bus running? || How many levels is the bus? || Does the train carry passengers?,special || 1 || yes,"special, 1, yes",special,0.0,387
direct_evidence_override,395752001,395752,Can a mail truck fit behind the bus to pick up the mail?,yes|yes|yes,1,0.0,"Question: Can a mail truck fit behind the bus to pick up the mail?

Retrieved Q&A evidence:
- Q: Which route is the red bus running?
  A: special
- Q: How many levels is the bus?
  A: 1
- Q: Does the train carry passengers?
  A: yes

Most relevant retrieved answer:
1

If the most relevant retrieved answer matches the image, output it directly.
Otherwise answer from the image.

Answer:",Which route is the red bus running? || How many levels is the bus? || Does the train carry passengers?,special || 1 || yes,"special, 1, yes",1,0.1111,387
direct_evidence_override,395752002,395752,"What  ""Over the Rainbow"" singer sang about this vehicle?",judy garland|judy garland|train,special,0.0,"Question: What  ""Over the Rainbow"" singer sang about this vehicle?

Retrieved Q&A evidence:
- Q: Which route is the red bus running?
  A: special
- Q: How many levels is the bus?
  A: 1
- Q: Does the train carry passengers?
  A: yes

Most relevant retrieved answer:
special

If the most relevant retrieved answer matches the image, output it directly.
Otherwise answer from the image.

Answer:",Which route is the red bus running? || How many levels is the bus? || Does the train carry passengers?,special || 1 || yes,"special, 1, yes",special,0.0,393
direct_evidence_override,395752003,395752,What color are the hubcaps?,red|red|red,special,0.0,"Question: What color are the hubcaps?

Retrieved Q&A evidence:
- Q: Which route is the red bus running?
  A: special
- Q: How many levels is the bus?
  A: 1
- Q: Does the train carry passengers?
  A: yes

Most relevant retrieved answer:
special

If the most relevant retrieved answer matches the image, output it directly.
Otherwise answer from the image.

Answer:",Which route is the red bus running? || How many levels is the bus? || Does the train carry passengers?,special || 1 || yes,"special, 1, yes",special,0.0,364
direct_evidence_override,395752004,395752,Is someone getting on this street car?,yes|yes|yes,special,0.0,"Question: Is someone getting on this street car?

Retrieved Q&A evidence:
- Q: Which route is the red bus running?
  A: special
- Q: How many levels is the bus?
  A: 1
- Q: Does the train carry passengers?
  A: yes

Most relevant retrieved answer:
special

If the most relevant retrieved answer matches the image, output it directly.
Otherwise answer from the image.

Answer:",Which route is the red bus running? || How many levels is the bus? || Does the train carry passengers?,special || 1 || yes,"special, 1, yes",special,0.0,375
direct_evidence_override,264683000,264683,Is this airplane inside?,yes|yes|yes,,0.0,"Question: Is this airplane inside?

Retrieved Q&A evidence:
- Q: What is hanging?
  A: planes
- Q: What is the ID number of the plane?
  A: 0230
- Q: What number is on the side?
  A: 23

Most relevant retrieved answer:
planes

If the most relevant retrieved answer matches the image, output it directly.
Otherwise answer from the image.

Answer:",What is hanging? || What is the ID number of the plane? || What number is on the side?,planes || 0230 || 23,"planes, 0230, 23",planes,0.0,345
direct_evidence_override,264683001,264683,What airline does the plane fly for?,air france|air france|air france,0230,0.0,"Question: What airline does the plane fly for?

Retrieved Q&A evidence:
- Q: What is hanging?
  A: planes
- Q: What is the ID number of the plane?
  A: 0230
- Q: What number is on the side?
  A: 23

Most relevant retrieved answer:
0230

If the most relevant retrieved answer matches the image, output it directly.
Otherwise answer from the image.

Answer:",What is hanging? || What is the ID number of the plane? || What number is on the side?,planes || 0230 || 23,"planes, 0230, 23",0230,0.2,355
direct_evidence_override,264683002,264683,Are there planes hanging?,yes|yes|yes,,0.0,"Question: Are there planes hanging?

Retrieved Q&A evidence:
- Q: What is hanging?
  A: planes
- Q: What is the ID number of the plane?
  A: 0230
- Q: What number is on the side?
  A: 23

Most relevant retrieved answer:
planes

If the most relevant retrieved answer matches the image, output it directly.
Otherwise answer from the image.

Answer:",What is hanging? || What is the ID number of the plane? || What number is on the side?,planes || 0230 || 23,"planes, 0230, 23",planes,0.5,346
direct_evidence_override,264686000,264686,How many side tables are there?,2|2|2,,0.0,"Question: How many side tables are there?

Retrieved Q&A evidence:
- Q: What light source is here?
  A: sun
- Q: Is there a Turkish style rug on the floor?
  A: no
- Q: Is the room messy?
  A: no

Most relevant retrieved answer:
sun

If the most relevant retrieved answer matches the image, output it directly.
Otherwise answer from the image.

Answer:",What light source is here? || Is there a Turkish style rug on the floor? || Is the room messy?,sun || no || no,"sun, no",sun,0.0,352
direct_evidence_override,264686001,264686,How many windows are on the wall?,3|3|3,sun,0.0,"Question: How many windows are on the wall?

Retrieved Q&A evidence:
- Q: What light source is here?
  A: sun
- Q: Is there a Turkish style rug on the floor?
  A: no
- Q: Is the room messy?
  A: no

Most relevant retrieved answer:
sun

If the most relevant retrieved answer matches the image, output it directly.
Otherwise answer from the image.

Answer:",What light source is here? || Is there a Turkish style rug on the floor? || Is the room messy?,sun || no || no,"sun, no",sun,0.0,354
direct_evidence_override,264686002,264686,Is the TV a tube or flat screen?,tube|tube|tube,sun,0.0,"Question: Is the TV a tube or flat screen?

Retrieved Q&A evidence:
- Q: What light source is here?
  A: sun
- Q: Is there a Turkish style rug on the floor?
  A: no
- Q: Is the room messy?
  A: no

Most relevant retrieved answer:
sun

If the most relevant retrieved answer matches the image, output it directly.
Otherwise answer from the image.

Answer:",What light source is here? || Is there a Turkish style rug on the floor? || Is the room messy?,sun || no || no,"sun, no",sun,0.0,353
direct_evidence_override,133619000,133619,What type of truck is it?,fire engine|fire truck|service truck,yes,0.0,"Question: What type of truck is it?

Retrieved Q&A evidence:
- Q: Do you see a firefighter in the picture?
  A: no
- Q: Is this a fire truck?
  A: yes
- Q: How many headlights are on the truck?
  A: 8

Most relevant retrieved answer:
yes

If the most relevant retrieved answer matches the image, output it directly.
Otherwise answer from the image.

Answer:",Do you see a firefighter in the picture? || Is this a fire truck? || How many headlights are on the truck?,no || yes || 8,"no, yes, 8",yes,0.3333,357
direct_evidence_override,133619001,133619,What time of day is it?,night|night|night,no,0.0,"Question: What time of day is it?

Retrieved Q&A evidence:
- Q: Do you see a firefighter in the picture?
  A: no
- Q: Is this a fire truck?
  A: yes
- Q: How many headlights are on the truck?
  A: 8

Most relevant retrieved answer:
no

If the most relevant retrieved answer matches the image, output it directly.
Otherwise answer from the image.

Answer:",Do you see a firefighter in the picture? || Is this a fire truck? || How many headlights are on the truck?,no || yes || 8,"no, yes, 8",no,0.0,354
direct_evidence_override,133619002,133619,What color is the light above the hood of the truck?,yellow|blue|blue,yes,0.0,"Question: What color is the light above the hood of the truck?

Retrieved Q&A evidence:
- Q: Do you see a firefighter in the picture?
  A: no
- Q: Is this a fire truck?
  A: yes
- Q: How many headlights are on the truck?
  A: 8

Most relevant retrieved answer:
yes

If the most relevant retrieved answer matches the image, output it directly.
Otherwise answer from the image.

Answer:",Do you see a firefighter in the picture? || Is this a fire truck? || How many headlights are on the truck?,no || yes || 8,"no, yes, 8",yes,0.1667,384
direct_evidence_override,133620000,133620,Why does the woman have her hair up?,uniform|on duty|uniform,,0.0,"Question: Why does the woman have her hair up?

Retrieved Q&A evidence:
- Q: What color is the boys sweatshirt?
  A: blue
- Q: Does she have a wrist watch?
  A: yes
- Q: What is the woman reading?
  A: book

Most relevant retrieved answer:
book

If the most relevant retrieved answer matches the image, output it directly.
Otherwise answer from the image.

Answer:",What color is the boys sweatshirt? || Does she have a wrist watch? || What is the woman reading?,blue || yes || book,"blue, yes, book",book,0.2,364
direct_evidence_override,133620001,133620,Is she wearing glasses?,yes|yes|yes,yes,1.0,"Question: Is she wearing glasses?

Retrieved Q&A evidence:
- Q: What color is the boys sweatshirt?
  A: blue
- Q: Does she have a wrist watch?
  A: yes
- Q: What is the woman reading?
  A: book

Most relevant retrieved answer:
yes

If the most relevant retrieved answer matches the image, output it directly.
Otherwise answer from the image.

Answer:",What color is the boys sweatshirt? || Does she have a wrist watch? || What is the woman reading?,blue || yes || book,"blue, yes, book",yes,0.2,350
direct_evidence_override,133620002,133620,What is she wearing on her head?,hat|helmet|hat,,0.0,"Question: What is she wearing on her head?

Retrieved Q&A evidence:
- Q: What color is the boys sweatshirt?
  A: blue
- Q: Does she have a wrist watch?
  A: yes
- Q: What is the woman reading?
  A: book

Most relevant retrieved answer:
yes

If the most relevant retrieved answer matches the image, output it directly.
Otherwise answer from the image.

Answer:",What color is the boys sweatshirt? || Does she have a wrist watch? || What is the woman reading?,blue || yes || book,"blue, yes, book",yes,0.1667,359
direct_evidence_override,133620003,133620,Is the woman happy?,yes|yes|yes,,0.0,"Question: Is the woman happy?

Retrieved Q&A evidence:
- Q: What color is the boys sweatshirt?
  A: blue
- Q: Does she have a wrist watch?
  A: yes
- Q: What is the woman reading?
  A: book

Most relevant retrieved answer:
book

If the most relevant retrieved answer matches the image, output it directly.
Otherwise answer from the image.

Answer:",What color is the boys sweatshirt? || Does she have a wrist watch? || What is the woman reading?,blue || yes || book,"blue, yes, book",book,0.3333,347
direct_evidence_override,526837000,526837,Is this man dressed for the weather?,yes|yes|yes,skis,0.0,"Question: Is this man dressed for the weather?

Retrieved Q&A evidence:
- Q: What are the long sticks under the person's feet?
  A: skis
- Q: Is this a winter landscape?
  A: yes
- Q: Is it cold?
  A: yes

Most relevant retrieved answer:
skis

If the most relevant retrieved answer matches the image, output it directly.
Otherwise answer from the image.

Answer:",What are the long sticks under the person's feet? || Is this a winter landscape? || Is it cold?,skis || yes || yes,"skis, yes",skis,0.0,362
direct_evidence_override,526837001,526837,What is this man holding?,ski pole|ski poles|poles,skis,0.3333,"Question: What is this man holding?

Retrieved Q&A evidence:
- Q: What are the long sticks under the person's feet?
  A: skis
- Q: Is this a winter landscape?
  A: yes
- Q: Is it cold?
  A: yes

Most relevant retrieved answer:
skis

If the most relevant retrieved answer matches the image, output it directly.
Otherwise answer from the image.

Answer:",What are the long sticks under the person's feet? || Is this a winter landscape? || Is it cold?,skis || yes || yes,"skis, yes",skis,0.0,351
direct_evidence_override,526837002,526837,What is covering the ground?,snow|snow|snow,skis,0.0,"Question: What is covering the ground?

Retrieved Q&A evidence:
- Q: What are the long sticks under the person's feet?
  A: skis
- Q: Is this a winter landscape?
  A: yes
- Q: Is it cold?
  A: yes

Most relevant retrieved answer:
skis

If the most relevant retrieved answer matches the image, output it directly.
Otherwise answer from the image.

Answer:",What are the long sticks under the person's feet? || Is this a winter landscape? || Is it cold?,skis || yes || yes,"skis, yes",skis,0.0,354
direct_evidence_override,133622000,133622,Are these vegetables or fruits?,vegetables|vegetables|vegetables,cod,0.0,"Question: Are these vegetables or fruits?

Retrieved Q&A evidence:
- Q: What kind of fish is in the image?
  A: cod
- Q: What color is the plate?
  A: white
- Q: Is this a balanced meal?
  A: yes

Most relevant retrieved answer:
cod

If the most relevant retrieved answer matches the image, output it directly.
Otherwise answer from the image.

Answer:",What kind of fish is in the image? || What color is the plate? || Is this a balanced meal?,cod || white || yes,"cod, white, yes",cod,0.0,352
direct_evidence_override,133622001,133622,What is the yellow topping?,cheese|glaze|cheese,cod,0.0,"Question: What is the yellow topping?

Retrieved Q&A evidence:
- Q: What kind of fish is in the image?
  A: cod
- Q: What color is the plate?
  A: white
- Q: Is this a balanced meal?
  A: yes

Most relevant retrieved answer:
cod

If the most relevant retrieved answer matches the image, output it directly.
Otherwise answer from the image.

Answer:",What kind of fish is in the image? || What color is the plate? || Is this a balanced meal?,cod || white || yes,"cod, white, yes",cod,0.0,348
direct_evidence_override,133622002,133622,Is this a high class dish?,yes|yes|no,cod,0.0,"Question: Is this a high class dish?

Retrieved Q&A evidence:
- Q: What kind of fish is in the image?
  A: cod
- Q: What color is the plate?
  A: white
- Q: Is this a balanced meal?
  A: yes

Most relevant retrieved answer:
cod

If the most relevant retrieved answer matches the image, output it directly.
Otherwise answer from the image.

Answer:",What kind of fish is in the image? || What color is the plate? || Is this a balanced meal?,cod || white || yes,"cod, white, yes",cod,0.0,347
direct_evidence_override,133622003,133622,What is the long thin food with seeds?,broccoli|cake|cheese,cod,0.0,"Question: What is the long thin food with seeds?

Retrieved Q&A evidence:
- Q: What kind of fish is in the image?
  A: cod
- Q: What color is the plate?
  A: white
- Q: Is this a balanced meal?
  A: yes

Most relevant retrieved answer:
cod

If the most relevant retrieved answer matches the image, output it directly.
Otherwise answer from the image.

Answer:",What kind of fish is in the image? || What color is the plate? || Is this a balanced meal?,cod || white || yes,"cod, white, yes",cod,0.0,359
direct_evidence_override,133622004,133622,What is the green topping?,broccoli|broccoli|broccoli,cod,0.0,"Question: What is the green topping?

Retrieved Q&A evidence:
- Q: What kind of fish is in the image?
  A: cod
- Q: What color is the plate?
  A: white
- Q: Is this a balanced meal?
  A: yes

Most relevant retrieved answer:
cod

If the most relevant retrieved answer matches the image, output it directly.
Otherwise answer from the image.

Answer:",What kind of fish is in the image? || What color is the plate? || Is this a balanced meal?,cod || white || yes,"cod, white, yes",cod,0.0,347
direct_evidence_override,133622005,133622,What is the yellow item pictured?,cheese|cake|cheese,cod,0.0,"Question: What is the yellow item pictured?

Retrieved Q&A evidence:
- Q: What kind of fish is in the image?
  A: cod
- Q: What color is the plate?
  A: white
- Q: Is this a balanced meal?
  A: yes

Most relevant retrieved answer:
cod

If the most relevant retrieved answer matches the image, output it directly.
Otherwise answer from the image.

Answer:",What kind of fish is in the image? || What color is the plate? || Is this a balanced meal?,cod || white || yes,"cod, white, yes",cod,0.0,354
direct_evidence_override,133622006,133622,How are the eggs cooked?,scrambled|scramble|omelet,cod,0.0,"Question: How are the eggs cooked?

Retrieved Q&A evidence:
- Q: What kind of fish is in the image?
  A: cod
- Q: What color is the plate?
  A: white
- Q: Is this a balanced meal?
  A: yes

Most relevant retrieved answer:
cod

If the most relevant retrieved answer matches the image, output it directly.
Otherwise answer from the image.

Answer:",What kind of fish is in the image? || What color is the plate? || Is this a balanced meal?,cod || white || yes,"cod, white, yes",cod,0.0,345
direct_evidence_override,133622007,133622,What vegetable is this?,broccoli|broccoli|broccoli,cod,0.0,"Question: What vegetable is this?

Retrieved Q&A evidence:
- Q: What kind of fish is in the image?
  A: cod
- Q: What color is the plate?
  A: white
- Q: Is this a balanced meal?
  A: yes

Most relevant retrieved answer:
cod

If the most relevant retrieved answer matches the image, output it directly.
Otherwise answer from the image.

Answer:",What kind of fish is in the image? || What color is the plate? || Is this a balanced meal?,cod || white || yes,"cod, white, yes",cod,0.0,344
direct_evidence_override,133622008,133622,What kinds of food are on the plate?,"breakfast|spinach|eggs, spinach",white,0.0,"Question: What kinds of food are on the plate?

Retrieved Q&A evidence:
- Q: What kind of fish is in the image?
  A: cod
- Q: What color is the plate?
  A: white
- Q: Is this a balanced meal?
  A: yes

Most relevant retrieved answer:
white

If the most relevant retrieved answer matches the image, output it directly.
Otherwise answer from the image.

Answer:",What kind of fish is in the image? || What color is the plate? || Is this a balanced meal?,cod || white || yes,"cod, white, yes",white,0.25,359
direct_evidence_override,22271000,22271,Is this a bright and sunny day?,no|no|no,orange,0.0,"Question: Is this a bright and sunny day?

Retrieved Q&A evidence:
- Q: What color is the fence?
  A: orange
- Q: Where is the hydrant?
  A: sidewalk
- Q: Why was the train running behind?
  A: unknown

Most relevant retrieved answer:
orange

If the most relevant retrieved answer matches the image, output it directly.
Otherwise answer from the image.

Answer:",What color is the fence? || Where is the hydrant? || Why was the train running behind?,orange || sidewalk || unknown,"orange, sidewalk, unknown",orange,0.0,361
direct_evidence_override,22271001,22271,Are there people in the picture?,yes|yes|yes,orange,0.0,"Question: Are there people in the picture?

Retrieved Q&A evidence:
- Q: What color is the fence?
  A: orange
- Q: Where is the hydrant?
  A: sidewalk
- Q: Why was the train running behind?
  A: unknown

Most relevant retrieved answer:
orange

If the most relevant retrieved answer matches the image, output it directly.
Otherwise answer from the image.

Answer:",What color is the fence? || Where is the hydrant? || Why was the train running behind?,orange || sidewalk || unknown,"orange, sidewalk, unknown",orange,0.0,362
direct_evidence_override,22271002,22271,What is the name of the street sign on the ground?,western ave|western ave|western ave,orange,0.0,"Question: What is the name of the street sign on the ground?

Retrieved Q&A evidence:
- Q: What color is the fence?
  A: orange
- Q: Where is the hydrant?
  A: sidewalk
- Q: Why was the train running behind?
  A: unknown

Most relevant retrieved answer:
orange

If the most relevant retrieved answer matches the image, output it directly.
Otherwise answer from the image.

Answer:",What color is the fence? || Where is the hydrant? || Why was the train running behind?,orange || sidewalk || unknown,"orange, sidewalk, unknown",orange,0.0,380
direct_evidence_override,133629000,133629,Is this a public place?,no|no|no,,0.0,"Question: Is this a public place?

Retrieved Q&A evidence:
- Q: What color is the chair?
  A: purple
- Q: What type of computer is on the desk?
  A: apple
- Q: Is there an iPhone on the table?
  A: yes

Most relevant retrieved answer:
purple

If the most relevant retrieved answer matches the image, output it directly.
Otherwise answer from the image.

Answer:",What color is the chair? || What type of computer is on the desk? || Is there an iPhone on the table?,purple || apple || yes,"purple, apple, yes",purple,0.0,361
direct_evidence_override,133629001,133629,What color is the desk?,brown|brown|brown,,0.0,"Question: What color is the desk?

Retrieved Q&A evidence:
- Q: What color is the chair?
  A: purple
- Q: What type of computer is on the desk?
  A: apple
- Q: Is there an iPhone on the table?
  A: yes

Most relevant retrieved answer:
purple

If the most relevant retrieved answer matches the image, output it directly.
Otherwise answer from the image.

Answer:",What color is the chair? || What type of computer is on the desk? || Is there an iPhone on the table?,purple || apple || yes,"purple, apple, yes",purple,0.3333,361
direct_evidence_override,133629002,133629,How many chairs have wheels?,1|1|1,,0.0,"Question: How many chairs have wheels?

Retrieved Q&A evidence:
- Q: What color is the chair?
  A: purple
- Q: What type of computer is on the desk?
  A: apple
- Q: Is there an iPhone on the table?
  A: yes

Most relevant retrieved answer:
purple

If the most relevant retrieved answer matches the image, output it directly.
Otherwise answer from the image.

Answer:",What color is the chair? || What type of computer is on the desk? || Is there an iPhone on the table?,purple || apple || yes,"purple, apple, yes",purple,0.0,366
direct_evidence_override,133629003,133629,Is this chair in the way of people who might walk through?,no|no|no,,0.0,"Question: Is this chair in the way of people who might walk through?

Retrieved Q&A evidence:
- Q: What color is the chair?
  A: purple
- Q: What type of computer is on the desk?
  A: apple
- Q: Is there an iPhone on the table?
  A: yes

Most relevant retrieved answer:
purple

If the most relevant retrieved answer matches the image, output it directly.
Otherwise answer from the image.

Answer:",What color is the chair? || What type of computer is on the desk? || Is there an iPhone on the table?,purple || apple || yes,"purple, apple, yes",purple,0.1429,396
direct_evidence_override,133629004,133629,Can these items be used to make food?,no|no|no,,0.0,"Question: Can these items be used to make food?

Retrieved Q&A evidence:
- Q: What color is the chair?
  A: purple
- Q: What type of computer is on the desk?
  A: apple
- Q: Is there an iPhone on the table?
  A: yes

Most relevant retrieved answer:
purple

If the most relevant retrieved answer matches the image, output it directly.
Otherwise answer from the image.

Answer:",What color is the chair? || What type of computer is on the desk? || Is there an iPhone on the table?,purple || apple || yes,"purple, apple, yes",purple,0.0,375
direct_evidence_override,133629005,133629,What do people do here?,work|work|office work,,0.0,"Question: What do people do here?

Retrieved Q&A evidence:
- Q: What color is the chair?
  A: purple
- Q: What type of computer is on the desk?
  A: apple
- Q: Is there an iPhone on the table?
  A: yes

Most relevant retrieved answer:
purple

If the most relevant retrieved answer matches the image, output it directly.
Otherwise answer from the image.

Answer:",What color is the chair? || What type of computer is on the desk? || Is there an iPhone on the table?,purple || apple || yes,"purple, apple, yes",purple,0.0,361
direct_evidence_override,133629006,133629,What color is the lampshade?,off white|white|white,,0.0,"Question: What color is the lampshade?

Retrieved Q&A evidence:
- Q: What color is the chair?
  A: purple
- Q: What type of computer is on the desk?
  A: apple
- Q: Is there an iPhone on the table?
  A: yes

Most relevant retrieved answer:
purple

If the most relevant retrieved answer matches the image, output it directly.
Otherwise answer from the image.

Answer:",What color is the chair? || What type of computer is on the desk? || Is there an iPhone on the table?,purple || apple || yes,"purple, apple, yes",purple,0.3333,366
direct_evidence_override,133629007,133629,What type of computer is on the desk?,mac|laptop|laptop,apple,0.6667,"Question: What type of computer is on the desk?

Retrieved Q&A evidence:
- Q: What color is the chair?
  A: purple
- Q: What type of computer is on the desk?
  A: apple
- Q: Is there an iPhone on the table?
  A: yes

Most relevant retrieved answer:
apple

If the most relevant retrieved answer matches the image, output it directly.
Otherwise answer from the image.

Answer:",What color is the chair? || What type of computer is on the desk? || Is there an iPhone on the table?,purple || apple || yes,"purple, apple, yes",apple,1.0,374
direct_evidence_override,133631000,133631,"Which is longer, the Elephant's tusks or the Elephant's trunk?",trunk|trunk|trunk,trunk is longer than the tusks,0.0,"Question: Which is longer, the Elephant's tusks or the Elephant's trunk?

Retrieved Q&A evidence:
- Q: How many elephants are there?
  A: 1
- Q: Are the elephants drinking water?
  A: no
- Q: Has the elephant relieved itself recently?
  A: yes

Most relevant retrieved answer:
yes

If the most relevant retrieved answer matches the image, output it directly.
Otherwise answer from the image.

Answer:",How many elephants are there? || Are the elephants drinking water? || Has the elephant relieved itself recently?,1 || no || yes,"1, no, yes",yes,0.1,400
direct_evidence_override,133631001,133631,Is it sunny out?,yes|yes|yes,1,0.0,"Question: Is it sunny out?

Retrieved Q&A evidence:
- Q: How many elephants are there?
  A: 1
- Q: Are the elephants drinking water?
  A: no
- Q: Has the elephant relieved itself recently?
  A: yes

Most relevant retrieved answer:
1

If the most relevant retrieved answer matches the image, output it directly.
Otherwise answer from the image.

Answer:",How many elephants are there? || Are the elephants drinking water? || Has the elephant relieved itself recently?,1 || no || yes,"1, no, yes",1,0.0,352
direct_evidence_override,133631002,133631,Does the elephant need water?,yes|yes|yes,no,0.3333,"Question: Does the elephant need water?

Retrieved Q&A evidence:
- Q: How many elephants are there?
  A: 1
- Q: Are the elephants drinking water?
  A: no
- Q: Has the elephant relieved itself recently?
  A: yes

Most relevant retrieved answer:
no

If the most relevant retrieved answer matches the image, output it directly.
Otherwise answer from the image.

Answer:",How many elephants are there? || Are the elephants drinking water? || Has the elephant relieved itself recently?,1 || no || yes,"1, no, yes",no,0.2,366
direct_evidence_override,2562000,2562,What is the color scheme of the photo?,"white|white and blue|white, blue",black,0.0,"Question: What is the color scheme of the photo?

Retrieved Q&A evidence:
- Q: What color is the woman's outfit?
  A: black
- Q: What sport is the man most likely playing?
  A: tennis
- Q: How many feet can be seen in this photo?
  A: 2

Most relevant retrieved answer:
black

If the most relevant retrieved answer matches the image, output it directly.
Otherwise answer from the image.

Answer:",What color is the woman's outfit? || What sport is the man most likely playing? || How many feet can be seen in this photo?,black || tennis || 2,"black, tennis, 2",black,0.1667,395
direct_evidence_override,2562001,2562,Are all the men tennis players?,yes|no|no,black,0.0,"Question: Are all the men tennis players?

Retrieved Q&A evidence:
- Q: What color is the woman's outfit?
  A: black
- Q: What sport is the man most likely playing?
  A: tennis
- Q: How many feet can be seen in this photo?
  A: 2

Most relevant retrieved answer:
black

If the most relevant retrieved answer matches the image, output it directly.
Otherwise answer from the image.

Answer:",What color is the woman's outfit? || What sport is the man most likely playing? || How many feet can be seen in this photo?,black || tennis || 2,"black, tennis, 2",black,0.0,388
direct_evidence_override,2562002,2562,Is the man wearing a wristband?,yes|yes|yes,,0.0,"Question: Is the man wearing a wristband?

Retrieved Q&A evidence:
- Q: What color is the woman's outfit?
  A: black
- Q: What sport is the man most likely playing?
  A: tennis
- Q: How many feet can be seen in this photo?
  A: 2

Most relevant retrieved answer:
tennis

If the most relevant retrieved answer matches the image, output it directly.
Otherwise answer from the image.

Answer:",What color is the woman's outfit? || What sport is the man most likely playing? || How many feet can be seen in this photo?,black || tennis || 2,"black, tennis, 2",tennis,0.1429,389
direct_evidence_override,2562003,2562,What two brands are shown advertised behind the tennis player?,olympus and wta|olympus and wta|wta and olympus,,0.0,"Question: What two brands are shown advertised behind the tennis player?

Retrieved Q&A evidence:
- Q: What color is the woman's outfit?
  A: black
- Q: What sport is the man most likely playing?
  A: tennis
- Q: How many feet can be seen in this photo?
  A: 2

Most relevant retrieved answer:
black

If the most relevant retrieved answer matches the image, output it directly.
Otherwise answer from the image.

Answer:",What color is the woman's outfit? || What sport is the man most likely playing? || How many feet can be seen in this photo?,black || tennis || 2,"black, tennis, 2",black,0.0,419
direct_evidence_override,2562004,2562,What sport is being played?,tennis|tennis|tennis,tennis,1.0,"Question: What sport is being played?

Retrieved Q&A evidence:
- Q: What color is the woman's outfit?
  A: black
- Q: What sport is the man most likely playing?
  A: tennis
- Q: How many feet can be seen in this photo?
  A: 2

Most relevant retrieved answer:
tennis

If the most relevant retrieved answer matches the image, output it directly.
Otherwise answer from the image.

Answer:",What color is the woman's outfit? || What sport is the man most likely playing? || How many feet can be seen in this photo?,black || tennis || 2,"black, tennis, 2",tennis,0.1429,385
direct_evidence_override,133636000,133636,What is the number on the left parking meter?,12|12|19,9-6 m-f,0.0,"Question: What is the number on the left parking meter?

Retrieved Q&A evidence:
- Q: What is this a picture of?
  A: parking meter
- Q: When is the meter enforced?
  A: 9-6 m-f
- Q: Does the meter work?
  A: yes

Most relevant retrieved answer:
9-6 m-f

If the most relevant retrieved answer matches the image, output it directly.
Otherwise answer from the image.

Answer:",What is this a picture of? || When is the meter enforced? || Does the meter work?,parking meter || 9-6 m-f || yes,"parking meter, 9-6 m-f, yes",9-6 m-f,0.2,373
direct_evidence_override,133636001,133636,How much time is left?,0 time|expired|0,parking meter,0.0,"Question: How much time is left?

Retrieved Q&A evidence:
- Q: What is this a picture of?
  A: parking meter
- Q: When is the meter enforced?
  A: 9-6 m-f
- Q: Does the meter work?
  A: yes

Most relevant retrieved answer:
parking meter

If the most relevant retrieved answer matches the image, output it directly.
Otherwise answer from the image.

Answer:",What is this a picture of? || When is the meter enforced? || Does the meter work?,parking meter || 9-6 m-f || yes,"parking meter, 9-6 m-f, yes",parking meter,0.0,356
direct_evidence_override,133636002,133636,What number is the parking meter on the right?,13|13|13,9-6 m-f,0.0,"Question: What number is the parking meter on the right?

Retrieved Q&A evidence:
- Q: What is this a picture of?
  A: parking meter
- Q: When is the meter enforced?
  A: 9-6 m-f
- Q: Does the meter work?
  A: yes

Most relevant retrieved answer:
9-6 m-f

If the most relevant retrieved answer matches the image, output it directly.
Otherwise answer from the image.

Answer:",What is this a picture of? || When is the meter enforced? || Does the meter work?,parking meter || 9-6 m-f || yes,"parking meter, 9-6 m-f, yes",9-6 m-f,0.2,374
direct_evidence_override,133636003,133636,Is there any cars on the street?,no|no|0,parking meter,0.0,"Question: Is there any cars on the street?

Retrieved Q&A evidence:
- Q: What is this a picture of?
  A: parking meter
- Q: When is the meter enforced?
  A: 9-6 m-f
- Q: Does the meter work?
  A: yes

Most relevant retrieved answer:
parking meter

If the most relevant retrieved answer matches the image, output it directly.
Otherwise answer from the image.

Answer:",What is this a picture of? || When is the meter enforced? || Does the meter work?,parking meter || 9-6 m-f || yes,"parking meter, 9-6 m-f, yes",parking meter,0.0,366
direct_evidence_override,133636004,133636,Are the meters rusted?,no|no|no,parking meter,0.0,"Question: Are the meters rusted?

Retrieved Q&A evidence:
- Q: What is this a picture of?
  A: parking meter
- Q: When is the meter enforced?
  A: 9-6 m-f
- Q: Does the meter work?
  A: yes

Most relevant retrieved answer:
parking meter

If the most relevant retrieved answer matches the image, output it directly.
Otherwise answer from the image.

Answer:",What is this a picture of? || When is the meter enforced? || Does the meter work?,parking meter || 9-6 m-f || yes,"parking meter, 9-6 m-f, yes",parking meter,0.0,356
direct_evidence_override,133636005,133636,Is there time remaining on the meter?,yes|yes|no,9-6 m-f,0.0,"Question: Is there time remaining on the meter?

Retrieved Q&A evidence:
- Q: What is this a picture of?
  A: parking meter
- Q: When is the meter enforced?
  A: 9-6 m-f
- Q: Does the meter work?
  A: yes

Most relevant retrieved answer:
9-6 m-f

If the most relevant retrieved answer matches the image, output it directly.
Otherwise answer from the image.

Answer:",What is this a picture of? || When is the meter enforced? || Does the meter work?,parking meter || 9-6 m-f || yes,"parking meter, 9-6 m-f, yes",9-6 m-f,0.25,365
direct_evidence_override,133636006,133636,How many meters are there?,2|2|2,parking meter,0.0,"Question: How many meters are there?

Retrieved Q&A evidence:
- Q: What is this a picture of?
  A: parking meter
- Q: When is the meter enforced?
  A: 9-6 m-f
- Q: Does the meter work?
  A: yes

Most relevant retrieved answer:
parking meter

If the most relevant retrieved answer matches the image, output it directly.
Otherwise answer from the image.

Answer:",What is this a picture of? || When is the meter enforced? || Does the meter work?,parking meter || 9-6 m-f || yes,"parking meter, 9-6 m-f, yes",parking meter,0.0,360
direct_evidence_override,133645000,133645,Is there someone on the bench?,no|no|no,blue,0.0,"Question: Is there someone on the bench?

Retrieved Q&A evidence:
- Q: What color is the two-story house?
  A: blue
- Q: What number of boats are in this harbor?
  A: 25
- Q: Where is word empty?
  A: boat

Most relevant retrieved answer:
blue

If the most relevant retrieved answer matches the image, output it directly.
Otherwise answer from the image.

Answer:",What color is the two-story house? || What number of boats are in this harbor? || Where is word empty?,blue || 25 || boat,"blue, 25, boat",blue,0.0,363
direct_evidence_override,133645001,133645,Are the street lights turned on?,yes|yes|yes,blue,0.0,"Question: Are the street lights turned on?

Retrieved Q&A evidence:
- Q: What color is the two-story house?
  A: blue
- Q: What number of boats are in this harbor?
  A: 25
- Q: Where is word empty?
  A: boat

Most relevant retrieved answer:
blue

If the most relevant retrieved answer matches the image, output it directly.
Otherwise answer from the image.

Answer:",What color is the two-story house? || What number of boats are in this harbor? || Where is word empty?,blue || 25 || boat,"blue, 25, boat",blue,0.0,365
direct_evidence_override,133645002,133645,Is the water clear?,no|yes|yes,blue,0.0,"Question: Is the water clear?

Retrieved Q&A evidence:
- Q: What color is the two-story house?
  A: blue
- Q: What number of boats are in this harbor?
  A: 25
- Q: Where is word empty?
  A: boat

Most relevant retrieved answer:
blue

If the most relevant retrieved answer matches the image, output it directly.
Otherwise answer from the image.

Answer:",What color is the two-story house? || What number of boats are in this harbor? || Where is word empty?,blue || 25 || boat,"blue, 25, boat",blue,0.0,352
direct_evidence_override,133645003,133645,What type of boat is in the water?,private|sailboat|pontoon,blue,0.0,"Question: What type of boat is in the water?

Retrieved Q&A evidence:
- Q: What color is the two-story house?
  A: blue
- Q: What number of boats are in this harbor?
  A: 25
- Q: Where is word empty?
  A: boat

Most relevant retrieved answer:
blue

If the most relevant retrieved answer matches the image, output it directly.
Otherwise answer from the image.

Answer:",What color is the two-story house? || What number of boats are in this harbor? || Where is word empty?,blue || 25 || boat,"blue, 25, boat",blue,0.0,367
direct_evidence_override,264718000,264718,How long is the parking on the street?,12 hours|2 hours|7 spots,,0.0,"Question: How long is the parking on the street?

Retrieved Q&A evidence:
- Q: What color is the curb below the stop sign?
  A: red
- Q: Is there a stop light?
  A: yes
- Q: What is on the picnic table?
  A: nothing

Most relevant retrieved answer:
red

If the most relevant retrieved answer matches the image, output it directly.
Otherwise answer from the image.

Answer:",What color is the curb below the stop sign? || Is there a stop light? || What is on the picnic table?,red || yes || nothing,"red, yes, nothing",red,0.0,372
direct_evidence_override,264718001,264718,Do you have to pay to park here?,yes|yes|yes,red,0.0,"Question: Do you have to pay to park here?

Retrieved Q&A evidence:
- Q: What color is the curb below the stop sign?
  A: red
- Q: Is there a stop light?
  A: yes
- Q: What is on the picnic table?
  A: nothing

Most relevant retrieved answer:
red

If the most relevant retrieved answer matches the image, output it directly.
Otherwise answer from the image.

Answer:",What color is the curb below the stop sign? || Is there a stop light? || What is on the picnic table?,red || yes || nothing,"red, yes, nothing",red,0.0,366
direct_evidence_override,264718002,264718,Which side of the sign is the road on?,right|left|right,,0.0,"Question: Which side of the sign is the road on?

Retrieved Q&A evidence:
- Q: What color is the curb below the stop sign?
  A: red
- Q: Is there a stop light?
  A: yes
- Q: What is on the picnic table?
  A: nothing

Most relevant retrieved answer:
red

If the most relevant retrieved answer matches the image, output it directly.
Otherwise answer from the image.

Answer:",What color is the curb below the stop sign? || Is there a stop light? || What is on the picnic table?,red || yes || nothing,"red, yes, nothing",red,0.125,372
direct_evidence_override,264718003,264718,What does the sign read?,2 hour parking 8am to 8pm|parking|2 hour parking 8am-8pm,red,0.0,"Question: What does the sign read?

Retrieved Q&A evidence:
- Q: What color is the curb below the stop sign?
  A: red
- Q: Is there a stop light?
  A: yes
- Q: What is on the picnic table?
  A: nothing

Most relevant retrieved answer:
red

If the most relevant retrieved answer matches the image, output it directly.
Otherwise answer from the image.

Answer:",What color is the curb below the stop sign? || Is there a stop light? || What is on the picnic table?,red || yes || nothing,"red, yes, nothing",red,0.1667,358
direct_evidence_override,264718004,264718,What does the sign say?,parking|2 hour parking|2 hour parking,,0.0,"Question: What does the sign say?

Retrieved Q&A evidence:
- Q: What color is the curb below the stop sign?
  A: red
- Q: Is there a stop light?
  A: yes
- Q: What is on the picnic table?
  A: nothing

Most relevant retrieved answer:
red

If the most relevant retrieved answer matches the image, output it directly.
Otherwise answer from the image.

Answer:",What color is the curb below the stop sign? || Is there a stop light? || What is on the picnic table?,red || yes || nothing,"red, yes, nothing",red,0.1667,357
direct_evidence_override,264718005,264718,What phone number is on the sign?,0|n/a|0,red,0.0,"Question: What phone number is on the sign?

Retrieved Q&A evidence:
- Q: What color is the curb below the stop sign?
  A: red
- Q: Is there a stop light?
  A: yes
- Q: What is on the picnic table?
  A: nothing

Most relevant retrieved answer:
red

If the most relevant retrieved answer matches the image, output it directly.
Otherwise answer from the image.

Answer:",What color is the curb below the stop sign? || Is there a stop light? || What is on the picnic table?,red || yes || nothing,"red, yes, nothing",red,0.1429,367
direct_evidence_override,264718006,264718,What modes of transportation are in the picture?,cars|car|car,red,0.0,"Question: What modes of transportation are in the picture?

Retrieved Q&A evidence:
- Q: What color is the curb below the stop sign?
  A: red
- Q: Is there a stop light?
  A: yes
- Q: What is on the picnic table?
  A: nothing

Most relevant retrieved answer:
red

If the most relevant retrieved answer matches the image, output it directly.
Otherwise answer from the image.

Answer:",What color is the curb below the stop sign? || Is there a stop light? || What is on the picnic table?,red || yes || nothing,"red, yes, nothing",red,0.0,382
direct_evidence_override,264718007,264718,What sign is to the right of the photo?,2 hour parking|parking|2 hour parking,red,0.0,"Question: What sign is to the right of the photo?

Retrieved Q&A evidence:
- Q: What color is the curb below the stop sign?
  A: red
- Q: Is there a stop light?
  A: yes
- Q: What is on the picnic table?
  A: nothing

Most relevant retrieved answer:
red

If the most relevant retrieved answer matches the image, output it directly.
Otherwise answer from the image.

Answer:",What color is the curb below the stop sign? || Is there a stop light? || What is on the picnic table?,red || yes || nothing,"red, yes, nothing",red,0.1429,373
direct_evidence_override,133648000,133648,Is the bat blue?,yes|yes|yes,5,0.0,"Question: Is the bat blue?

Retrieved Q&A evidence:
- Q: How many people are in this picture?
  A: 5
- Q: What sport are they playing?
  A: baseball
- Q: How many players are in the field?
  A: 6

Most relevant retrieved answer:
5

If the most relevant retrieved answer matches the image, output it directly.
Otherwise answer from the image.

Answer:",How many people are in this picture? || What sport are they playing? || How many players are in the field?,5 || baseball || 6,"5, baseball, 6",5,0.0,350
direct_evidence_override,133648001,133648,Is the photo colored?,yes|yes|yes,5,0.0,"Question: Is the photo colored?

Retrieved Q&A evidence:
- Q: How many people are in this picture?
  A: 5
- Q: What sport are they playing?
  A: baseball
- Q: How many players are in the field?
  A: 6

Most relevant retrieved answer:
5

If the most relevant retrieved answer matches the image, output it directly.
Otherwise answer from the image.

Answer:",How many people are in this picture? || What sport are they playing? || How many players are in the field?,5 || baseball || 6,"5, baseball, 6",5,0.0,355
direct_evidence_override,133648002,133648,What color is the home plate umpire's shirt?,white|black|black,,0.0,"Question: What color is the home plate umpire's shirt?

Retrieved Q&A evidence:
- Q: How many people are in this picture?
  A: 5
- Q: What sport are they playing?
  A: baseball
- Q: How many players are in the field?
  A: 6

Most relevant retrieved answer:
5

If the most relevant retrieved answer matches the image, output it directly.
Otherwise answer from the image.

Answer:",How many people are in this picture? || What sport are they playing? || How many players are in the field?,5 || baseball || 6,"5, baseball, 6",5,0.0,378
direct_evidence_override,133648003,133648,Which game are they playing?,baseball|baseball|baseball,baseball,1.0,"Question: Which game are they playing?

Retrieved Q&A evidence:
- Q: How many people are in this picture?
  A: 5
- Q: What sport are they playing?
  A: baseball
- Q: How many players are in the field?
  A: 6

Most relevant retrieved answer:
baseball

If the most relevant retrieved answer matches the image, output it directly.
Otherwise answer from the image.

Answer:",How many people are in this picture? || What sport are they playing? || How many players are in the field?,5 || baseball || 6,"5, baseball, 6",baseball,0.4,369
direct_evidence_override,459182000,459182,What are they carrying?,surfboards|surfboards|surfboards,,0.0,"Question: What are they carrying?

Retrieved Q&A evidence:
- Q: Are there any plants?
  A: no
- Q: Where do you play this sport?
  A: ocean
- Q: What are the people caring in their arms?
  A: surfboards

Most relevant retrieved answer:
no

If the most relevant retrieved answer matches the image, output it directly.
Otherwise answer from the image.

Answer:",Are there any plants? || Where do you play this sport? || What are the people caring in their arms?,no || ocean || surfboards,"no, ocean, surfboards",no,0.0,358
direct_evidence_override,459182001,459182,What is in the foreground?,rocks|rocks|rocks,,0.0,"Question: What is in the foreground?

Retrieved Q&A evidence:
- Q: Are there any plants?
  A: no
- Q: Where do you play this sport?
  A: ocean
- Q: What are the people caring in their arms?
  A: surfboards

Most relevant retrieved answer:
no

If the most relevant retrieved answer matches the image, output it directly.
Otherwise answer from the image.

Answer:",Are there any plants? || Where do you play this sport? || What are the people caring in their arms?,no || ocean || surfboards,"no, ocean, surfboards",no,0.0,361
direct_evidence_override,459182002,459182,How many people are there?,2|2|2,surfboards,0.0,"Question: How many people are there?

Retrieved Q&A evidence:
- Q: Are there any plants?
  A: no
- Q: Where do you play this sport?
  A: ocean
- Q: What are the people caring in their arms?
  A: surfboards

Most relevant retrieved answer:
surfboards

If the most relevant retrieved answer matches the image, output it directly.
Otherwise answer from the image.

Answer:",Are there any plants? || Where do you play this sport? || What are the people caring in their arms?,no || ocean || surfboards,"no, ocean, surfboards",surfboards,0.2,369
direct_evidence_override,395801000,395801,Is it morning or evening?,evening|morning|morning,white,0.0,"Question: Is it morning or evening?

Retrieved Q&A evidence:
- Q: What color is the front of the store on the left?
  A: white
- Q: Is the road having work done?
  A: no
- Q: How many bus cars can you see?
  A: 1

Most relevant retrieved answer:
white

If the most relevant retrieved answer matches the image, output it directly.
Otherwise answer from the image.

Answer:",What color is the front of the store on the left? || Is the road having work done? || How many bus cars can you see?,white || no || 1,"white, no, 1",white,0.0,371
direct_evidence_override,395801001,395801,How much does parking in the lot cost?,nothing|free|free,white,0.0,"Question: How much does parking in the lot cost?

Retrieved Q&A evidence:
- Q: What color is the front of the store on the left?
  A: white
- Q: Is the road having work done?
  A: no
- Q: How many bus cars can you see?
  A: 1

Most relevant retrieved answer:
white

If the most relevant retrieved answer matches the image, output it directly.
Otherwise answer from the image.

Answer:",What color is the front of the store on the left? || Is the road having work done? || How many bus cars can you see?,white || no || 1,"white, no, 1",white,0.0,384
direct_evidence_override,395801002,395801,What is on the road?,car|car|cars,,0.0,"Question: What is on the road?

Retrieved Q&A evidence:
- Q: What color is the front of the store on the left?
  A: white
- Q: Is the road having work done?
  A: no
- Q: How many bus cars can you see?
  A: 1

Most relevant retrieved answer:
no

If the most relevant retrieved answer matches the image, output it directly.
Otherwise answer from the image.

Answer:",What color is the front of the store on the left? || Is the road having work done? || How many bus cars can you see?,white || no || 1,"white, no, 1",no,0.25,363
direct_evidence_override,395801003,395801,How many people are in the picture?,7|7|11,1,0.0,"Question: How many people are in the picture?

Retrieved Q&A evidence:
- Q: What color is the front of the store on the left?
  A: white
- Q: Is the road having work done?
  A: no
- Q: How many bus cars can you see?
  A: 1

Most relevant retrieved answer:
1

If the most relevant retrieved answer matches the image, output it directly.
Otherwise answer from the image.

Answer:",What color is the front of the store on the left? || Is the road having work done? || How many bus cars can you see?,white || no || 1,"white, no, 1",1,0.1429,377
direct_evidence_override,395801004,395801,Do the people know each other?,no|no|no,white,0.0,"Question: Do the people know each other?

Retrieved Q&A evidence:
- Q: What color is the front of the store on the left?
  A: white
- Q: Is the road having work done?
  A: no
- Q: How many bus cars can you see?
  A: 1

Most relevant retrieved answer:
white

If the most relevant retrieved answer matches the image, output it directly.
Otherwise answer from the image.

Answer:",What color is the front of the store on the left? || Is the road having work done? || How many bus cars can you see?,white || no || 1,"white, no, 1",white,0.0,376
direct_evidence_override,395801005,395801,How could you carry things if you were riding this bike?,there is no bike|on my back|backpack,,0.0,"Question: How could you carry things if you were riding this bike?

Retrieved Q&A evidence:
- Q: What color is the front of the store on the left?
  A: white
- Q: Is the road having work done?
  A: no
- Q: How many bus cars can you see?
  A: 1

Most relevant retrieved answer:
1

If the most relevant retrieved answer matches the image, output it directly.
Otherwise answer from the image.

Answer:",What color is the front of the store on the left? || Is the road having work done? || How many bus cars can you see?,white || no || 1,"white, no, 1",1,0.1,398
direct_evidence_override,395801006,395801,How many people are in this scene?,25|15|9,1,0.0,"Question: How many people are in this scene?

Retrieved Q&A evidence:
- Q: What color is the front of the store on the left?
  A: white
- Q: Is the road having work done?
  A: no
- Q: How many bus cars can you see?
  A: 1

Most relevant retrieved answer:
1

If the most relevant retrieved answer matches the image, output it directly.
Otherwise answer from the image.

Answer:",What color is the front of the store on the left? || Is the road having work done? || How many bus cars can you see?,white || no || 1,"white, no, 1",1,0.1429,376
direct_evidence_override,395801007,395801,What time is it?,6:00|6:00|12:30,white,0.0,"Question: What time is it?

Retrieved Q&A evidence:
- Q: What color is the front of the store on the left?
  A: white
- Q: Is the road having work done?
  A: no
- Q: How many bus cars can you see?
  A: 1

Most relevant retrieved answer:
white

If the most relevant retrieved answer matches the image, output it directly.
Otherwise answer from the image.

Answer:",What color is the front of the store on the left? || Is the road having work done? || How many bus cars can you see?,white || no || 1,"white, no, 1",white,0.0,362
direct_evidence_override,264730000,264730,How many arches are under the clock?,2|2|2,3,0.0,"Question: How many arches are under the clock?

Retrieved Q&A evidence:
- Q: What kind of numbers are on this clock?
  A: roman
- Q: How many bells?
  A: 3
- Q: Is there a painting over the arch?
  A: yes

Most relevant retrieved answer:
3

If the most relevant retrieved answer matches the image, output it directly.
Otherwise answer from the image.

Answer:",What kind of numbers are on this clock? || How many bells? || Is there a painting over the arch?,roman || 3 || yes,"roman, 3, yes",3,0.2,359
direct_evidence_override,264730001,264730,What time is it?,10:50|10:49|8:45,roman,0.0,"Question: What time is it?

Retrieved Q&A evidence:
- Q: What kind of numbers are on this clock?
  A: roman
- Q: How many bells?
  A: 3
- Q: Is there a painting over the arch?
  A: yes

Most relevant retrieved answer:
roman

If the most relevant retrieved answer matches the image, output it directly.
Otherwise answer from the image.

Answer:",What kind of numbers are on this clock? || How many bells? || Is there a painting over the arch?,roman || 3 || yes,"roman, 3, yes",roman,0.0,343
direct_evidence_override,264730002,264730,Is a daytime or nighttime scene depicted?,nighttime|nighttime|night,Roman,0.0,"Question: Is a daytime or nighttime scene depicted?

Retrieved Q&A evidence:
- Q: What kind of numbers are on this clock?
  A: roman
- Q: How many bells?
  A: 3
- Q: Is there a painting over the arch?
  A: yes

Most relevant retrieved answer:
roman

If the most relevant retrieved answer matches the image, output it directly.
Otherwise answer from the image.

Answer:",What kind of numbers are on this clock? || How many bells? || Is there a painting over the arch?,roman || 3 || yes,"roman, 3, yes",roman,0.0,368
direct_evidence_override,264730003,264730,What kind of numbers are on the clock?,roman numerals|roman|roman numerals,roman,1.0,"Question: What kind of numbers are on the clock?

Retrieved Q&A evidence:
- Q: What kind of numbers are on this clock?
  A: roman
- Q: How many bells?
  A: 3
- Q: Is there a painting over the arch?
  A: yes

Most relevant retrieved answer:
roman

If the most relevant retrieved answer matches the image, output it directly.
Otherwise answer from the image.

Answer:",What kind of numbers are on this clock? || How many bells? || Is there a painting over the arch?,roman || 3 || yes,"roman, 3, yes",roman,1.0,365
direct_evidence_override,2587000,2587,Which food contains the most potassium?,banana|banana|banana,no,0.0,"Question: Which food contains the most potassium?

Retrieved Q&A evidence:
- Q: Is the donut filled?
  A: no
- Q: What's the name of the largest pastry?
  A: donut
- Q: How many bananas are pictured?
  A: 2

Most relevant retrieved answer:
no

If the most relevant retrieved answer matches the image, output it directly.
Otherwise answer from the image.

Answer:",Is the donut filled? || What's the name of the largest pastry? || How many bananas are pictured?,no || donut || 2,"no, donut, 2",no,0.0,362
direct_evidence_override,2587001,2587,What is not healthy in the baggie?,donut|doughnut|donut,no,0.0,"Question: What is not healthy in the baggie?

Retrieved Q&A evidence:
- Q: Is the donut filled?
  A: no
- Q: What's the name of the largest pastry?
  A: donut
- Q: How many bananas are pictured?
  A: 2

Most relevant retrieved answer:
no

If the most relevant retrieved answer matches the image, output it directly.
Otherwise answer from the image.

Answer:",Is the donut filled? || What's the name of the largest pastry? || How many bananas are pictured?,no || donut || 2,"no, donut, 2",no,0.0,357
